user_id,F,last_buy,M_proxy,R,分层
100,8,2017-11-28,8,5,高频多品类用户
117,10,2017-11-28,5,5,高频多品类用户
119,3,2017-11-29,3,4,高频多品类用户
121,1,2017-11-25,1,8,低频沉睡用户
122,2,2017-12-02,2,1,稳定复购用户
165,1,2017-11-25,1,8,低频沉睡用户
178,2,2017-12-01,2,2,稳定复购用户
179,1,2017-11-27,1,6,低频沉睡用户
190,7,2017-12-02,7,1,高频多品类用户
192,13,2017-12-03,12,0,高频多品类用户
209,3,2017-12-02,3,1,高频多品类用户
210,2,2017-12-03,2,0,稳定复购用户
1035,1,2017-11-28,1,5,低频沉睡用户
1044,1,2017-11-29,1,4,低频沉睡用户
1072,3,2017-12-03,2,0,高频多品类用户
1080,1,2017-11-26,1,7,低频沉睡用户
1083,3,2017-12-03,3,0,高频多品类用户
1095,1,2017-12-02,1,1,新购买用户
1098,1,2017-12-02,1,1,新购买用户
1105,4,2017-11-26,4,7,高频多品类用户
1114,4,2017-12-02,4,1,高频多品类用户
1119,8,2017-12-03,8,0,高频多品类用户
1120,3,2017-11-28,3,5,高频多品类用户
1124,4,2017-12-03,4,0,高频多品类用户
1131,4,2017-12-02,4,1,高频多品类用户
1133,2,2017-12-02,2,1,稳定复购用户
1143,1,2017-12-01,1,2,低频沉睡用户
1144,2,2017-11-28,2,5,稳定复购用户
1146,1,2017-11-29,1,4,低频沉睡用户
1149,7,2017-12-03,6,0,高频多品类用户
1156,10,2017-12-03,7,0,高频多品类用户
1158,2,2017-12-03,2,0,稳定复购用户
1159,1,2017-11-25,1,8,低频沉睡用户
1167,1,2017-11-25,1,8,低频沉睡用户
1169,1,2017-11-28,1,5,低频沉睡用户
1182,2,2017-12-03,2,0,稳定复购用户
1189,2,2017-12-03,2,0,稳定复购用户
1192,9,2017-12-02,8,1,高频多品类用户
1203,1,2017-11-26,1,7,低频沉睡用户
1212,6,2017-12-03,5,0,高频多品类用户
1234,12,2017-11-27,6,6,高频多品类用户
1241,1,2017-11-28,1,5,低频沉睡用户
1242,1,2017-11-28,1,5,低频沉睡用户
1244,1,2017-11-29,1,4,低频沉睡用户
1246,2,2017-11-30,2,3,稳定复购用户
1249,26,2017-12-01,23,2,高频多品类用户
1253,2,2017-12-01,1,2,稳定复购用户
1274,2,2017-11-29,2,4,稳定复购用户
1275,1,2017-11-25,1,8,低频沉睡用户
1281,3,2017-12-02,1,1,稳定复购用户
1288,2,2017-12-03,2,0,稳定复购用户
1294,1,2017-11-29,1,4,低频沉睡用户
1295,1,2017-11-28,1,5,低频沉睡用户
1304,6,2017-12-02,5,1,高频多品类用户
1330,2,2017-12-01,2,2,稳定复购用户
1335,10,2017-12-02,8,1,高频多品类用户
1340,3,2017-12-03,3,0,高频多品类用户
1349,2,2017-12-01,2,2,稳定复购用户
1351,4,2017-11-30,3,3,高频多品类用户
1353,1,2017-11-27,1,6,低频沉睡用户
1366,2,2017-12-03,2,0,稳定复购用户
1370,1,2017-11-27,1,6,低频沉睡用户
1373,4,2017-12-03,4,0,高频多品类用户
1381,1,2017-11-25,1,8,低频沉睡用户
1387,3,2017-11-30,3,3,高频多品类用户
1393,2,2017-12-01,2,2,稳定复购用户
1411,2,2017-12-02,2,1,稳定复购用户
1415,3,2017-12-02,2,1,高频多品类用户
1416,5,2017-12-01,4,2,高频多品类用户
1421,6,2017-12-02,5,1,高频多品类用户
1437,1,2017-12-03,1,0,新购买用户
1438,2,2017-11-27,2,6,稳定复购用户
1447,2,2017-12-02,2,1,稳定复购用户
1449,2,2017-12-02,2,1,稳定复购用户
1454,3,2017-11-29,3,4,高频多品类用户
1463,2,2017-11-27,2,6,稳定复购用户
1468,1,2017-11-27,1,6,低频沉睡用户
1472,4,2017-12-03,4,0,高频多品类用户
1474,5,2017-12-02,5,1,高频多品类用户
1483,1,2017-11-25,1,8,低频沉睡用户
1491,1,2017-11-28,1,5,低频沉睡用户
1522,1,2017-12-03,1,0,新购买用户
1524,1,2017-11-26,1,7,低频沉睡用户
1529,3,2017-12-01,2,2,高频多品类用户
1532,1,2017-12-02,1,1,新购买用户
1535,2,2017-11-26,2,7,稳定复购用户
1550,2,2017-12-01,2,2,稳定复购用户
1551,2,2017-12-03,2,0,稳定复购用户
1559,1,2017-11-25,1,8,低频沉睡用户
1561,3,2017-12-01,3,2,高频多品类用户
1563,1,2017-11-28,1,5,低频沉睡用户
1570,2,2017-11-29,2,4,稳定复购用户
1606,1,2017-11-25,1,8,低频沉睡用户
1642,2,2017-11-27,2,6,稳定复购用户
1645,4,2017-12-03,4,0,高频多品类用户
1652,1,2017-11-30,1,3,低频沉睡用户
1664,2,2017-12-02,2,1,稳定复购用户
1673,3,2017-12-01,3,2,高频多品类用户
1676,1,2017-11-29,1,4,低频沉睡用户
1679,2,2017-11-28,2,5,稳定复购用户
1682,2,2017-12-02,2,1,稳定复购用户
1689,3,2017-12-02,2,1,高频多品类用户
1698,2,2017-11-27,2,6,稳定复购用户
1707,2,2017-11-30,2,3,稳定复购用户
1713,2,2017-12-01,2,2,稳定复购用户
1715,1,2017-11-25,1,8,低频沉睡用户
1721,3,2017-12-02,2,1,高频多品类用户
1731,1,2017-11-25,1,8,低频沉睡用户
1733,1,2017-11-30,1,3,低频沉睡用户
1735,1,2017-11-27,1,6,低频沉睡用户
1748,1,2017-11-27,1,6,低频沉睡用户
1766,10,2017-12-03,9,0,高频多品类用户
1775,2,2017-12-02,2,1,稳定复购用户
1794,1,2017-11-30,1,3,低频沉睡用户
1797,1,2017-11-27,1,6,低频沉睡用户
1813,3,2017-12-02,2,1,高频多品类用户
1817,1,2017-12-03,1,0,新购买用户
1827,1,2017-11-27,1,6,低频沉睡用户
1828,3,2017-12-02,3,1,高频多品类用户
1833,10,2017-12-03,8,0,高频多品类用户
1854,2,2017-12-03,2,0,稳定复购用户
1857,1,2017-11-27,1,6,低频沉睡用户
1874,9,2017-12-03,9,0,高频多品类用户
1880,2,2017-12-01,2,2,稳定复购用户
1898,7,2017-12-03,6,0,高频多品类用户
1906,3,2017-12-02,3,1,高频多品类用户
1927,2,2017-12-03,2,0,稳定复购用户
1931,2,2017-11-30,2,3,稳定复购用户
1943,2,2017-11-26,1,7,稳定复购用户
1951,3,2017-12-02,2,1,高频多品类用户
1974,1,2017-11-28,1,5,低频沉睡用户
1977,8,2017-12-01,6,2,高频多品类用户
1980,2,2017-12-01,1,2,稳定复购用户
1982,8,2017-12-03,7,0,高频多品类用户
1997,2,2017-12-02,2,1,稳定复购用户
2004,3,2017-12-02,3,1,高频多品类用户
2005,10,2017-12-01,5,2,高频多品类用户
2007,1,2017-12-03,1,0,新购买用户
2008,3,2017-12-02,3,1,高频多品类用户
2030,2,2017-11-29,1,4,稳定复购用户
2037,4,2017-11-29,2,4,高频多品类用户
2039,1,2017-11-26,1,7,低频沉睡用户
2050,3,2017-11-29,2,4,高频多品类用户
2064,1,2017-12-01,1,2,低频沉睡用户
2104,2,2017-12-02,2,1,稳定复购用户
2105,4,2017-12-03,4,0,高频多品类用户
2110,4,2017-12-02,4,1,高频多品类用户
2119,3,2017-12-02,3,1,高频多品类用户
2127,2,2017-12-02,2,1,稳定复购用户
2142,2,2017-11-27,2,6,稳定复购用户
2145,1,2017-12-02,1,1,新购买用户
2151,3,2017-11-26,2,7,高频多品类用户
2167,8,2017-12-02,7,1,高频多品类用户
2169,2,2017-12-03,2,0,稳定复购用户
10008,3,2017-12-02,3,1,高频多品类用户
10009,10,2017-12-03,9,0,高频多品类用户
10020,1,2017-11-27,1,6,低频沉睡用户
10021,1,2017-12-01,1,2,低频沉睡用户
10024,6,2017-12-02,6,1,高频多品类用户
10027,3,2017-12-01,3,2,高频多品类用户
10034,4,2017-12-03,4,0,高频多品类用户
10035,4,2017-11-27,3,6,高频多品类用户
10044,2,2017-11-28,2,5,稳定复购用户
10045,1,2017-12-01,1,2,低频沉睡用户
10049,1,2017-12-03,1,0,新购买用户
10053,1,2017-11-29,1,4,低频沉睡用户
10057,5,2017-12-01,4,2,高频多品类用户
10075,2,2017-11-29,2,4,稳定复购用户
10078,1,2017-12-02,1,1,新购买用户
10086,2,2017-11-29,1,4,稳定复购用户
10092,1,2017-11-27,1,6,低频沉睡用户
10096,1,2017-11-27,1,6,低频沉睡用户
10111,1,2017-11-28,1,5,低频沉睡用户
10114,3,2017-11-30,3,3,高频多品类用户
10128,1,2017-11-25,1,8,低频沉睡用户
10135,1,2017-12-02,1,1,新购买用户
10139,1,2017-11-29,1,4,低频沉睡用户
10146,2,2017-12-02,2,1,稳定复购用户
10150,1,2017-12-02,1,1,新购买用户
10154,1,2017-11-25,1,8,低频沉睡用户
10156,1,2017-12-02,1,1,新购买用户
10169,3,2017-11-27,3,6,高频多品类用户
10170,7,2017-12-01,5,2,高频多品类用户
10179,3,2017-12-01,3,2,高频多品类用户
10199,2,2017-11-30,2,3,稳定复购用户
10206,1,2017-12-02,1,1,新购买用户
10218,3,2017-12-03,3,0,高频多品类用户
10226,2,2017-12-03,2,0,稳定复购用户
10230,3,2017-12-02,3,1,高频多品类用户
10234,1,2017-12-02,1,1,新购买用户
10236,7,2017-11-29,6,4,高频多品类用户
10240,2,2017-12-01,2,2,稳定复购用户
10246,1,2017-12-02,1,1,新购买用户
10257,2,2017-12-02,2,1,稳定复购用户
10263,3,2017-11-29,3,4,高频多品类用户
10265,4,2017-12-03,4,0,高频多品类用户
10267,6,2017-12-03,4,0,高频多品类用户
10279,1,2017-12-03,1,0,新购买用户
10290,4,2017-12-03,4,0,高频多品类用户
10295,4,2017-12-01,4,2,高频多品类用户
10296,2,2017-12-03,2,0,稳定复购用户
10297,3,2017-12-02,3,1,高频多品类用户
10299,3,2017-12-02,3,1,高频多品类用户
10301,5,2017-12-02,3,1,高频多品类用户
10306,1,2017-11-26,1,7,低频沉睡用户
10311,2,2017-11-30,2,3,稳定复购用户
10315,1,2017-11-27,1,6,低频沉睡用户
10321,3,2017-12-02,3,1,高频多品类用户
10330,1,2017-11-30,1,3,低频沉睡用户
10343,1,2017-12-02,1,1,新购买用户
10363,6,2017-12-01,6,2,高频多品类用户
10365,8,2017-12-01,8,2,高频多品类用户
10368,1,2017-12-03,1,0,新购买用户
10371,1,2017-11-28,1,5,低频沉睡用户
10386,2,2017-11-28,2,5,稳定复购用户
10388,3,2017-11-27,3,6,高频多品类用户
10395,5,2017-12-02,4,1,高频多品类用户
10396,4,2017-12-02,3,1,高频多品类用户
10404,4,2017-12-02,4,1,高频多品类用户
10407,5,2017-12-03,5,0,高频多品类用户
10422,1,2017-11-26,1,7,低频沉睡用户
10435,2,2017-12-01,2,2,稳定复购用户
10449,4,2017-12-03,2,0,高频多品类用户
10452,3,2017-11-26,1,7,稳定复购用户
10458,2,2017-12-01,2,2,稳定复购用户
10464,1,2017-11-27,1,6,低频沉睡用户
10465,2,2017-12-02,2,1,稳定复购用户
10469,11,2017-11-28,9,5,高频多品类用户
10476,6,2017-12-03,5,0,高频多品类用户
10485,1,2017-12-02,1,1,新购买用户
10487,2,2017-11-29,2,4,稳定复购用户
10490,4,2017-12-02,4,1,高频多品类用户
10502,5,2017-12-01,5,2,高频多品类用户
10512,3,2017-12-03,3,0,高频多品类用户
10514,1,2017-11-29,1,4,低频沉睡用户
10515,3,2017-12-03,1,0,稳定复购用户
10517,1,2017-12-01,1,2,低频沉睡用户
10519,4,2017-12-02,4,1,高频多品类用户
10524,1,2017-11-28,1,5,低频沉睡用户
10526,2,2017-12-03,2,0,稳定复购用户
10527,1,2017-12-03,1,0,新购买用户
10529,1,2017-11-29,1,4,低频沉睡用户
10542,1,2017-12-02,1,1,新购买用户
10552,3,2017-12-03,3,0,高频多品类用户
10571,1,2017-12-02,1,1,新购买用户
10593,1,2017-12-03,1,0,新购买用户
10608,6,2017-12-03,6,0,高频多品类用户
10615,1,2017-11-30,1,3,低频沉睡用户
10618,4,2017-12-02,1,1,稳定复购用户
10622,4,2017-11-30,4,3,高频多品类用户
10628,2,2017-12-03,2,0,稳定复购用户
10629,2,2017-11-27,2,6,稳定复购用户
10630,2,2017-11-30,1,3,稳定复购用户
10642,1,2017-11-30,1,3,低频沉睡用户
10645,1,2017-12-02,1,1,新购买用户
10656,2,2017-12-03,1,0,稳定复购用户
10667,1,2017-11-30,1,3,低频沉睡用户
10668,7,2017-12-03,6,0,高频多品类用户
10669,2,2017-11-28,2,5,稳定复购用户
10671,1,2017-11-27,1,6,低频沉睡用户
10676,1,2017-11-28,1,5,低频沉睡用户
10680,2,2017-12-02,2,1,稳定复购用户
10681,12,2017-11-26,11,7,高频多品类用户
10683,4,2017-12-03,4,0,高频多品类用户
10686,1,2017-11-27,1,6,低频沉睡用户
10694,7,2017-12-03,4,0,高频多品类用户
10695,1,2017-12-02,1,1,新购买用户
10705,1,2017-11-30,1,3,低频沉睡用户
10727,1,2017-11-27,1,6,低频沉睡用户
10752,2,2017-11-29,2,4,稳定复购用户
10755,1,2017-11-26,1,7,低频沉睡用户
10757,4,2017-12-03,3,0,高频多品类用户
10769,3,2017-12-01,3,2,高频多品类用户
10772,5,2017-12-03,4,0,高频多品类用户
10776,7,2017-12-03,7,0,高频多品类用户
10777,1,2017-11-28,1,5,低频沉睡用户
10779,3,2017-12-03,2,0,高频多品类用户
10790,1,2017-11-30,1,3,低频沉睡用户
10802,4,2017-12-02,3,1,高频多品类用户
10806,2,2017-11-27,1,6,稳定复购用户
10808,3,2017-12-03,2,0,高频多品类用户
10809,1,2017-12-01,1,2,低频沉睡用户
10810,2,2017-12-01,2,2,稳定复购用户
10836,2,2017-11-29,2,4,稳定复购用户
10843,1,2017-11-30,1,3,低频沉睡用户
10849,3,2017-11-30,3,3,高频多品类用户
10851,2,2017-12-02,2,1,稳定复购用户
10858,6,2017-11-30,4,3,高频多品类用户
10871,4,2017-12-01,3,2,高频多品类用户
10876,1,2017-11-28,1,5,低频沉睡用户
10877,10,2017-11-29,10,4,高频多品类用户
10882,1,2017-11-30,1,3,低频沉睡用户
10888,3,2017-11-28,3,5,高频多品类用户
10895,1,2017-11-25,1,8,低频沉睡用户
10899,14,2017-12-03,4,0,高频多品类用户
10905,2,2017-12-02,2,1,稳定复购用户
10923,1,2017-12-03,1,0,新购买用户
10926,6,2017-12-01,6,2,高频多品类用户
10935,1,2017-11-29,1,4,低频沉睡用户
10960,3,2017-11-30,3,3,高频多品类用户
10968,5,2017-12-02,4,1,高频多品类用户
10969,2,2017-12-02,2,1,稳定复购用户
10983,1,2017-11-29,1,4,低频沉睡用户
10984,5,2017-12-03,5,0,高频多品类用户
10996,4,2017-11-28,4,5,高频多品类用户
11016,4,2017-11-30,1,3,稳定复购用户
11019,1,2017-11-27,1,6,低频沉睡用户
11045,6,2017-12-02,6,1,高频多品类用户
11058,2,2017-11-27,2,6,稳定复购用户
11079,4,2017-12-03,3,0,高频多品类用户
11096,2,2017-11-29,2,4,稳定复购用户
11097,3,2017-11-27,2,6,高频多品类用户
11099,6,2017-12-02,6,1,高频多品类用户
11126,1,2017-12-03,1,0,新购买用户
11140,1,2017-12-02,1,1,新购买用户
11141,9,2017-12-02,5,1,高频多品类用户
11145,5,2017-11-30,2,3,高频多品类用户
11158,2,2017-11-27,2,6,稳定复购用户
11159,4,2017-12-01,3,2,高频多品类用户
11162,4,2017-12-03,3,0,高频多品类用户
11179,3,2017-12-03,3,0,高频多品类用户
11189,2,2017-12-02,2,1,稳定复购用户
11190,7,2017-12-03,5,0,高频多品类用户
11194,4,2017-12-01,3,2,高频多品类用户
11202,2,2017-12-02,2,1,稳定复购用户
11209,1,2017-12-02,1,1,新购买用户
11215,1,2017-12-01,1,2,低频沉睡用户
11222,2,2017-11-26,2,7,稳定复购用户
11225,1,2017-11-30,1,3,低频沉睡用户
11226,8,2017-12-03,6,0,高频多品类用户
11246,1,2017-12-03,1,0,新购买用户
11253,3,2017-11-29,2,4,高频多品类用户
11255,3,2017-12-02,2,1,高频多品类用户
11272,7,2017-12-03,5,0,高频多品类用户
11283,2,2017-12-01,2,2,稳定复购用户
11293,1,2017-11-26,1,7,低频沉睡用户
11294,5,2017-12-03,4,0,高频多品类用户
11295,11,2017-12-03,7,0,高频多品类用户
11304,1,2017-11-27,1,6,低频沉睡用户
11313,2,2017-12-03,2,0,稳定复购用户
11316,1,2017-12-02,1,1,新购买用户
11323,6,2017-12-02,6,1,高频多品类用户
11327,3,2017-11-28,3,5,高频多品类用户
11328,1,2017-11-25,1,8,低频沉睡用户
11341,2,2017-12-03,2,0,稳定复购用户
11343,2,2017-12-02,2,1,稳定复购用户
11344,2,2017-11-30,2,3,稳定复购用户
11345,3,2017-12-01,3,2,高频多品类用户
11377,2,2017-12-03,2,0,稳定复购用户
11379,5,2017-11-28,5,5,高频多品类用户
11380,5,2017-12-02,4,1,高频多品类用户
11386,1,2017-11-30,1,3,低频沉睡用户
11393,6,2017-12-01,4,2,高频多品类用户
11395,2,2017-12-01,2,2,稳定复购用户
11403,7,2017-12-03,4,0,高频多品类用户
11413,1,2017-11-28,1,5,低频沉睡用户
11417,6,2017-12-01,6,2,高频多品类用户
11435,4,2017-11-30,2,3,高频多品类用户
11440,3,2017-12-03,3,0,高频多品类用户
11450,4,2017-11-27,3,6,高频多品类用户
11452,1,2017-12-03,1,0,新购买用户
11465,3,2017-12-03,3,0,高频多品类用户
11495,4,2017-12-03,4,0,高频多品类用户
11497,2,2017-11-28,2,5,稳定复购用户
11498,4,2017-12-02,3,1,高频多品类用户
11501,2,2017-11-29,2,4,稳定复购用户
11503,2,2017-12-03,2,0,稳定复购用户
11504,7,2017-11-28,6,5,高频多品类用户
11507,3,2017-12-03,3,0,高频多品类用户
11509,2,2017-12-03,2,0,稳定复购用户
11517,2,2017-12-03,1,0,稳定复购用户
11524,2,2017-12-03,1,0,稳定复购用户
11531,1,2017-12-01,1,2,低频沉睡用户
11540,1,2017-11-26,1,7,低频沉睡用户
11552,4,2017-11-30,4,3,高频多品类用户
11588,2,2017-11-30,1,3,稳定复购用户
11590,1,2017-12-02,1,1,新购买用户
11594,2,2017-12-01,2,2,稳定复购用户
11601,2,2017-11-26,2,7,稳定复购用户
11610,3,2017-11-30,3,3,高频多品类用户
11611,2,2017-11-28,2,5,稳定复购用户
11619,4,2017-12-01,3,2,高频多品类用户
11625,2,2017-12-03,2,0,稳定复购用户
11663,1,2017-11-26,1,7,低频沉睡用户
11666,3,2017-11-28,2,5,高频多品类用户
11682,3,2017-12-02,3,1,高频多品类用户
11708,4,2017-12-01,4,2,高频多品类用户
11714,7,2017-12-02,3,1,高频多品类用户
11721,7,2017-12-02,7,1,高频多品类用户
11730,4,2017-12-03,3,0,高频多品类用户
11736,1,2017-11-30,1,3,低频沉睡用户
11740,2,2017-11-28,2,5,稳定复购用户
11744,1,2017-12-02,1,1,新购买用户
11763,3,2017-12-03,3,0,高频多品类用户
11770,2,2017-11-29,1,4,稳定复购用户
11774,3,2017-11-28,3,5,高频多品类用户
11783,5,2017-12-01,4,2,高频多品类用户
11792,2,2017-12-03,2,0,稳定复购用户
11800,2,2017-12-03,2,0,稳定复购用户
11812,1,2017-12-03,1,0,新购买用户
11821,1,2017-12-02,1,1,新购买用户
11834,4,2017-12-02,3,1,高频多品类用户
11835,2,2017-11-30,2,3,稳定复购用户
11839,1,2017-11-26,1,7,低频沉睡用户
11855,4,2017-11-28,4,5,高频多品类用户
11889,1,2017-12-03,1,0,新购买用户
11897,1,2017-11-26,1,7,低频沉睡用户
11900,5,2017-12-03,4,0,高频多品类用户
11912,1,2017-11-30,1,3,低频沉睡用户
11916,4,2017-12-03,3,0,高频多品类用户
11921,1,2017-11-30,1,3,低频沉睡用户
11923,1,2017-11-30,1,3,低频沉睡用户
11946,11,2017-12-03,10,0,高频多品类用户
11950,2,2017-12-03,2,0,稳定复购用户
11964,1,2017-11-27,1,6,低频沉睡用户
11970,2,2017-12-03,2,0,稳定复购用户
11975,3,2017-12-03,3,0,高频多品类用户
11976,11,2017-12-03,7,0,高频多品类用户
11988,1,2017-11-25,1,8,低频沉睡用户
11995,1,2017-11-26,1,7,低频沉睡用户
11998,4,2017-11-26,3,7,高频多品类用户
12002,1,2017-11-27,1,6,低频沉睡用户
12004,2,2017-12-02,2,1,稳定复购用户
12026,2,2017-12-02,2,1,稳定复购用户
12035,15,2017-12-02,14,1,高频多品类用户
12037,3,2017-12-02,3,1,高频多品类用户
12050,3,2017-12-01,3,2,高频多品类用户
12064,2,2017-12-03,2,0,稳定复购用户
12068,2,2017-12-03,2,0,稳定复购用户
12077,1,2017-11-30,1,3,低频沉睡用户
12078,2,2017-12-02,2,1,稳定复购用户
12082,1,2017-12-01,1,2,低频沉睡用户
12084,1,2017-11-25,1,8,低频沉睡用户
12087,2,2017-11-29,1,4,稳定复购用户
12088,1,2017-11-28,1,5,低频沉睡用户
12095,5,2017-12-03,5,0,高频多品类用户
12099,3,2017-12-01,3,2,高频多品类用户
12104,4,2017-12-02,2,1,高频多品类用户
12105,3,2017-12-01,3,2,高频多品类用户
12110,2,2017-12-03,2,0,稳定复购用户
12112,3,2017-12-03,3,0,高频多品类用户
12117,2,2017-12-03,2,0,稳定复购用户
12124,4,2017-12-02,3,1,高频多品类用户
12133,3,2017-12-03,3,0,高频多品类用户
12143,4,2017-11-29,4,4,高频多品类用户
12146,3,2017-12-02,3,1,高频多品类用户
12151,6,2017-11-26,5,7,高频多品类用户
12163,1,2017-12-02,1,1,新购买用户
12169,3,2017-11-27,2,6,高频多品类用户
12178,1,2017-11-25,1,8,低频沉睡用户
12180,1,2017-12-01,1,2,低频沉睡用户
12186,4,2017-12-02,4,1,高频多品类用户
12197,1,2017-11-25,1,8,低频沉睡用户
12202,3,2017-12-03,3,0,高频多品类用户
12204,1,2017-12-01,1,2,低频沉睡用户
12213,4,2017-12-03,3,0,高频多品类用户
12218,1,2017-11-27,1,6,低频沉睡用户
12230,2,2017-12-02,2,1,稳定复购用户
12255,1,2017-11-26,1,7,低频沉睡用户
12261,7,2017-11-30,5,3,高频多品类用户
12265,1,2017-12-01,1,2,低频沉睡用户
12268,1,2017-12-02,1,1,新购买用户
12274,3,2017-12-03,3,0,高频多品类用户
12283,1,2017-12-01,1,2,低频沉睡用户
12289,8,2017-12-02,6,1,高频多品类用户
12295,2,2017-12-01,1,2,稳定复购用户
12298,1,2017-11-28,1,5,低频沉睡用户
12308,2,2017-12-01,2,2,稳定复购用户
12322,12,2017-12-02,11,1,高频多品类用户
12325,1,2017-11-29,1,4,低频沉睡用户
12333,3,2017-11-30,3,3,高频多品类用户
12350,2,2017-12-03,2,0,稳定复购用户
12351,5,2017-12-02,4,1,高频多品类用户
12356,2,2017-12-01,2,2,稳定复购用户
12360,1,2017-12-03,1,0,新购买用户
12373,2,2017-11-28,1,5,稳定复购用户
12375,2,2017-12-01,2,2,稳定复购用户
12378,3,2017-12-01,1,2,稳定复购用户
12384,3,2017-12-03,3,0,高频多品类用户
12387,1,2017-12-03,1,0,新购买用户
12389,2,2017-12-02,2,1,稳定复购用户
12394,1,2017-12-02,1,1,新购买用户
12400,4,2017-12-03,3,0,高频多品类用户
12403,2,2017-12-02,1,1,稳定复购用户
12407,3,2017-11-28,3,5,高频多品类用户
12412,1,2017-12-03,1,0,新购买用户
12420,3,2017-11-30,2,3,高频多品类用户
12424,3,2017-12-03,3,0,高频多品类用户
12432,2,2017-12-01,2,2,稳定复购用户
12455,2,2017-12-02,2,1,稳定复购用户
12464,2,2017-11-28,2,5,稳定复购用户
12465,3,2017-11-27,2,6,高频多品类用户
12466,2,2017-12-02,2,1,稳定复购用户
12476,9,2017-12-02,7,1,高频多品类用户
12482,2,2017-12-01,1,2,稳定复购用户
12492,5,2017-12-02,5,1,高频多品类用户
12494,2,2017-11-29,2,4,稳定复购用户
12500,1,2017-12-03,1,0,新购买用户
12524,2,2017-12-03,2,0,稳定复购用户
12548,2,2017-12-01,2,2,稳定复购用户
12566,2,2017-11-29,2,4,稳定复购用户
12568,2,2017-12-03,2,0,稳定复购用户
12569,2,2017-12-01,1,2,稳定复购用户
12574,3,2017-12-03,2,0,高频多品类用户
12576,2,2017-12-03,2,0,稳定复购用户
12578,2,2017-11-30,2,3,稳定复购用户
12589,1,2017-12-01,1,2,低频沉睡用户
12605,4,2017-12-03,3,0,高频多品类用户
12615,3,2017-11-30,2,3,高频多品类用户
12617,1,2017-11-30,1,3,低频沉睡用户
12629,3,2017-12-01,3,2,高频多品类用户
12630,8,2017-12-02,8,1,高频多品类用户
12632,1,2017-12-03,1,0,新购买用户
12644,10,2017-12-03,9,0,高频多品类用户
12645,1,2017-11-28,1,5,低频沉睡用户
12646,6,2017-12-03,5,0,高频多品类用户
12650,1,2017-11-29,1,4,低频沉睡用户
12665,6,2017-12-01,6,2,高频多品类用户
12674,1,2017-12-03,1,0,新购买用户
12699,3,2017-12-01,3,2,高频多品类用户
12700,1,2017-12-03,1,0,新购买用户
12701,15,2017-12-03,11,0,高频多品类用户
12707,2,2017-12-01,2,2,稳定复购用户
12709,1,2017-11-30,1,3,低频沉睡用户
12722,6,2017-12-03,5,0,高频多品类用户
12747,2,2017-12-03,2,0,稳定复购用户
12756,7,2017-12-02,7,1,高频多品类用户
12758,1,2017-11-25,1,8,低频沉睡用户
12763,2,2017-12-03,1,0,稳定复购用户
12764,1,2017-11-25,1,8,低频沉睡用户
12775,5,2017-11-28,5,5,高频多品类用户
12779,1,2017-11-29,1,4,低频沉睡用户
12780,1,2017-11-26,1,7,低频沉睡用户
12788,3,2017-12-01,3,2,高频多品类用户
12795,1,2017-12-02,1,1,新购买用户
12801,17,2017-12-02,13,1,高频多品类用户
12806,3,2017-12-01,3,2,高频多品类用户
12808,3,2017-11-29,3,4,高频多品类用户
12819,1,2017-11-25,1,8,低频沉睡用户
12830,2,2017-11-25,2,8,稳定复购用户
12849,1,2017-11-25,1,8,低频沉睡用户
12851,2,2017-12-02,2,1,稳定复购用户
12860,5,2017-11-30,4,3,高频多品类用户
12872,3,2017-11-29,3,4,高频多品类用户
12885,1,2017-11-25,1,8,低频沉睡用户
12888,1,2017-11-27,1,6,低频沉睡用户
12892,1,2017-11-25,1,8,低频沉睡用户
12930,1,2017-12-01,1,2,低频沉睡用户
12935,2,2017-11-30,2,3,稳定复购用户
12964,3,2017-11-29,3,4,高频多品类用户
12966,1,2017-11-30,1,3,低频沉睡用户
12967,2,2017-12-02,2,1,稳定复购用户
12971,1,2017-11-29,1,4,低频沉睡用户
12991,2,2017-11-25,1,8,稳定复购用户
13006,16,2017-11-29,16,4,高频多品类用户
13008,2,2017-12-03,2,0,稳定复购用户
13012,1,2017-11-29,1,4,低频沉睡用户
13017,2,2017-11-30,2,3,稳定复购用户
13023,2,2017-12-03,2,0,稳定复购用户
13025,6,2017-11-30,1,3,稳定复购用户
13029,6,2017-12-02,4,1,高频多品类用户
13035,3,2017-12-03,3,0,高频多品类用户
13036,4,2017-12-03,4,0,高频多品类用户
13046,1,2017-12-02,1,1,新购买用户
13049,3,2017-12-02,3,1,高频多品类用户
13050,3,2017-11-29,3,4,高频多品类用户
13057,1,2017-11-27,1,6,低频沉睡用户
13061,5,2017-12-02,5,1,高频多品类用户
13063,3,2017-11-26,3,7,高频多品类用户
13070,4,2017-12-03,2,0,高频多品类用户
13072,1,2017-12-03,1,0,新购买用户
13088,1,2017-11-28,1,5,低频沉睡用户
13091,1,2017-12-01,1,2,低频沉睡用户
13098,1,2017-11-29,1,4,低频沉睡用户
13101,1,2017-11-25,1,8,低频沉睡用户
13111,3,2017-12-03,3,0,高频多品类用户
13112,1,2017-12-02,1,1,新购买用户
13114,1,2017-11-27,1,6,低频沉睡用户
13137,1,2017-11-30,1,3,低频沉睡用户
13141,1,2017-11-25,1,8,低频沉睡用户
13148,1,2017-12-01,1,2,低频沉睡用户
13149,3,2017-11-29,3,4,高频多品类用户
13150,2,2017-12-02,2,1,稳定复购用户
13151,2,2017-12-01,2,2,稳定复购用户
13157,3,2017-11-26,3,7,高频多品类用户
13162,2,2017-12-01,2,2,稳定复购用户
13181,2,2017-11-26,2,7,稳定复购用户
13189,1,2017-12-02,1,1,新购买用户
13196,6,2017-12-01,4,2,高频多品类用户
13226,2,2017-11-29,2,4,稳定复购用户
13234,1,2017-12-03,1,0,新购买用户
13238,14,2017-12-02,10,1,高频多品类用户
13244,1,2017-12-01,1,2,低频沉睡用户
13276,2,2017-11-29,2,4,稳定复购用户
13282,1,2017-12-02,1,1,新购买用户
13287,2,2017-11-28,2,5,稳定复购用户
13293,1,2017-11-28,1,5,低频沉睡用户
13301,4,2017-11-30,3,3,高频多品类用户
13303,1,2017-12-01,1,2,低频沉睡用户
13335,4,2017-11-29,4,4,高频多品类用户
13340,3,2017-11-28,3,5,高频多品类用户
13348,2,2017-12-02,2,1,稳定复购用户
13361,1,2017-11-29,1,4,低频沉睡用户
13362,2,2017-12-03,2,0,稳定复购用户
13365,1,2017-12-02,1,1,新购买用户
13393,1,2017-12-01,1,2,低频沉睡用户
13404,3,2017-12-01,3,2,高频多品类用户
13409,4,2017-12-03,3,0,高频多品类用户
13410,2,2017-12-02,2,1,稳定复购用户
13416,5,2017-12-02,4,1,高频多品类用户
13420,1,2017-11-25,1,8,低频沉睡用户
13422,1,2017-11-27,1,6,低频沉睡用户
13448,3,2017-11-28,2,5,高频多品类用户
13455,1,2017-12-01,1,2,低频沉睡用户
13457,3,2017-12-02,3,1,高频多品类用户
13465,1,2017-11-26,1,7,低频沉睡用户
13479,1,2017-11-28,1,5,低频沉睡用户
13483,22,2017-12-03,10,0,高频多品类用户
13487,4,2017-11-29,4,4,高频多品类用户
13498,3,2017-12-02,2,1,高频多品类用户
13510,1,2017-12-01,1,2,低频沉睡用户
13511,9,2017-12-03,7,0,高频多品类用户
13513,4,2017-11-30,4,3,高频多品类用户
13517,3,2017-12-03,3,0,高频多品类用户
13524,7,2017-12-02,7,1,高频多品类用户
13532,3,2017-11-28,3,5,高频多品类用户
13539,1,2017-12-01,1,2,低频沉睡用户
13547,1,2017-11-26,1,7,低频沉睡用户
13549,3,2017-12-02,2,1,高频多品类用户
13570,1,2017-12-03,1,0,新购买用户
13572,7,2017-12-02,6,1,高频多品类用户
13579,10,2017-12-03,8,0,高频多品类用户
13615,5,2017-12-03,4,0,高频多品类用户
13617,2,2017-11-26,1,7,稳定复购用户
13618,9,2017-11-30,9,3,高频多品类用户
13621,3,2017-12-03,2,0,高频多品类用户
13622,1,2017-11-26,1,7,低频沉睡用户
13623,3,2017-12-02,3,1,高频多品类用户
13624,3,2017-12-02,2,1,高频多品类用户
13638,6,2017-12-01,6,2,高频多品类用户
13639,2,2017-11-25,2,8,稳定复购用户
13655,1,2017-11-25,1,8,低频沉睡用户
13657,2,2017-12-03,2,0,稳定复购用户
13665,4,2017-12-03,4,0,高频多品类用户
13670,2,2017-11-29,2,4,稳定复购用户
13680,1,2017-11-29,1,4,低频沉睡用户
13685,1,2017-11-30,1,3,低频沉睡用户
13692,2,2017-11-27,2,6,稳定复购用户
13699,8,2017-12-03,8,0,高频多品类用户
13717,3,2017-11-27,3,6,高频多品类用户
13725,2,2017-11-26,2,7,稳定复购用户
13726,2,2017-12-02,2,1,稳定复购用户
13739,2,2017-12-02,1,1,稳定复购用户
13747,3,2017-12-02,1,1,稳定复购用户
13751,2,2017-12-01,2,2,稳定复购用户
13759,11,2017-12-02,10,1,高频多品类用户
13764,1,2017-11-30,1,3,低频沉睡用户
13771,2,2017-12-02,2,1,稳定复购用户
13772,1,2017-11-29,1,4,低频沉睡用户
13784,5,2017-12-03,2,0,高频多品类用户
13788,1,2017-11-26,1,7,低频沉睡用户
13790,2,2017-11-27,2,6,稳定复购用户
13791,1,2017-11-27,1,6,低频沉睡用户
13798,5,2017-12-03,5,0,高频多品类用户
13810,1,2017-12-01,1,2,低频沉睡用户
13814,1,2017-11-30,1,3,低频沉睡用户
13824,2,2017-11-29,2,4,稳定复购用户
13830,3,2017-12-02,3,1,高频多品类用户
13841,2,2017-12-02,2,1,稳定复购用户
13846,1,2017-12-03,1,0,新购买用户
13854,4,2017-12-02,4,1,高频多品类用户
13860,1,2017-12-02,1,1,新购买用户
13862,1,2017-11-30,1,3,低频沉睡用户
13864,10,2017-11-30,8,3,高频多品类用户
13867,4,2017-12-02,4,1,高频多品类用户
13873,3,2017-11-28,3,5,高频多品类用户
13885,1,2017-11-27,1,6,低频沉睡用户
13892,2,2017-12-02,2,1,稳定复购用户
13906,2,2017-11-25,2,8,稳定复购用户
13909,5,2017-12-03,4,0,高频多品类用户
13925,4,2017-12-02,4,1,高频多品类用户
13933,5,2017-12-03,5,0,高频多品类用户
13937,1,2017-12-01,1,2,低频沉睡用户
13942,1,2017-11-27,1,6,低频沉睡用户
13944,3,2017-11-27,3,6,高频多品类用户
13953,1,2017-11-28,1,5,低频沉睡用户
13956,2,2017-11-29,1,4,稳定复购用户
13958,5,2017-12-03,5,0,高频多品类用户
13974,14,2017-12-03,12,0,高频多品类用户
13986,1,2017-11-30,1,3,低频沉睡用户
13990,4,2017-12-02,2,1,高频多品类用户
13996,4,2017-12-02,3,1,高频多品类用户
13997,1,2017-11-27,1,6,低频沉睡用户
14001,1,2017-11-26,1,7,低频沉睡用户
14009,2,2017-12-03,2,0,稳定复购用户
14020,1,2017-12-02,1,1,新购买用户
14038,1,2017-11-25,1,8,低频沉睡用户
14044,6,2017-12-03,5,0,高频多品类用户
14052,1,2017-12-03,1,0,新购买用户
14053,3,2017-11-29,2,4,高频多品类用户
14069,1,2017-11-29,1,4,低频沉睡用户
14072,1,2017-12-01,1,2,低频沉睡用户
14079,1,2017-11-30,1,3,低频沉睡用户
14092,3,2017-12-02,2,1,高频多品类用户
14096,1,2017-11-29,1,4,低频沉睡用户
14099,1,2017-12-01,1,2,低频沉睡用户
14101,1,2017-11-26,1,7,低频沉睡用户
14109,8,2017-12-03,8,0,高频多品类用户
14111,1,2017-12-01,1,2,低频沉睡用户
14115,2,2017-12-03,2,0,稳定复购用户
14128,1,2017-11-27,1,6,低频沉睡用户
14136,4,2017-11-28,4,5,高频多品类用户
14161,11,2017-12-03,7,0,高频多品类用户
14164,4,2017-12-03,4,0,高频多品类用户
14166,1,2017-11-27,1,6,低频沉睡用户
14169,7,2017-11-30,6,3,高频多品类用户
14174,1,2017-11-28,1,5,低频沉睡用户
14178,1,2017-11-28,1,5,低频沉睡用户
14184,1,2017-11-28,1,5,低频沉睡用户
14203,5,2017-12-02,5,1,高频多品类用户
14207,5,2017-12-02,5,1,高频多品类用户
14219,1,2017-11-30,1,3,低频沉睡用户
14227,6,2017-11-30,6,3,高频多品类用户
14242,2,2017-12-02,2,1,稳定复购用户
14250,1,2017-11-29,1,4,低频沉睡用户
14251,1,2017-11-30,1,3,低频沉睡用户
14252,20,2017-12-03,17,0,高频多品类用户
14254,2,2017-12-03,2,0,稳定复购用户
14255,1,2017-11-28,1,5,低频沉睡用户
14259,1,2017-11-25,1,8,低频沉睡用户
14268,2,2017-12-02,1,1,稳定复购用户
14280,1,2017-11-29,1,4,低频沉睡用户
14290,3,2017-11-29,3,4,高频多品类用户
14296,3,2017-12-02,3,1,高频多品类用户
14297,1,2017-11-30,1,3,低频沉睡用户
14298,1,2017-12-01,1,2,低频沉睡用户
14303,1,2017-11-29,1,4,低频沉睡用户
14320,10,2017-12-02,10,1,高频多品类用户
14336,1,2017-11-28,1,5,低频沉睡用户
14350,1,2017-12-03,1,0,新购买用户
14358,4,2017-12-01,4,2,高频多品类用户
14364,4,2017-12-02,4,1,高频多品类用户
14371,2,2017-12-02,2,1,稳定复购用户
14413,3,2017-12-03,3,0,高频多品类用户
14416,4,2017-12-03,4,0,高频多品类用户
14451,1,2017-12-01,1,2,低频沉睡用户
14459,4,2017-12-02,4,1,高频多品类用户
14464,5,2017-12-02,5,1,高频多品类用户
14472,1,2017-12-01,1,2,低频沉睡用户
14478,3,2017-12-01,2,2,高频多品类用户
14513,5,2017-12-01,5,2,高频多品类用户
14514,3,2017-12-03,3,0,高频多品类用户
14527,1,2017-11-29,1,4,低频沉睡用户
14535,1,2017-12-03,1,0,新购买用户
14539,1,2017-11-29,1,4,低频沉睡用户
14541,8,2017-12-03,6,0,高频多品类用户
14544,4,2017-12-03,4,0,高频多品类用户
14549,2,2017-12-01,1,2,稳定复购用户
14551,1,2017-11-30,1,3,低频沉睡用户
14563,1,2017-11-26,1,7,低频沉睡用户
14566,1,2017-11-28,1,5,低频沉睡用户
14567,1,2017-12-03,1,0,新购买用户
14570,8,2017-12-02,8,1,高频多品类用户
14573,1,2017-11-27,1,6,低频沉睡用户
14592,5,2017-12-03,3,0,高频多品类用户
14598,7,2017-12-03,5,0,高频多品类用户
14606,2,2017-12-01,2,2,稳定复购用户
14613,8,2017-12-03,6,0,高频多品类用户
14618,3,2017-12-01,2,2,高频多品类用户
14620,2,2017-12-03,2,0,稳定复购用户
14621,2,2017-11-30,2,3,稳定复购用户
14624,2,2017-12-03,2,0,稳定复购用户
14631,4,2017-12-01,3,2,高频多品类用户
14634,6,2017-11-28,3,5,高频多品类用户
14651,1,2017-11-28,1,5,低频沉睡用户
14655,7,2017-11-29,7,4,高频多品类用户
14665,10,2017-12-03,10,0,高频多品类用户
14676,4,2017-11-26,4,7,高频多品类用户
14685,2,2017-11-29,2,4,稳定复购用户
14692,3,2017-11-27,3,6,高频多品类用户
14712,2,2017-11-25,1,8,稳定复购用户
14720,2,2017-11-30,2,3,稳定复购用户
14722,4,2017-12-01,4,2,高频多品类用户
14724,3,2017-11-30,3,3,高频多品类用户
14728,2,2017-11-25,2,8,稳定复购用户
14738,1,2017-11-30,1,3,低频沉睡用户
14739,1,2017-12-02,1,1,新购买用户
14760,1,2017-11-27,1,6,低频沉睡用户
14764,3,2017-12-03,3,0,高频多品类用户
14772,2,2017-11-30,2,3,稳定复购用户
14788,1,2017-11-25,1,8,低频沉睡用户
14791,1,2017-11-25,1,8,低频沉睡用户
14807,1,2017-11-27,1,6,低频沉睡用户
14809,2,2017-12-03,2,0,稳定复购用户
14814,2,2017-11-28,2,5,稳定复购用户
14815,1,2017-11-29,1,4,低频沉睡用户
14822,2,2017-12-02,2,1,稳定复购用户
14824,2,2017-11-27,2,6,稳定复购用户
14831,1,2017-12-03,1,0,新购买用户
14847,2,2017-12-01,2,2,稳定复购用户
14853,1,2017-12-01,1,2,低频沉睡用户
14860,1,2017-12-02,1,1,新购买用户
14865,3,2017-11-29,3,4,高频多品类用户
14883,2,2017-12-02,2,1,稳定复购用户
14884,3,2017-12-03,3,0,高频多品类用户
14888,3,2017-12-03,3,0,高频多品类用户
14901,4,2017-12-02,3,1,高频多品类用户
14903,3,2017-12-02,2,1,高频多品类用户
14904,1,2017-11-27,1,6,低频沉睡用户
14912,1,2017-11-28,1,5,低频沉睡用户
14917,2,2017-11-26,2,7,稳定复购用户
14927,1,2017-12-02,1,1,新购买用户
14929,4,2017-12-03,4,0,高频多品类用户
14931,6,2017-12-02,5,1,高频多品类用户
14942,4,2017-12-03,4,0,高频多品类用户
14962,4,2017-12-01,4,2,高频多品类用户
14965,1,2017-12-01,1,2,低频沉睡用户
14981,1,2017-11-27,1,6,低频沉睡用户
14996,1,2017-11-30,1,3,低频沉睡用户
14998,1,2017-12-03,1,0,新购买用户
15000,6,2017-12-03,5,0,高频多品类用户
15008,4,2017-12-01,4,2,高频多品类用户
15019,2,2017-12-02,2,1,稳定复购用户
15021,1,2017-12-02,1,1,新购买用户
15026,2,2017-11-26,2,7,稳定复购用户
15058,1,2017-12-01,1,2,低频沉睡用户
15064,3,2017-11-27,3,6,高频多品类用户
15073,3,2017-12-02,3,1,高频多品类用户
15080,12,2017-12-03,12,0,高频多品类用户
15089,9,2017-12-02,8,1,高频多品类用户
15090,3,2017-12-02,3,1,高频多品类用户
15095,2,2017-11-30,2,3,稳定复购用户
15111,20,2017-12-02,12,1,高频多品类用户
15123,2,2017-11-28,2,5,稳定复购用户
15125,1,2017-11-30,1,3,低频沉睡用户
15130,2,2017-11-28,2,5,稳定复购用户
15143,1,2017-12-01,1,2,低频沉睡用户
15146,6,2017-11-30,6,3,高频多品类用户
15149,2,2017-11-30,2,3,稳定复购用户
15156,4,2017-12-02,4,1,高频多品类用户
15157,1,2017-12-01,1,2,低频沉睡用户
15162,4,2017-12-02,2,1,高频多品类用户
15163,6,2017-12-02,6,1,高频多品类用户
15168,1,2017-12-02,1,1,新购买用户
15170,1,2017-11-25,1,8,低频沉睡用户
15181,4,2017-12-03,4,0,高频多品类用户
15182,1,2017-12-03,1,0,新购买用户
15199,2,2017-12-02,2,1,稳定复购用户
15203,1,2017-12-02,1,1,新购买用户
15214,5,2017-12-03,4,0,高频多品类用户
15227,1,2017-12-02,1,1,新购买用户
15229,3,2017-11-30,3,3,高频多品类用户
15260,4,2017-11-28,4,5,高频多品类用户
15262,1,2017-11-28,1,5,低频沉睡用户
15274,1,2017-11-30,1,3,低频沉睡用户
15280,3,2017-11-29,3,4,高频多品类用户
15282,2,2017-11-30,2,3,稳定复购用户
15284,1,2017-11-30,1,3,低频沉睡用户
15285,2,2017-11-29,2,4,稳定复购用户
15294,7,2017-12-03,7,0,高频多品类用户
15313,1,2017-12-03,1,0,新购买用户
15318,3,2017-12-02,3,1,高频多品类用户
15324,6,2017-12-03,6,0,高频多品类用户
15329,1,2017-11-25,1,8,低频沉睡用户
15334,5,2017-12-03,5,0,高频多品类用户
15342,9,2017-12-03,9,0,高频多品类用户
15346,12,2017-12-03,12,0,高频多品类用户
15350,5,2017-11-29,5,4,高频多品类用户
15352,2,2017-11-27,2,6,稳定复购用户
15356,1,2017-11-29,1,4,低频沉睡用户
15364,6,2017-12-03,6,0,高频多品类用户
15375,6,2017-12-03,5,0,高频多品类用户
15390,3,2017-12-01,3,2,高频多品类用户
15392,3,2017-12-01,3,2,高频多品类用户
15404,5,2017-11-30,4,3,高频多品类用户
15409,3,2017-12-02,2,1,高频多品类用户
15416,1,2017-11-26,1,7,低频沉睡用户
15417,15,2017-12-03,11,0,高频多品类用户
15425,6,2017-12-02,4,1,高频多品类用户
15426,3,2017-12-03,3,0,高频多品类用户
15432,1,2017-11-26,1,7,低频沉睡用户
15442,2,2017-12-03,2,0,稳定复购用户
15451,4,2017-12-03,3,0,高频多品类用户
15452,1,2017-12-02,1,1,新购买用户
15470,4,2017-12-03,4,0,高频多品类用户
15472,6,2017-12-02,6,1,高频多品类用户
15473,25,2017-12-03,18,0,高频多品类用户
15475,4,2017-12-03,4,0,高频多品类用户
15484,2,2017-12-01,2,2,稳定复购用户
15488,1,2017-11-29,1,4,低频沉睡用户
15498,8,2017-12-03,6,0,高频多品类用户
15499,1,2017-12-03,1,0,新购买用户
15516,2,2017-12-03,2,0,稳定复购用户
15522,3,2017-12-02,3,1,高频多品类用户
15540,3,2017-12-03,3,0,高频多品类用户
15553,2,2017-12-02,2,1,稳定复购用户
15556,1,2017-12-02,1,1,新购买用户
15561,2,2017-12-01,2,2,稳定复购用户
15567,6,2017-11-30,6,3,高频多品类用户
15568,3,2017-12-03,3,0,高频多品类用户
15570,2,2017-11-26,2,7,稳定复购用户
15575,2,2017-11-30,2,3,稳定复购用户
15582,2,2017-11-30,2,3,稳定复购用户
15590,7,2017-12-01,6,2,高频多品类用户
15592,2,2017-11-27,2,6,稳定复购用户
15596,5,2017-11-30,3,3,高频多品类用户
15611,2,2017-12-02,1,1,稳定复购用户
15621,1,2017-11-27,1,6,低频沉睡用户
15643,2,2017-11-26,1,7,稳定复购用户
15652,1,2017-12-01,1,2,低频沉睡用户
15664,2,2017-11-30,2,3,稳定复购用户
15666,2,2017-12-01,2,2,稳定复购用户
15682,2,2017-11-28,2,5,稳定复购用户
15691,6,2017-11-27,5,6,高频多品类用户
15699,2,2017-11-27,2,6,稳定复购用户
15706,11,2017-12-03,11,0,高频多品类用户
15714,1,2017-11-28,1,5,低频沉睡用户
15722,1,2017-11-30,1,3,低频沉睡用户
15723,2,2017-11-27,2,6,稳定复购用户
15724,3,2017-12-01,3,2,高频多品类用户
15751,5,2017-12-02,4,1,高频多品类用户
15754,3,2017-11-25,3,8,高频多品类用户
15762,2,2017-11-27,1,6,稳定复购用户
15763,1,2017-11-26,1,7,低频沉睡用户
15768,4,2017-11-30,1,3,稳定复购用户
15770,1,2017-11-26,1,7,低频沉睡用户
15778,1,2017-11-28,1,5,低频沉睡用户
15785,2,2017-12-02,2,1,稳定复购用户
15787,4,2017-11-28,3,5,高频多品类用户
15799,1,2017-11-25,1,8,低频沉睡用户
15809,10,2017-12-03,9,0,高频多品类用户
15837,2,2017-11-30,2,3,稳定复购用户
15847,2,2017-12-02,2,1,稳定复购用户
15858,2,2017-12-03,2,0,稳定复购用户
15869,3,2017-12-02,2,1,高频多品类用户
15872,2,2017-11-28,2,5,稳定复购用户
15880,4,2017-11-29,4,4,高频多品类用户
15891,1,2017-11-29,1,4,低频沉睡用户
15912,2,2017-12-02,2,1,稳定复购用户
15915,2,2017-11-29,2,4,稳定复购用户
15919,1,2017-11-26,1,7,低频沉睡用户
15922,1,2017-11-30,1,3,低频沉睡用户
15929,2,2017-12-02,2,1,稳定复购用户
15931,1,2017-12-03,1,0,新购买用户
15936,7,2017-12-03,6,0,高频多品类用户
15939,3,2017-12-01,3,2,高频多品类用户
15961,3,2017-11-30,3,3,高频多品类用户
15968,2,2017-12-01,2,2,稳定复购用户
15970,4,2017-12-02,3,1,高频多品类用户
15975,1,2017-11-25,1,8,低频沉睡用户
15988,1,2017-11-30,1,3,低频沉睡用户
15994,3,2017-12-03,2,0,高频多品类用户
15995,1,2017-12-02,1,1,新购买用户
16018,1,2017-12-03,1,0,新购买用户
16031,3,2017-11-29,3,4,高频多品类用户
16049,1,2017-12-01,1,2,低频沉睡用户
16057,1,2017-11-27,1,6,低频沉睡用户
16071,1,2017-11-30,1,3,低频沉睡用户
16091,1,2017-11-30,1,3,低频沉睡用户
16092,4,2017-12-03,4,0,高频多品类用户
16105,2,2017-11-28,2,5,稳定复购用户
16123,8,2017-12-03,8,0,高频多品类用户
16131,1,2017-11-27,1,6,低频沉睡用户
16135,4,2017-11-30,2,3,高频多品类用户
16139,1,2017-12-03,1,0,新购买用户
16176,1,2017-11-29,1,4,低频沉睡用户
16177,2,2017-11-29,2,4,稳定复购用户
16192,1,2017-11-26,1,7,低频沉睡用户
16198,1,2017-12-01,1,2,低频沉睡用户
16212,3,2017-12-02,3,1,高频多品类用户
16230,1,2017-11-26,1,7,低频沉睡用户
16234,7,2017-12-03,6,0,高频多品类用户
16235,3,2017-11-30,3,3,高频多品类用户
16250,1,2017-11-25,1,8,低频沉睡用户
16253,1,2017-11-26,1,7,低频沉睡用户
16257,1,2017-12-03,1,0,新购买用户
16262,1,2017-12-01,1,2,低频沉睡用户
16298,11,2017-12-03,9,0,高频多品类用户
16322,2,2017-12-02,2,1,稳定复购用户
16325,2,2017-12-02,2,1,稳定复购用户
16338,5,2017-12-02,5,1,高频多品类用户
16345,3,2017-12-03,3,0,高频多品类用户
16362,2,2017-11-28,2,5,稳定复购用户
16380,1,2017-11-27,1,6,低频沉睡用户
16392,1,2017-11-28,1,5,低频沉睡用户
16398,2,2017-12-03,2,0,稳定复购用户
16400,1,2017-11-28,1,5,低频沉睡用户
16402,2,2017-11-25,2,8,稳定复购用户
16417,8,2017-12-03,6,0,高频多品类用户
16418,5,2017-12-02,5,1,高频多品类用户
16420,1,2017-12-03,1,0,新购买用户
16430,1,2017-11-25,1,8,低频沉睡用户
16431,3,2017-12-03,2,0,高频多品类用户
16434,1,2017-11-28,1,5,低频沉睡用户
16438,3,2017-12-02,3,1,高频多品类用户
16459,1,2017-11-25,1,8,低频沉睡用户
16461,2,2017-11-29,2,4,稳定复购用户
16462,3,2017-11-27,3,6,高频多品类用户
16485,5,2017-12-03,5,0,高频多品类用户
16495,3,2017-11-27,3,6,高频多品类用户
16497,2,2017-11-25,1,8,稳定复购用户
16501,1,2017-11-28,1,5,低频沉睡用户
16502,6,2017-11-29,5,4,高频多品类用户
16505,3,2017-12-02,3,1,高频多品类用户
16508,1,2017-12-01,1,2,低频沉睡用户
16509,3,2017-11-29,3,4,高频多品类用户
16517,7,2017-12-02,6,1,高频多品类用户
16521,3,2017-11-25,3,8,高频多品类用户
16522,1,2017-11-26,1,7,低频沉睡用户
16525,1,2017-11-27,1,6,低频沉睡用户
16538,1,2017-11-27,1,6,低频沉睡用户
16542,7,2017-12-03,7,0,高频多品类用户
16546,1,2017-11-30,1,3,低频沉睡用户
16567,2,2017-11-26,2,7,稳定复购用户
16573,5,2017-12-03,3,0,高频多品类用户
16575,4,2017-12-03,4,0,高频多品类用户
16576,1,2017-12-02,1,1,新购买用户
16579,1,2017-11-28,1,5,低频沉睡用户
16594,2,2017-11-27,2,6,稳定复购用户
16595,2,2017-11-27,2,6,稳定复购用户
16600,3,2017-11-27,3,6,高频多品类用户
16603,22,2017-12-03,18,0,高频多品类用户
16609,3,2017-12-03,3,0,高频多品类用户
16610,3,2017-12-03,3,0,高频多品类用户
16614,1,2017-12-01,1,2,低频沉睡用户
16616,1,2017-11-26,1,7,低频沉睡用户
16629,1,2017-12-03,1,0,新购买用户
16632,1,2017-11-26,1,7,低频沉睡用户
16641,1,2017-11-26,1,7,低频沉睡用户
16649,4,2017-12-03,4,0,高频多品类用户
16655,1,2017-11-28,1,5,低频沉睡用户
16661,1,2017-12-03,1,0,新购买用户
16679,6,2017-11-30,5,3,高频多品类用户
16684,2,2017-12-02,2,1,稳定复购用户
16688,2,2017-12-01,2,2,稳定复购用户
16693,1,2017-11-27,1,6,低频沉睡用户
16695,9,2017-12-02,7,1,高频多品类用户
16700,2,2017-12-03,2,0,稳定复购用户
16721,3,2017-12-01,3,2,高频多品类用户
16723,4,2017-12-03,4,0,高频多品类用户
16727,1,2017-11-27,1,6,低频沉睡用户
16729,1,2017-12-02,1,1,新购买用户
16740,1,2017-11-30,1,3,低频沉睡用户
16752,15,2017-12-03,14,0,高频多品类用户
16756,1,2017-12-03,1,0,新购买用户
16774,1,2017-12-02,1,1,新购买用户
16779,6,2017-12-02,4,1,高频多品类用户
16785,2,2017-11-29,2,4,稳定复购用户
16788,3,2017-12-03,3,0,高频多品类用户
16792,2,2017-11-27,2,6,稳定复购用户
16798,6,2017-12-02,6,1,高频多品类用户
16807,5,2017-12-03,5,0,高频多品类用户
16817,1,2017-11-29,1,4,低频沉睡用户
16833,7,2017-12-02,7,1,高频多品类用户
16844,3,2017-12-01,3,2,高频多品类用户
16846,3,2017-12-03,3,0,高频多品类用户
16856,1,2017-12-01,1,2,低频沉睡用户
16859,1,2017-11-25,1,8,低频沉睡用户
16861,7,2017-12-02,4,1,高频多品类用户
16862,2,2017-11-26,1,7,稳定复购用户
16872,4,2017-12-02,4,1,高频多品类用户
16876,4,2017-11-30,4,3,高频多品类用户
16886,9,2017-11-29,8,4,高频多品类用户
16888,4,2017-12-01,4,2,高频多品类用户
16894,2,2017-12-02,2,1,稳定复购用户
16906,11,2017-12-03,8,0,高频多品类用户
16907,36,2017-12-03,11,0,高频多品类用户
16916,15,2017-12-02,11,1,高频多品类用户
16919,2,2017-11-28,2,5,稳定复购用户
16921,1,2017-12-01,1,2,低频沉睡用户
16923,1,2017-12-02,1,1,新购买用户
16926,1,2017-12-03,1,0,新购买用户
16927,2,2017-11-30,2,3,稳定复购用户
16963,2,2017-11-28,2,5,稳定复购用户
16964,4,2017-11-29,3,4,高频多品类用户
16973,2,2017-12-01,1,2,稳定复购用户
16975,2,2017-12-02,2,1,稳定复购用户
16992,5,2017-12-02,2,1,高频多品类用户
17002,6,2017-11-29,2,4,高频多品类用户
17007,1,2017-12-03,1,0,新购买用户
17008,1,2017-11-27,1,6,低频沉睡用户
17009,2,2017-12-02,2,1,稳定复购用户
17010,2,2017-11-25,2,8,稳定复购用户
17020,2,2017-12-01,2,2,稳定复购用户
17031,3,2017-11-25,3,8,高频多品类用户
17047,7,2017-12-03,7,0,高频多品类用户
17052,1,2017-12-02,1,1,新购买用户
17068,4,2017-12-01,4,2,高频多品类用户
17075,2,2017-12-02,2,1,稳定复购用户
17080,1,2017-12-01,1,2,低频沉睡用户
17084,10,2017-11-30,7,3,高频多品类用户
17085,1,2017-11-30,1,3,低频沉睡用户
17111,3,2017-11-28,2,5,高频多品类用户
17115,1,2017-11-28,1,5,低频沉睡用户
17118,1,2017-11-27,1,6,低频沉睡用户
17119,3,2017-12-03,3,0,高频多品类用户
17121,10,2017-12-02,7,1,高频多品类用户
17125,1,2017-11-29,1,4,低频沉睡用户
17132,4,2017-11-30,4,3,高频多品类用户
17133,4,2017-12-03,3,0,高频多品类用户
17135,1,2017-11-26,1,7,低频沉睡用户
17146,1,2017-12-01,1,2,低频沉睡用户
17164,2,2017-12-01,2,2,稳定复购用户
17167,1,2017-11-26,1,7,低频沉睡用户
17172,4,2017-12-03,4,0,高频多品类用户
17187,3,2017-12-03,3,0,高频多品类用户
17188,6,2017-12-02,6,1,高频多品类用户
17205,2,2017-12-03,2,0,稳定复购用户
17209,2,2017-11-30,2,3,稳定复购用户
17216,3,2017-11-30,3,3,高频多品类用户
17225,4,2017-11-29,3,4,高频多品类用户
17232,2,2017-11-28,1,5,稳定复购用户
17248,1,2017-12-03,1,0,新购买用户
17265,2,2017-12-02,2,1,稳定复购用户
17269,2,2017-12-03,2,0,稳定复购用户
17270,6,2017-11-30,6,3,高频多品类用户
17283,1,2017-12-01,1,2,低频沉睡用户
17287,5,2017-12-02,5,1,高频多品类用户
17288,1,2017-12-03,1,0,新购买用户
17291,2,2017-12-02,1,1,稳定复购用户
17292,1,2017-11-29,1,4,低频沉睡用户
17300,4,2017-12-01,4,2,高频多品类用户
17304,3,2017-11-26,3,7,高频多品类用户
17307,1,2017-11-27,1,6,低频沉睡用户
17321,1,2017-11-25,1,8,低频沉睡用户
17324,1,2017-12-01,1,2,低频沉睡用户
17351,2,2017-11-29,2,4,稳定复购用户
17352,5,2017-12-02,5,1,高频多品类用户
17356,3,2017-12-01,3,2,高频多品类用户
17367,5,2017-11-30,4,3,高频多品类用户
17370,3,2017-11-30,3,3,高频多品类用户
17388,2,2017-11-29,2,4,稳定复购用户
17390,1,2017-11-25,1,8,低频沉睡用户
17392,1,2017-12-01,1,2,低频沉睡用户
17404,2,2017-11-29,2,4,稳定复购用户
17413,2,2017-12-02,2,1,稳定复购用户
17421,1,2017-11-30,1,3,低频沉睡用户
17422,1,2017-11-29,1,4,低频沉睡用户
17431,1,2017-12-01,1,2,低频沉睡用户
17441,2,2017-11-28,2,5,稳定复购用户
17456,3,2017-12-02,2,1,高频多品类用户
17464,4,2017-12-01,4,2,高频多品类用户
17471,6,2017-11-29,6,4,高频多品类用户
17476,2,2017-11-30,1,3,稳定复购用户
17488,3,2017-12-03,3,0,高频多品类用户
17490,1,2017-12-02,1,1,新购买用户
17496,2,2017-11-29,2,4,稳定复购用户
17517,3,2017-12-03,3,0,高频多品类用户
17543,6,2017-12-01,6,2,高频多品类用户
17550,1,2017-12-03,1,0,新购买用户
17571,1,2017-11-29,1,4,低频沉睡用户
17585,1,2017-12-01,1,2,低频沉睡用户
17588,6,2017-12-03,5,0,高频多品类用户
17590,8,2017-12-03,8,0,高频多品类用户
17608,3,2017-11-30,3,3,高频多品类用户
17610,1,2017-11-29,1,4,低频沉睡用户
17613,5,2017-12-03,4,0,高频多品类用户
17618,5,2017-12-02,5,1,高频多品类用户
17631,1,2017-12-01,1,2,低频沉睡用户
17634,1,2017-12-03,1,0,新购买用户
17637,5,2017-12-03,3,0,高频多品类用户
17642,3,2017-11-28,3,5,高频多品类用户
17659,1,2017-12-01,1,2,低频沉睡用户
17662,7,2017-12-02,6,1,高频多品类用户
17665,3,2017-12-02,3,1,高频多品类用户
17687,3,2017-12-03,2,0,高频多品类用户
17701,1,2017-11-27,1,6,低频沉睡用户
17704,1,2017-12-01,1,2,低频沉睡用户
17721,1,2017-11-25,1,8,低频沉睡用户
17742,1,2017-12-02,1,1,新购买用户
17745,6,2017-12-03,6,0,高频多品类用户
17799,1,2017-11-28,1,5,低频沉睡用户
17819,5,2017-12-03,5,0,高频多品类用户
17827,1,2017-12-03,1,0,新购买用户
17831,2,2017-12-03,2,0,稳定复购用户
17841,2,2017-12-02,2,1,稳定复购用户
17844,1,2017-12-03,1,0,新购买用户
17846,3,2017-11-27,3,6,高频多品类用户
17847,4,2017-11-28,4,5,高频多品类用户
17865,2,2017-12-03,2,0,稳定复购用户
17868,1,2017-11-29,1,4,低频沉睡用户
17870,3,2017-12-01,3,2,高频多品类用户
17885,4,2017-12-03,4,0,高频多品类用户
17888,2,2017-12-02,2,1,稳定复购用户
17893,1,2017-12-01,1,2,低频沉睡用户
17914,1,2017-11-30,1,3,低频沉睡用户
17917,1,2017-12-03,1,0,新购买用户
17923,2,2017-12-03,2,0,稳定复购用户
17934,1,2017-12-01,1,2,低频沉睡用户
17935,4,2017-12-03,4,0,高频多品类用户
17937,2,2017-12-02,2,1,稳定复购用户
17938,3,2017-11-30,3,3,高频多品类用户
17944,2,2017-11-30,2,3,稳定复购用户
17951,1,2017-12-01,1,2,低频沉睡用户
17954,1,2017-11-26,1,7,低频沉睡用户
17966,1,2017-11-30,1,3,低频沉睡用户
17972,2,2017-11-28,1,5,稳定复购用户
17974,1,2017-12-01,1,2,低频沉睡用户
17986,2,2017-11-29,2,4,稳定复购用户
17988,3,2017-11-30,3,3,高频多品类用户
17990,2,2017-11-29,2,4,稳定复购用户
17998,1,2017-12-02,1,1,新购买用户
17999,1,2017-11-26,1,7,低频沉睡用户
18018,4,2017-12-02,4,1,高频多品类用户
18019,3,2017-12-02,3,1,高频多品类用户
18024,1,2017-12-03,1,0,新购买用户
18027,1,2017-12-02,1,1,新购买用户
18033,4,2017-12-03,3,0,高频多品类用户
18034,1,2017-11-27,1,6,低频沉睡用户
18049,1,2017-11-30,1,3,低频沉睡用户
18050,4,2017-12-02,4,1,高频多品类用户
18051,5,2017-12-03,5,0,高频多品类用户
18052,1,2017-12-02,1,1,新购买用户
18054,1,2017-12-03,1,0,新购买用户
18063,2,2017-11-28,2,5,稳定复购用户
18065,13,2017-12-03,10,0,高频多品类用户
18066,1,2017-12-02,1,1,新购买用户
18079,2,2017-11-28,2,5,稳定复购用户
18096,2,2017-11-30,2,3,稳定复购用户
18099,1,2017-11-27,1,6,低频沉睡用户
18111,1,2017-11-25,1,8,低频沉睡用户
18115,5,2017-12-03,5,0,高频多品类用户
18121,12,2017-12-03,11,0,高频多品类用户
18126,6,2017-11-28,3,5,高频多品类用户
18129,1,2017-11-30,1,3,低频沉睡用户
18152,1,2017-11-27,1,6,低频沉睡用户
18159,5,2017-12-03,4,0,高频多品类用户
18167,3,2017-12-03,2,0,高频多品类用户
18169,6,2017-12-01,5,2,高频多品类用户
18180,8,2017-11-29,6,4,高频多品类用户
18182,1,2017-11-28,1,5,低频沉睡用户
18193,1,2017-11-26,1,7,低频沉睡用户
18221,8,2017-11-29,4,4,高频多品类用户
18236,1,2017-11-25,1,8,低频沉睡用户
18256,5,2017-12-02,4,1,高频多品类用户
18265,1,2017-11-26,1,7,低频沉睡用户
18268,1,2017-11-28,1,5,低频沉睡用户
18273,3,2017-11-25,2,8,高频多品类用户
18281,1,2017-12-02,1,1,新购买用户
18297,1,2017-11-27,1,6,低频沉睡用户
18303,1,2017-11-30,1,3,低频沉睡用户
18325,4,2017-12-01,4,2,高频多品类用户
18326,3,2017-12-03,2,0,高频多品类用户
18329,1,2017-11-30,1,3,低频沉睡用户
18330,1,2017-12-01,1,2,低频沉睡用户
18339,9,2017-12-03,7,0,高频多品类用户
18345,3,2017-12-03,2,0,高频多品类用户
18346,5,2017-11-30,4,3,高频多品类用户
18348,3,2017-12-01,3,2,高频多品类用户
18350,4,2017-12-03,3,0,高频多品类用户
18356,1,2017-11-28,1,5,低频沉睡用户
18358,7,2017-12-03,7,0,高频多品类用户
18361,6,2017-11-29,5,4,高频多品类用户
18362,2,2017-11-29,2,4,稳定复购用户
18376,2,2017-12-01,2,2,稳定复购用户
18377,4,2017-12-03,4,0,高频多品类用户
18384,4,2017-12-02,4,1,高频多品类用户
18392,3,2017-11-27,2,6,高频多品类用户
18401,1,2017-11-28,1,5,低频沉睡用户
18403,4,2017-12-03,3,0,高频多品类用户
18406,1,2017-11-27,1,6,低频沉睡用户
18407,3,2017-12-03,3,0,高频多品类用户
18423,1,2017-12-03,1,0,新购买用户
18437,3,2017-12-03,3,0,高频多品类用户
18443,1,2017-11-30,1,3,低频沉睡用户
18444,5,2017-12-03,4,0,高频多品类用户
18448,2,2017-11-30,2,3,稳定复购用户
18461,2,2017-12-03,2,0,稳定复购用户
18462,11,2017-11-28,7,5,高频多品类用户
18467,3,2017-12-02,2,1,高频多品类用户
18468,3,2017-11-30,3,3,高频多品类用户
18484,2,2017-12-01,2,2,稳定复购用户
18493,1,2017-11-28,1,5,低频沉睡用户
18494,1,2017-11-26,1,7,低频沉睡用户
18495,1,2017-12-03,1,0,新购买用户
18497,1,2017-11-25,1,8,低频沉睡用户
18498,2,2017-12-01,2,2,稳定复购用户
18502,2,2017-11-30,2,3,稳定复购用户
18505,3,2017-12-01,3,2,高频多品类用户
18521,1,2017-11-29,1,4,低频沉睡用户
18536,4,2017-12-02,3,1,高频多品类用户
18538,7,2017-11-27,6,6,高频多品类用户
18540,1,2017-12-02,1,1,新购买用户
18544,5,2017-11-29,5,4,高频多品类用户
18552,2,2017-12-03,2,0,稳定复购用户
18558,1,2017-11-28,1,5,低频沉睡用户
18583,1,2017-11-26,1,7,低频沉睡用户
18584,3,2017-12-01,3,2,高频多品类用户
18590,1,2017-12-01,1,2,低频沉睡用户
18599,1,2017-12-02,1,1,新购买用户
18603,3,2017-11-29,2,4,高频多品类用户
18615,3,2017-12-01,3,2,高频多品类用户
18618,2,2017-11-28,2,5,稳定复购用户
18634,5,2017-12-01,5,2,高频多品类用户
18638,5,2017-12-02,5,1,高频多品类用户
18642,1,2017-11-26,1,7,低频沉睡用户
18658,2,2017-12-03,2,0,稳定复购用户
18668,2,2017-12-01,2,2,稳定复购用户
18673,2,2017-12-01,2,2,稳定复购用户
18675,2,2017-11-29,1,4,稳定复购用户
18680,2,2017-12-03,2,0,稳定复购用户
18686,1,2017-11-25,1,8,低频沉睡用户
18689,2,2017-12-03,2,0,稳定复购用户
18699,5,2017-11-30,5,3,高频多品类用户
18702,4,2017-12-03,4,0,高频多品类用户
18707,2,2017-12-02,1,1,稳定复购用户
18711,21,2017-12-03,10,0,高频多品类用户
18725,3,2017-11-30,3,3,高频多品类用户
18731,2,2017-11-26,1,7,稳定复购用户
18732,3,2017-11-30,2,3,高频多品类用户
18741,1,2017-12-01,1,2,低频沉睡用户
18743,1,2017-12-01,1,2,低频沉睡用户
18747,8,2017-12-03,7,0,高频多品类用户
18748,2,2017-12-02,2,1,稳定复购用户
18749,8,2017-12-03,5,0,高频多品类用户
18755,9,2017-12-03,9,0,高频多品类用户
18757,7,2017-12-03,5,0,高频多品类用户
18769,1,2017-11-28,1,5,低频沉睡用户
18775,1,2017-11-26,1,7,低频沉睡用户
18777,3,2017-12-02,3,1,高频多品类用户
18779,1,2017-12-02,1,1,新购买用户
18783,1,2017-11-28,1,5,低频沉睡用户
18784,2,2017-11-29,2,4,稳定复购用户
18788,1,2017-11-28,1,5,低频沉睡用户
18790,3,2017-12-03,2,0,高频多品类用户
18797,2,2017-12-03,2,0,稳定复购用户
18800,2,2017-11-28,2,5,稳定复购用户
18807,10,2017-12-03,9,0,高频多品类用户
18808,7,2017-12-01,6,2,高频多品类用户
18835,1,2017-11-27,1,6,低频沉睡用户
18839,2,2017-12-02,2,1,稳定复购用户
18844,1,2017-12-02,1,1,新购买用户
18855,1,2017-11-29,1,4,低频沉睡用户
18858,8,2017-12-03,7,0,高频多品类用户
18866,1,2017-11-27,1,6,低频沉睡用户
18882,1,2017-11-29,1,4,低频沉睡用户
18892,2,2017-12-01,2,2,稳定复购用户
18901,2,2017-12-03,2,0,稳定复购用户
18908,3,2017-12-02,3,1,高频多品类用户
18909,4,2017-12-02,4,1,高频多品类用户
18911,1,2017-11-29,1,4,低频沉睡用户
18916,12,2017-12-03,8,0,高频多品类用户
18940,2,2017-12-02,2,1,稳定复购用户
18945,4,2017-12-03,4,0,高频多品类用户
18946,6,2017-12-01,6,2,高频多品类用户
18950,1,2017-11-26,1,7,低频沉睡用户
18954,2,2017-12-02,2,1,稳定复购用户
18955,4,2017-12-01,4,2,高频多品类用户
18956,8,2017-12-01,3,2,高频多品类用户
18960,2,2017-12-02,2,1,稳定复购用户
18962,2,2017-12-03,2,0,稳定复购用户
18963,1,2017-11-29,1,4,低频沉睡用户
18969,4,2017-12-03,4,0,高频多品类用户
18982,3,2017-11-29,3,4,高频多品类用户
18984,11,2017-12-02,6,1,高频多品类用户
19007,2,2017-11-25,2,8,稳定复购用户
19010,2,2017-11-30,2,3,稳定复购用户
19025,2,2017-11-25,2,8,稳定复购用户
19034,1,2017-11-29,1,4,低频沉睡用户
19039,4,2017-12-03,3,0,高频多品类用户
19041,1,2017-11-28,1,5,低频沉睡用户
19052,4,2017-11-27,4,6,高频多品类用户
19056,3,2017-12-02,3,1,高频多品类用户
19074,2,2017-12-03,2,0,稳定复购用户
19076,4,2017-12-03,4,0,高频多品类用户
19079,5,2017-12-02,5,1,高频多品类用户
19083,1,2017-11-27,1,6,低频沉睡用户
19097,7,2017-12-03,6,0,高频多品类用户
19102,3,2017-11-29,3,4,高频多品类用户
19103,1,2017-11-27,1,6,低频沉睡用户
19111,20,2017-12-02,13,1,高频多品类用户
19120,3,2017-12-02,3,1,高频多品类用户
19131,2,2017-12-02,1,1,稳定复购用户
19135,4,2017-12-02,3,1,高频多品类用户
19137,1,2017-12-03,1,0,新购买用户
19151,2,2017-11-29,2,4,稳定复购用户
19161,2,2017-12-03,1,0,稳定复购用户
19176,1,2017-11-30,1,3,低频沉睡用户
19179,18,2017-12-03,3,0,高频多品类用户
19194,1,2017-11-27,1,6,低频沉睡用户
19216,1,2017-11-26,1,7,低频沉睡用户
19223,1,2017-11-25,1,8,低频沉睡用户
19230,2,2017-12-03,2,0,稳定复购用户
19235,1,2017-11-28,1,5,低频沉睡用户
19238,2,2017-11-26,2,7,稳定复购用户
19243,1,2017-11-25,1,8,低频沉睡用户
19254,1,2017-11-27,1,6,低频沉睡用户
19262,2,2017-11-26,2,7,稳定复购用户
19264,6,2017-12-02,5,1,高频多品类用户
19270,4,2017-12-03,4,0,高频多品类用户
19302,2,2017-12-03,2,0,稳定复购用户
19309,2,2017-12-03,2,0,稳定复购用户
19312,4,2017-12-02,4,1,高频多品类用户
19313,5,2017-12-02,5,1,高频多品类用户
19316,1,2017-11-27,1,6,低频沉睡用户
19318,1,2017-11-28,1,5,低频沉睡用户
19324,2,2017-11-26,2,7,稳定复购用户
19326,2,2017-12-02,2,1,稳定复购用户
19332,3,2017-12-03,3,0,高频多品类用户
19339,1,2017-12-03,1,0,新购买用户
19341,1,2017-11-26,1,7,低频沉睡用户
19350,4,2017-11-30,3,3,高频多品类用户
19353,3,2017-12-02,3,1,高频多品类用户
19356,1,2017-12-03,1,0,新购买用户
19361,4,2017-12-03,4,0,高频多品类用户
19364,6,2017-12-03,4,0,高频多品类用户
19382,1,2017-12-02,1,1,新购买用户
19396,6,2017-11-29,6,4,高频多品类用户
19399,6,2017-11-28,6,5,高频多品类用户
19403,1,2017-12-03,1,0,新购买用户
19406,5,2017-12-02,4,1,高频多品类用户
19408,2,2017-12-03,1,0,稳定复购用户
19416,1,2017-11-30,1,3,低频沉睡用户
19434,1,2017-12-02,1,1,新购买用户
19438,1,2017-12-02,1,1,新购买用户
19445,2,2017-12-02,2,1,稳定复购用户
19446,1,2017-11-28,1,5,低频沉睡用户
19447,2,2017-12-01,2,2,稳定复购用户
19458,2,2017-11-29,1,4,稳定复购用户
19460,1,2017-12-02,1,1,新购买用户
19469,2,2017-11-29,2,4,稳定复购用户
19474,1,2017-12-02,1,1,新购买用户
19477,2,2017-12-02,2,1,稳定复购用户
19485,1,2017-12-02,1,1,新购买用户
19490,1,2017-12-02,1,1,新购买用户
19491,2,2017-11-26,2,7,稳定复购用户
19500,6,2017-12-01,4,2,高频多品类用户
19518,2,2017-11-28,2,5,稳定复购用户
19530,4,2017-12-03,4,0,高频多品类用户
19533,1,2017-11-25,1,8,低频沉睡用户
19541,4,2017-11-29,4,4,高频多品类用户
19543,2,2017-12-03,2,0,稳定复购用户
19548,3,2017-11-29,3,4,高频多品类用户
19562,2,2017-11-27,2,6,稳定复购用户
19565,9,2017-12-02,6,1,高频多品类用户
19567,3,2017-11-28,3,5,高频多品类用户
19568,8,2017-12-03,7,0,高频多品类用户
19576,2,2017-12-01,2,2,稳定复购用户
19580,1,2017-11-25,1,8,低频沉睡用户
19585,3,2017-12-02,2,1,高频多品类用户
19593,1,2017-11-30,1,3,低频沉睡用户
19602,9,2017-11-27,7,6,高频多品类用户
19608,1,2017-12-02,1,1,新购买用户
19609,2,2017-11-27,2,6,稳定复购用户
19614,4,2017-12-02,4,1,高频多品类用户
19618,4,2017-12-03,4,0,高频多品类用户
19619,1,2017-12-03,1,0,新购买用户
19622,3,2017-11-30,3,3,高频多品类用户
19623,2,2017-12-02,2,1,稳定复购用户
19627,1,2017-12-02,1,1,新购买用户
19629,2,2017-12-03,2,0,稳定复购用户
19637,1,2017-11-30,1,3,低频沉睡用户
19655,5,2017-11-26,5,7,高频多品类用户
19657,1,2017-11-27,1,6,低频沉睡用户
19660,2,2017-12-03,2,0,稳定复购用户
19661,2,2017-11-27,2,6,稳定复购用户
19664,4,2017-12-03,4,0,高频多品类用户
19665,2,2017-11-27,2,6,稳定复购用户
19671,3,2017-12-02,2,1,高频多品类用户
19691,3,2017-11-27,3,6,高频多品类用户
19699,1,2017-11-28,1,5,低频沉睡用户
19704,3,2017-12-03,1,0,稳定复购用户
19712,4,2017-12-02,3,1,高频多品类用户
19716,1,2017-11-30,1,3,低频沉睡用户
19726,1,2017-11-29,1,4,低频沉睡用户
19733,1,2017-11-27,1,6,低频沉睡用户
19745,2,2017-12-02,2,1,稳定复购用户
19748,5,2017-11-27,4,6,高频多品类用户
19751,2,2017-11-30,2,3,稳定复购用户
19755,2,2017-11-30,2,3,稳定复购用户
19769,2,2017-11-29,2,4,稳定复购用户
19783,4,2017-11-30,4,3,高频多品类用户
19797,1,2017-11-26,1,7,低频沉睡用户
19803,3,2017-12-03,3,0,高频多品类用户
19814,5,2017-12-03,4,0,高频多品类用户
19815,3,2017-12-01,2,2,高频多品类用户
19817,6,2017-12-02,5,1,高频多品类用户
19818,8,2017-12-03,6,0,高频多品类用户
19830,1,2017-11-29,1,4,低频沉睡用户
19838,3,2017-11-30,3,3,高频多品类用户
19858,1,2017-12-01,1,2,低频沉睡用户
19868,1,2017-11-28,1,5,低频沉睡用户
19876,3,2017-12-02,3,1,高频多品类用户
19891,5,2017-12-02,4,1,高频多品类用户
19892,3,2017-11-26,2,7,高频多品类用户
19895,2,2017-11-26,2,7,稳定复购用户
19902,4,2017-11-29,4,4,高频多品类用户
19908,3,2017-11-28,3,5,高频多品类用户
19914,3,2017-12-03,3,0,高频多品类用户
19916,7,2017-12-02,7,1,高频多品类用户
19920,2,2017-11-28,2,5,稳定复购用户
19931,4,2017-12-01,4,2,高频多品类用户
19932,1,2017-11-28,1,5,低频沉睡用户
19938,1,2017-12-03,1,0,新购买用户
19945,1,2017-12-03,1,0,新购买用户
19950,7,2017-12-03,7,0,高频多品类用户
19960,3,2017-11-30,3,3,高频多品类用户
19964,3,2017-11-30,3,3,高频多品类用户
19970,1,2017-12-03,1,0,新购买用户
19993,1,2017-11-30,1,3,低频沉睡用户
20002,1,2017-11-30,1,3,低频沉睡用户
20032,7,2017-12-03,7,0,高频多品类用户
20038,6,2017-12-03,3,0,高频多品类用户
20057,3,2017-11-29,3,4,高频多品类用户
20069,2,2017-11-30,2,3,稳定复购用户
20075,3,2017-12-01,3,2,高频多品类用户
20080,3,2017-11-28,3,5,高频多品类用户
20081,1,2017-11-28,1,5,低频沉睡用户
20083,2,2017-11-29,2,4,稳定复购用户
20088,1,2017-11-26,1,7,低频沉睡用户
20094,1,2017-11-26,1,7,低频沉睡用户
20096,1,2017-11-30,1,3,低频沉睡用户
20103,1,2017-11-29,1,4,低频沉睡用户
20129,2,2017-11-28,2,5,稳定复购用户
20143,7,2017-12-02,5,1,高频多品类用户
20149,3,2017-11-28,3,5,高频多品类用户
20178,2,2017-12-03,2,0,稳定复购用户
20189,3,2017-12-03,3,0,高频多品类用户
20190,2,2017-11-29,2,4,稳定复购用户
20202,1,2017-12-02,1,1,新购买用户
20213,2,2017-11-30,2,3,稳定复购用户
20223,2,2017-11-30,2,3,稳定复购用户
20229,6,2017-12-02,2,1,高频多品类用户
20240,1,2017-11-30,1,3,低频沉睡用户
20246,1,2017-11-30,1,3,低频沉睡用户
20253,1,2017-12-01,1,2,低频沉睡用户
20259,2,2017-12-02,2,1,稳定复购用户
20260,3,2017-12-01,3,2,高频多品类用户
20270,3,2017-11-29,3,4,高频多品类用户
20272,1,2017-12-03,1,0,新购买用户
20294,2,2017-11-27,1,6,稳定复购用户
20299,1,2017-11-28,1,5,低频沉睡用户
20301,2,2017-11-30,2,3,稳定复购用户
20304,4,2017-12-03,3,0,高频多品类用户
20312,7,2017-12-03,7,0,高频多品类用户
20314,4,2017-12-02,3,1,高频多品类用户
20321,5,2017-11-29,5,4,高频多品类用户
20323,3,2017-12-03,3,0,高频多品类用户
20327,2,2017-12-01,2,2,稳定复购用户
20338,6,2017-12-03,5,0,高频多品类用户
20361,3,2017-12-01,3,2,高频多品类用户
20371,4,2017-12-02,4,1,高频多品类用户
20374,7,2017-12-03,7,0,高频多品类用户
20376,2,2017-12-02,1,1,稳定复购用户
20378,5,2017-12-01,5,2,高频多品类用户
20379,3,2017-12-01,3,2,高频多品类用户
20383,2,2017-12-01,1,2,稳定复购用户
20385,1,2017-11-25,1,8,低频沉睡用户
20393,1,2017-11-25,1,8,低频沉睡用户
20395,3,2017-12-03,2,0,高频多品类用户
20401,5,2017-12-01,4,2,高频多品类用户
20405,1,2017-11-28,1,5,低频沉睡用户
20410,2,2017-11-27,2,6,稳定复购用户
20415,1,2017-12-01,1,2,低频沉睡用户
20422,2,2017-11-28,2,5,稳定复购用户
20423,1,2017-11-29,1,4,低频沉睡用户
20475,2,2017-12-03,2,0,稳定复购用户
20495,5,2017-12-03,5,0,高频多品类用户
20497,1,2017-11-26,1,7,低频沉睡用户
20506,3,2017-12-02,3,1,高频多品类用户
20514,2,2017-12-01,2,2,稳定复购用户
20520,2,2017-12-01,2,2,稳定复购用户
20530,5,2017-12-03,3,0,高频多品类用户
20544,3,2017-12-03,2,0,高频多品类用户
20564,3,2017-12-03,2,0,高频多品类用户
20574,1,2017-11-30,1,3,低频沉睡用户
20580,3,2017-12-03,3,0,高频多品类用户
20592,12,2017-12-03,9,0,高频多品类用户
20622,2,2017-11-30,1,3,稳定复购用户
20623,2,2017-12-01,2,2,稳定复购用户
20625,1,2017-11-25,1,8,低频沉睡用户
20632,1,2017-12-01,1,2,低频沉睡用户
20633,2,2017-12-02,2,1,稳定复购用户
20642,3,2017-12-01,2,2,高频多品类用户
20657,1,2017-11-29,1,4,低频沉睡用户
20661,1,2017-11-30,1,3,低频沉睡用户
20662,3,2017-12-03,3,0,高频多品类用户
20665,3,2017-12-01,3,2,高频多品类用户
20666,1,2017-11-28,1,5,低频沉睡用户
20673,1,2017-11-30,1,3,低频沉睡用户
20675,9,2017-12-02,8,1,高频多品类用户
20680,3,2017-12-01,3,2,高频多品类用户
20681,14,2017-12-03,13,0,高频多品类用户
20683,5,2017-11-28,5,5,高频多品类用户
20696,3,2017-11-30,3,3,高频多品类用户
20697,1,2017-12-01,1,2,低频沉睡用户
20704,1,2017-11-27,1,6,低频沉睡用户
20705,1,2017-12-03,1,0,新购买用户
20710,1,2017-12-02,1,1,新购买用户
20714,1,2017-11-29,1,4,低频沉睡用户
20723,4,2017-11-28,4,5,高频多品类用户
20726,3,2017-11-30,2,3,高频多品类用户
20731,9,2017-12-02,8,1,高频多品类用户
20738,1,2017-11-29,1,4,低频沉睡用户
20741,4,2017-12-01,3,2,高频多品类用户
20743,1,2017-12-01,1,2,低频沉睡用户
20747,1,2017-12-02,1,1,新购买用户
20754,5,2017-12-03,3,0,高频多品类用户
20756,1,2017-11-28,1,5,低频沉睡用户
20768,1,2017-11-28,1,5,低频沉睡用户
20772,1,2017-11-29,1,4,低频沉睡用户
20784,1,2017-12-03,1,0,新购买用户
20791,2,2017-11-29,2,4,稳定复购用户
20798,8,2017-12-02,5,1,高频多品类用户
20799,4,2017-12-02,4,1,高频多品类用户
20805,3,2017-11-29,3,4,高频多品类用户
20810,2,2017-11-25,2,8,稳定复购用户
20814,12,2017-12-02,11,1,高频多品类用户
20819,1,2017-11-30,1,3,低频沉睡用户
20837,2,2017-11-29,1,4,稳定复购用户
20844,1,2017-12-02,1,1,新购买用户
20845,1,2017-11-30,1,3,低频沉睡用户
20861,3,2017-12-02,1,1,稳定复购用户
20880,4,2017-12-01,3,2,高频多品类用户
20888,1,2017-11-25,1,8,低频沉睡用户
20890,3,2017-12-01,3,2,高频多品类用户
20891,3,2017-12-02,2,1,高频多品类用户
20901,4,2017-12-01,4,2,高频多品类用户
20908,2,2017-11-30,2,3,稳定复购用户
20916,1,2017-12-03,1,0,新购买用户
20925,3,2017-12-02,3,1,高频多品类用户
20927,1,2017-12-03,1,0,新购买用户
20930,17,2017-12-01,7,2,高频多品类用户
20942,1,2017-11-27,1,6,低频沉睡用户
20945,2,2017-12-02,2,1,稳定复购用户
20960,2,2017-11-27,2,6,稳定复购用户
20966,1,2017-11-28,1,5,低频沉睡用户
20969,3,2017-12-03,3,0,高频多品类用户
20972,9,2017-12-02,7,1,高频多品类用户
20973,2,2017-12-03,1,0,稳定复购用户
20983,3,2017-12-03,3,0,高频多品类用户
20986,1,2017-11-25,1,8,低频沉睡用户
20987,3,2017-12-02,3,1,高频多品类用户
21014,5,2017-12-03,4,0,高频多品类用户
21031,3,2017-11-30,2,3,高频多品类用户
21035,3,2017-11-29,2,4,高频多品类用户
21041,3,2017-12-02,3,1,高频多品类用户
21042,2,2017-12-03,2,0,稳定复购用户
21062,4,2017-12-03,4,0,高频多品类用户
21063,2,2017-12-02,2,1,稳定复购用户
21065,3,2017-12-02,3,1,高频多品类用户
21068,4,2017-12-01,3,2,高频多品类用户
21071,7,2017-12-03,7,0,高频多品类用户
21099,3,2017-11-30,3,3,高频多品类用户
21109,1,2017-12-01,1,2,低频沉睡用户
21112,2,2017-12-01,1,2,稳定复购用户
21113,2,2017-12-03,2,0,稳定复购用户
21118,3,2017-12-02,3,1,高频多品类用户
21120,2,2017-12-01,2,2,稳定复购用户
21124,1,2017-11-25,1,8,低频沉睡用户
21128,1,2017-12-03,1,0,新购买用户
21144,7,2017-11-30,6,3,高频多品类用户
21154,2,2017-11-27,2,6,稳定复购用户
21156,2,2017-11-30,2,3,稳定复购用户
21165,4,2017-12-03,4,0,高频多品类用户
21178,7,2017-12-03,6,0,高频多品类用户
21189,2,2017-12-03,2,0,稳定复购用户
21190,5,2017-12-03,4,0,高频多品类用户
21193,2,2017-12-02,2,1,稳定复购用户
21198,2,2017-11-29,2,4,稳定复购用户
21201,1,2017-11-29,1,4,低频沉睡用户
21211,1,2017-11-27,1,6,低频沉睡用户
21226,2,2017-12-01,2,2,稳定复购用户
21239,5,2017-12-03,5,0,高频多品类用户
21247,5,2017-11-29,5,4,高频多品类用户
21255,3,2017-11-30,3,3,高频多品类用户
21265,3,2017-12-03,2,0,高频多品类用户
21268,1,2017-11-27,1,6,低频沉睡用户
21274,1,2017-11-29,1,4,低频沉睡用户
21294,1,2017-12-02,1,1,新购买用户
21304,1,2017-12-01,1,2,低频沉睡用户
21306,3,2017-12-01,2,2,高频多品类用户
21310,5,2017-12-01,4,2,高频多品类用户
21312,5,2017-11-27,4,6,高频多品类用户
21314,2,2017-12-03,2,0,稳定复购用户
21324,1,2017-11-30,1,3,低频沉睡用户
21332,1,2017-11-28,1,5,低频沉睡用户
21337,3,2017-11-29,3,4,高频多品类用户
21368,3,2017-12-02,2,1,高频多品类用户
21369,1,2017-11-28,1,5,低频沉睡用户
21381,2,2017-11-26,2,7,稳定复购用户
21389,2,2017-11-30,2,3,稳定复购用户
21396,3,2017-11-27,3,6,高频多品类用户
21397,1,2017-12-02,1,1,新购买用户
21401,2,2017-11-27,2,6,稳定复购用户
21403,3,2017-12-02,3,1,高频多品类用户
21410,1,2017-11-25,1,8,低频沉睡用户
21423,1,2017-12-01,1,2,低频沉睡用户
21426,4,2017-12-03,3,0,高频多品类用户
21427,8,2017-11-30,4,3,高频多品类用户
21452,1,2017-11-28,1,5,低频沉睡用户
21454,1,2017-12-01,1,2,低频沉睡用户
21463,1,2017-12-01,1,2,低频沉睡用户
21466,1,2017-11-26,1,7,低频沉睡用户
21467,1,2017-12-03,1,0,新购买用户
21483,1,2017-11-30,1,3,低频沉睡用户
21520,3,2017-12-03,2,0,高频多品类用户
21523,2,2017-12-01,2,2,稳定复购用户
21555,7,2017-12-01,3,2,高频多品类用户
21561,7,2017-12-02,5,1,高频多品类用户
21563,2,2017-11-25,2,8,稳定复购用户
21580,1,2017-11-29,1,4,低频沉睡用户
21583,4,2017-12-01,4,2,高频多品类用户
21590,1,2017-12-03,1,0,新购买用户
21592,1,2017-12-01,1,2,低频沉睡用户
21601,3,2017-12-03,3,0,高频多品类用户
21606,3,2017-12-03,3,0,高频多品类用户
21616,1,2017-11-27,1,6,低频沉睡用户
21621,1,2017-11-30,1,3,低频沉睡用户
21624,1,2017-12-03,1,0,新购买用户
21628,3,2017-12-03,3,0,高频多品类用户
21646,2,2017-11-25,2,8,稳定复购用户
21648,2,2017-12-01,2,2,稳定复购用户
21649,5,2017-11-30,3,3,高频多品类用户
21659,2,2017-12-02,2,1,稳定复购用户
21663,3,2017-12-02,2,1,高频多品类用户
21664,1,2017-12-02,1,1,新购买用户
21668,1,2017-12-03,1,0,新购买用户
21669,2,2017-11-28,2,5,稳定复购用户
21679,5,2017-12-03,4,0,高频多品类用户
21680,2,2017-12-03,2,0,稳定复购用户
21694,6,2017-12-02,4,1,高频多品类用户
21702,3,2017-11-27,2,6,高频多品类用户
21706,5,2017-11-30,4,3,高频多品类用户
21713,5,2017-12-03,5,0,高频多品类用户
21722,1,2017-11-25,1,8,低频沉睡用户
21728,11,2017-12-01,10,2,高频多品类用户
21736,1,2017-12-02,1,1,新购买用户
21754,1,2017-11-25,1,8,低频沉睡用户
21757,1,2017-11-27,1,6,低频沉睡用户
21766,3,2017-11-27,3,6,高频多品类用户
21785,1,2017-11-27,1,6,低频沉睡用户
21789,11,2017-11-30,11,3,高频多品类用户
21793,2,2017-11-27,2,6,稳定复购用户
21801,2,2017-12-03,2,0,稳定复购用户
21821,11,2017-12-03,11,0,高频多品类用户
100002,1,2017-11-30,1,3,低频沉睡用户
100009,2,2017-12-02,2,1,稳定复购用户
100030,4,2017-11-25,1,8,稳定复购用户
100059,1,2017-11-27,1,6,低频沉睡用户
100068,4,2017-11-30,4,3,高频多品类用户
100075,2,2017-11-30,1,3,稳定复购用户
100088,2,2017-12-02,2,1,稳定复购用户
100091,3,2017-12-03,3,0,高频多品类用户
100095,1,2017-11-29,1,4,低频沉睡用户
100101,28,2017-12-03,26,0,高频多品类用户
100103,1,2017-12-02,1,1,新购买用户
100105,3,2017-12-03,3,0,高频多品类用户
100107,3,2017-12-03,2,0,高频多品类用户
100109,1,2017-11-29,1,4,低频沉睡用户
100113,3,2017-11-29,2,4,高频多品类用户
100116,13,2017-12-03,12,0,高频多品类用户
100128,2,2017-12-02,2,1,稳定复购用户
100134,6,2017-11-28,5,5,高频多品类用户
100141,2,2017-12-02,1,1,稳定复购用户
100164,1,2017-11-29,1,4,低频沉睡用户
100173,8,2017-12-03,6,0,高频多品类用户
100177,3,2017-11-28,2,5,高频多品类用户
100184,1,2017-12-02,1,1,新购买用户
100186,5,2017-12-02,5,1,高频多品类用户
100191,5,2017-12-01,5,2,高频多品类用户
100197,2,2017-12-03,2,0,稳定复购用户
100204,5,2017-11-28,5,5,高频多品类用户
100215,3,2017-12-02,2,1,高频多品类用户
100225,2,2017-12-03,1,0,稳定复购用户
100227,1,2017-12-03,1,0,新购买用户
100234,6,2017-11-28,6,5,高频多品类用户
100242,5,2017-11-30,4,3,高频多品类用户
100243,2,2017-12-03,2,0,稳定复购用户
100249,2,2017-11-28,2,5,稳定复购用户
100257,6,2017-12-02,6,1,高频多品类用户
100259,1,2017-11-29,1,4,低频沉睡用户
100261,2,2017-12-03,2,0,稳定复购用户
100264,2,2017-12-02,2,1,稳定复购用户
100277,1,2017-11-27,1,6,低频沉睡用户
100279,3,2017-12-03,1,0,稳定复购用户
100284,1,2017-11-27,1,6,低频沉睡用户
100285,1,2017-12-01,1,2,低频沉睡用户
100292,2,2017-11-27,2,6,稳定复购用户
100294,5,2017-12-03,4,0,高频多品类用户
100307,2,2017-11-30,2,3,稳定复购用户
100308,1,2017-11-28,1,5,低频沉睡用户
100313,1,2017-12-02,1,1,新购买用户
100318,2,2017-12-03,2,0,稳定复购用户
100324,2,2017-11-28,2,5,稳定复购用户
100339,1,2017-11-26,1,7,低频沉睡用户
100340,3,2017-12-01,3,2,高频多品类用户
100346,1,2017-11-30,1,3,低频沉睡用户
100356,6,2017-12-03,6,0,高频多品类用户
100357,2,2017-12-02,2,1,稳定复购用户
100363,2,2017-11-28,2,5,稳定复购用户
100370,2,2017-12-03,2,0,稳定复购用户
100377,3,2017-12-03,2,0,高频多品类用户
100388,3,2017-12-03,3,0,高频多品类用户
100395,2,2017-12-02,2,1,稳定复购用户
100401,2,2017-11-26,2,7,稳定复购用户
100428,1,2017-11-28,1,5,低频沉睡用户
100440,1,2017-12-03,1,0,新购买用户
100451,3,2017-12-03,3,0,高频多品类用户
100453,1,2017-12-03,1,0,新购买用户
100477,6,2017-12-03,6,0,高频多品类用户
100483,6,2017-12-02,6,1,高频多品类用户
100493,2,2017-11-29,2,4,稳定复购用户
100501,1,2017-11-29,1,4,低频沉睡用户
100523,3,2017-11-28,3,5,高频多品类用户
100528,6,2017-12-03,5,0,高频多品类用户
100531,2,2017-12-01,1,2,稳定复购用户
100540,4,2017-11-30,3,3,高频多品类用户
100561,2,2017-12-02,2,1,稳定复购用户
100567,2,2017-11-30,2,3,稳定复购用户
100580,6,2017-11-29,5,4,高频多品类用户
100595,2,2017-11-30,2,3,稳定复购用户
100599,6,2017-12-03,4,0,高频多品类用户
100600,3,2017-12-02,2,1,高频多品类用户
100614,2,2017-11-30,2,3,稳定复购用户
100615,2,2017-11-30,2,3,稳定复购用户
100641,1,2017-12-02,1,1,新购买用户
100663,4,2017-12-02,4,1,高频多品类用户
100664,1,2017-11-28,1,5,低频沉睡用户
100678,11,2017-12-03,7,0,高频多品类用户
100688,2,2017-11-29,2,4,稳定复购用户
100700,2,2017-11-27,2,6,稳定复购用户
100702,1,2017-11-30,1,3,低频沉睡用户
100712,1,2017-11-29,1,4,低频沉睡用户
100719,1,2017-11-26,1,7,低频沉睡用户
100734,2,2017-12-02,2,1,稳定复购用户
100740,3,2017-12-02,3,1,高频多品类用户
100757,3,2017-12-01,3,2,高频多品类用户
100760,3,2017-11-27,3,6,高频多品类用户
100762,2,2017-12-01,2,2,稳定复购用户
100772,2,2017-12-03,1,0,稳定复购用户
100781,1,2017-11-25,1,8,低频沉睡用户
100794,2,2017-12-01,2,2,稳定复购用户
100797,5,2017-12-02,5,1,高频多品类用户
100800,1,2017-12-02,1,1,新购买用户
100803,4,2017-12-02,2,1,高频多品类用户
100812,5,2017-12-01,5,2,高频多品类用户
100814,2,2017-12-03,2,0,稳定复购用户
100815,1,2017-11-29,1,4,低频沉睡用户
100816,1,2017-11-29,1,4,低频沉睡用户
100821,3,2017-12-03,2,0,高频多品类用户
100822,2,2017-12-02,2,1,稳定复购用户
100847,1,2017-12-01,1,2,低频沉睡用户
100856,2,2017-12-02,2,1,稳定复购用户
100860,6,2017-12-03,5,0,高频多品类用户
100865,1,2017-11-30,1,3,低频沉睡用户
100871,3,2017-12-02,3,1,高频多品类用户
100877,1,2017-11-26,1,7,低频沉睡用户
100891,2,2017-11-27,2,6,稳定复购用户
100893,1,2017-11-30,1,3,低频沉睡用户
100901,1,2017-12-01,1,2,低频沉睡用户
100925,4,2017-12-03,4,0,高频多品类用户
100927,1,2017-11-26,1,7,低频沉睡用户
100933,1,2017-11-28,1,5,低频沉睡用户
100970,1,2017-11-25,1,8,低频沉睡用户
100977,3,2017-11-26,2,7,高频多品类用户
100992,2,2017-12-02,2,1,稳定复购用户
101001,4,2017-12-03,4,0,高频多品类用户
101003,6,2017-11-30,5,3,高频多品类用户
101008,12,2017-12-03,12,0,高频多品类用户
101013,1,2017-12-01,1,2,低频沉睡用户
101021,2,2017-11-26,2,7,稳定复购用户
101023,6,2017-12-01,5,2,高频多品类用户
101024,2,2017-11-28,1,5,稳定复购用户
101033,2,2017-12-01,2,2,稳定复购用户
101047,3,2017-12-03,3,0,高频多品类用户
101056,1,2017-11-25,1,8,低频沉睡用户
101058,1,2017-11-29,1,4,低频沉睡用户
101063,2,2017-11-30,2,3,稳定复购用户
101082,7,2017-12-02,6,1,高频多品类用户
101084,1,2017-11-27,1,6,低频沉睡用户
101088,3,2017-12-02,2,1,高频多品类用户
101092,5,2017-12-02,5,1,高频多品类用户
101096,6,2017-12-01,6,2,高频多品类用户
101101,1,2017-11-30,1,3,低频沉睡用户
101104,2,2017-11-30,2,3,稳定复购用户
101112,2,2017-11-30,2,3,稳定复购用户
101114,2,2017-12-02,2,1,稳定复购用户
101144,1,2017-12-03,1,0,新购买用户
101150,1,2017-12-02,1,1,新购买用户
101157,1,2017-11-29,1,4,低频沉睡用户
101165,2,2017-12-02,2,1,稳定复购用户
101182,3,2017-12-03,3,0,高频多品类用户
101188,8,2017-12-01,8,2,高频多品类用户
101189,2,2017-11-29,2,4,稳定复购用户
101190,2,2017-12-02,2,1,稳定复购用户
101204,2,2017-11-29,2,4,稳定复购用户
101210,1,2017-11-28,1,5,低频沉睡用户
101212,9,2017-12-03,8,0,高频多品类用户
101217,1,2017-12-02,1,1,新购买用户
101230,2,2017-12-03,2,0,稳定复购用户
101231,2,2017-11-29,2,4,稳定复购用户
101239,4,2017-12-03,4,0,高频多品类用户
101245,3,2017-11-30,3,3,高频多品类用户
101249,8,2017-12-03,5,0,高频多品类用户
101260,2,2017-11-29,2,4,稳定复购用户
101269,1,2017-12-03,1,0,新购买用户
101300,1,2017-11-25,1,8,低频沉睡用户
101303,4,2017-12-03,3,0,高频多品类用户
101305,6,2017-12-03,3,0,高频多品类用户
101306,4,2017-12-01,4,2,高频多品类用户
101312,4,2017-12-03,4,0,高频多品类用户
101313,1,2017-11-25,1,8,低频沉睡用户
101319,1,2017-11-30,1,3,低频沉睡用户
101320,1,2017-11-29,1,4,低频沉睡用户
101321,1,2017-12-02,1,1,新购买用户
101326,1,2017-11-29,1,4,低频沉睡用户
101335,2,2017-12-02,2,1,稳定复购用户
101339,2,2017-12-02,1,1,稳定复购用户
101340,1,2017-11-28,1,5,低频沉睡用户
101343,2,2017-11-25,1,8,稳定复购用户
101345,1,2017-11-26,1,7,低频沉睡用户
101352,1,2017-11-26,1,7,低频沉睡用户
101381,14,2017-12-03,11,0,高频多品类用户
101391,2,2017-11-29,2,4,稳定复购用户
101392,3,2017-12-02,3,1,高频多品类用户
101393,1,2017-12-02,1,1,新购买用户
101394,3,2017-12-02,3,1,高频多品类用户
101402,1,2017-11-30,1,3,低频沉睡用户
101413,1,2017-12-03,1,0,新购买用户
101417,3,2017-12-03,3,0,高频多品类用户
101418,1,2017-11-29,1,4,低频沉睡用户
101420,6,2017-12-03,6,0,高频多品类用户
101422,2,2017-12-03,2,0,稳定复购用户
101431,1,2017-11-30,1,3,低频沉睡用户
101433,2,2017-11-30,2,3,稳定复购用户
101434,1,2017-12-02,1,1,新购买用户
101448,1,2017-11-28,1,5,低频沉睡用户
101457,2,2017-12-02,2,1,稳定复购用户
101473,3,2017-12-02,3,1,高频多品类用户
101474,2,2017-12-02,2,1,稳定复购用户
101489,1,2017-12-03,1,0,新购买用户
101502,2,2017-11-27,2,6,稳定复购用户
101515,4,2017-12-03,4,0,高频多品类用户
101516,1,2017-11-30,1,3,低频沉睡用户
101526,11,2017-12-01,4,2,高频多品类用户
101527,3,2017-12-03,2,0,高频多品类用户
101528,5,2017-12-01,4,2,高频多品类用户
101556,3,2017-12-03,2,0,高频多品类用户
101575,1,2017-11-27,1,6,低频沉睡用户
101583,6,2017-12-02,6,1,高频多品类用户
101589,1,2017-12-03,1,0,新购买用户
101599,1,2017-12-02,1,1,新购买用户
101606,2,2017-11-30,2,3,稳定复购用户
101613,4,2017-11-30,3,3,高频多品类用户
101638,1,2017-11-25,1,8,低频沉睡用户
101640,3,2017-12-03,3,0,高频多品类用户
101653,2,2017-12-02,2,1,稳定复购用户
101660,8,2017-12-02,7,1,高频多品类用户
101661,1,2017-12-02,1,1,新购买用户
101666,1,2017-12-01,1,2,低频沉睡用户
101673,2,2017-12-03,2,0,稳定复购用户
101674,1,2017-11-25,1,8,低频沉睡用户
101678,6,2017-12-02,4,1,高频多品类用户
101733,1,2017-11-27,1,6,低频沉睡用户
101738,2,2017-11-25,2,8,稳定复购用户
101744,4,2017-12-03,3,0,高频多品类用户
101762,1,2017-11-27,1,6,低频沉睡用户
101767,1,2017-12-03,1,0,新购买用户
101771,4,2017-12-02,2,1,高频多品类用户
101777,4,2017-12-02,4,1,高频多品类用户
101797,3,2017-11-30,3,3,高频多品类用户
101808,4,2017-12-01,4,2,高频多品类用户
101817,3,2017-11-28,3,5,高频多品类用户
101832,21,2017-12-03,19,0,高频多品类用户
101838,3,2017-12-01,3,2,高频多品类用户
101843,1,2017-12-02,1,1,新购买用户
101855,4,2017-12-03,4,0,高频多品类用户
101861,1,2017-12-02,1,1,新购买用户
101872,1,2017-11-30,1,3,低频沉睡用户
101896,2,2017-11-28,2,5,稳定复购用户
101904,3,2017-12-03,2,0,高频多品类用户
101907,3,2017-11-29,3,4,高频多品类用户
101909,1,2017-12-03,1,0,新购买用户
101918,1,2017-11-28,1,5,低频沉睡用户
101929,3,2017-12-01,3,2,高频多品类用户
101947,1,2017-11-25,1,8,低频沉睡用户
101951,1,2017-12-01,1,2,低频沉睡用户
101953,1,2017-12-02,1,1,新购买用户
101954,3,2017-12-03,3,0,高频多品类用户
101982,2,2017-11-29,2,4,稳定复购用户
101983,9,2017-12-03,9,0,高频多品类用户
101989,1,2017-12-01,1,2,低频沉睡用户
102004,1,2017-11-27,1,6,低频沉睡用户
102018,1,2017-11-30,1,3,低频沉睡用户
102019,4,2017-11-29,1,4,稳定复购用户
102020,6,2017-12-02,6,1,高频多品类用户
102030,1,2017-11-29,1,4,低频沉睡用户
102034,4,2017-11-26,3,7,高频多品类用户
102048,3,2017-12-02,3,1,高频多品类用户
102050,6,2017-12-02,5,1,高频多品类用户
102069,3,2017-12-01,2,2,高频多品类用户
102075,4,2017-12-01,4,2,高频多品类用户
102083,1,2017-12-02,1,1,新购买用户
102088,1,2017-11-29,1,4,低频沉睡用户
102101,1,2017-12-02,1,1,新购买用户
102103,4,2017-12-02,3,1,高频多品类用户
102110,6,2017-11-28,2,5,高频多品类用户
102111,3,2017-12-03,3,0,高频多品类用户
102119,1,2017-12-02,1,1,新购买用户
102120,1,2017-11-29,1,4,低频沉睡用户
102124,2,2017-11-30,2,3,稳定复购用户
102126,2,2017-12-02,2,1,稳定复购用户
102138,1,2017-11-30,1,3,低频沉睡用户
102159,1,2017-12-01,1,2,低频沉睡用户
102162,1,2017-11-28,1,5,低频沉睡用户
102163,5,2017-12-03,5,0,高频多品类用户
102169,1,2017-11-29,1,4,低频沉睡用户
102184,1,2017-11-28,1,5,低频沉睡用户
102189,1,2017-11-26,1,7,低频沉睡用户
102220,8,2017-11-29,7,4,高频多品类用户
102236,2,2017-11-29,2,4,稳定复购用户
102237,1,2017-11-25,1,8,低频沉睡用户
102246,1,2017-11-30,1,3,低频沉睡用户
102248,2,2017-12-01,1,2,稳定复购用户
102257,8,2017-12-03,5,0,高频多品类用户
102260,1,2017-11-25,1,8,低频沉睡用户
102270,4,2017-12-02,4,1,高频多品类用户
102286,1,2017-12-03,1,0,新购买用户
102294,2,2017-12-03,2,0,稳定复购用户
102302,6,2017-12-03,4,0,高频多品类用户
102304,6,2017-12-02,5,1,高频多品类用户
102307,2,2017-11-29,2,4,稳定复购用户
102308,1,2017-11-26,1,7,低频沉睡用户
102315,2,2017-12-01,2,2,稳定复购用户
102318,2,2017-12-01,2,2,稳定复购用户
102319,3,2017-11-27,3,6,高频多品类用户
102325,2,2017-12-02,2,1,稳定复购用户
102359,3,2017-11-29,2,4,高频多品类用户
102385,6,2017-11-30,6,3,高频多品类用户
102386,7,2017-12-03,6,0,高频多品类用户
102390,1,2017-12-03,1,0,新购买用户
102391,3,2017-12-03,3,0,高频多品类用户
102397,3,2017-11-28,3,5,高频多品类用户
102398,3,2017-11-29,2,4,高频多品类用户
102403,4,2017-11-27,4,6,高频多品类用户
102409,3,2017-12-03,3,0,高频多品类用户
102410,1,2017-11-28,1,5,低频沉睡用户
102417,3,2017-11-29,3,4,高频多品类用户
102422,7,2017-12-02,6,1,高频多品类用户
102424,2,2017-11-27,2,6,稳定复购用户
102434,3,2017-11-27,3,6,高频多品类用户
102436,1,2017-12-01,1,2,低频沉睡用户
102450,1,2017-11-29,1,4,低频沉睡用户
102481,3,2017-12-02,3,1,高频多品类用户
102487,3,2017-12-01,3,2,高频多品类用户
102495,3,2017-12-02,2,1,高频多品类用户
102496,3,2017-11-25,2,8,高频多品类用户
102508,1,2017-12-02,1,1,新购买用户
102509,2,2017-12-01,2,2,稳定复购用户
102519,2,2017-12-03,2,0,稳定复购用户
102523,2,2017-11-25,2,8,稳定复购用户
102526,1,2017-11-28,1,5,低频沉睡用户
102534,1,2017-11-27,1,6,低频沉睡用户
102546,3,2017-11-30,2,3,高频多品类用户
102569,3,2017-12-02,3,1,高频多品类用户
102574,5,2017-12-03,4,0,高频多品类用户
102580,1,2017-11-29,1,4,低频沉睡用户
102596,3,2017-12-03,2,0,高频多品类用户
102604,3,2017-12-03,3,0,高频多品类用户
102605,2,2017-11-25,2,8,稳定复购用户
102609,1,2017-11-30,1,3,低频沉睡用户
102617,6,2017-12-03,5,0,高频多品类用户
102626,4,2017-12-02,4,1,高频多品类用户
102632,9,2017-12-03,8,0,高频多品类用户
102633,7,2017-12-02,6,1,高频多品类用户
102634,1,2017-12-02,1,1,新购买用户
102642,1,2017-11-30,1,3,低频沉睡用户
102644,1,2017-11-26,1,7,低频沉睡用户
102647,1,2017-12-03,1,0,新购买用户
102654,4,2017-12-03,4,0,高频多品类用户
102662,1,2017-11-27,1,6,低频沉睡用户
102664,3,2017-12-03,3,0,高频多品类用户
102666,1,2017-11-29,1,4,低频沉睡用户
102667,1,2017-12-03,1,0,新购买用户
102682,4,2017-12-02,4,1,高频多品类用户
102686,3,2017-12-03,3,0,高频多品类用户
102690,1,2017-11-27,1,6,低频沉睡用户
102697,3,2017-12-02,3,1,高频多品类用户
102702,3,2017-12-03,3,0,高频多品类用户
102703,5,2017-12-03,3,0,高频多品类用户
102715,2,2017-11-30,1,3,稳定复购用户
102716,12,2017-11-30,4,3,高频多品类用户
102719,6,2017-12-02,5,1,高频多品类用户
102721,5,2017-12-03,5,0,高频多品类用户
102728,5,2017-12-02,4,1,高频多品类用户
102731,3,2017-12-02,3,1,高频多品类用户
102742,18,2017-12-03,14,0,高频多品类用户
102748,2,2017-12-02,2,1,稳定复购用户
102750,2,2017-12-02,2,1,稳定复购用户
102762,6,2017-12-03,5,0,高频多品类用户
102768,2,2017-12-02,2,1,稳定复购用户
102773,6,2017-12-03,5,0,高频多品类用户
102774,6,2017-12-03,5,0,高频多品类用户
102783,1,2017-11-28,1,5,低频沉睡用户
102784,3,2017-11-29,3,4,高频多品类用户
102788,8,2017-11-30,7,3,高频多品类用户
102795,4,2017-12-02,4,1,高频多品类用户
102802,6,2017-11-30,6,3,高频多品类用户
102856,1,2017-12-03,1,0,新购买用户
102867,3,2017-11-30,1,3,稳定复购用户
102873,2,2017-12-01,2,2,稳定复购用户
102876,3,2017-12-03,3,0,高频多品类用户
102879,1,2017-12-03,1,0,新购买用户
102882,2,2017-12-01,2,2,稳定复购用户
102885,2,2017-12-03,1,0,稳定复购用户
102897,1,2017-11-30,1,3,低频沉睡用户
102903,3,2017-12-01,3,2,高频多品类用户
102917,4,2017-11-29,4,4,高频多品类用户
102928,1,2017-11-29,1,4,低频沉睡用户
102930,2,2017-11-28,2,5,稳定复购用户
102932,4,2017-11-30,4,3,高频多品类用户
102933,5,2017-12-02,5,1,高频多品类用户
102945,1,2017-11-27,1,6,低频沉睡用户
102953,29,2017-12-03,25,0,高频多品类用户
102954,1,2017-11-29,1,4,低频沉睡用户
102960,1,2017-11-25,1,8,低频沉睡用户
102971,1,2017-11-29,1,4,低频沉睡用户
102972,6,2017-12-02,6,1,高频多品类用户
102976,1,2017-11-29,1,4,低频沉睡用户
102981,2,2017-12-02,2,1,稳定复购用户
102986,2,2017-12-01,1,2,稳定复购用户
103001,2,2017-11-29,2,4,稳定复购用户
103004,1,2017-12-03,1,0,新购买用户
103005,2,2017-12-01,2,2,稳定复购用户
103019,1,2017-12-03,1,0,新购买用户
103023,1,2017-11-27,1,6,低频沉睡用户
103046,1,2017-12-03,1,0,新购买用户
103054,3,2017-12-03,3,0,高频多品类用户
103062,4,2017-12-02,4,1,高频多品类用户
103067,1,2017-11-27,1,6,低频沉睡用户
103071,5,2017-12-01,5,2,高频多品类用户
103079,3,2017-11-27,2,6,高频多品类用户
103082,4,2017-11-30,4,3,高频多品类用户
103084,3,2017-12-03,3,0,高频多品类用户
103091,1,2017-11-25,1,8,低频沉睡用户
103096,5,2017-12-02,4,1,高频多品类用户
103098,1,2017-11-25,1,8,低频沉睡用户
103112,1,2017-12-01,1,2,低频沉睡用户
103121,2,2017-12-01,2,2,稳定复购用户
103128,2,2017-12-03,2,0,稳定复购用户
103139,3,2017-11-29,3,4,高频多品类用户
103141,18,2017-11-30,16,3,高频多品类用户
103143,1,2017-12-03,1,0,新购买用户
103146,4,2017-11-30,3,3,高频多品类用户
103147,3,2017-12-03,3,0,高频多品类用户
103151,2,2017-12-02,2,1,稳定复购用户
103153,10,2017-12-02,3,1,高频多品类用户
103156,6,2017-12-02,6,1,高频多品类用户
103159,4,2017-12-03,4,0,高频多品类用户
103162,1,2017-11-30,1,3,低频沉睡用户
103164,1,2017-11-27,1,6,低频沉睡用户
103165,1,2017-12-03,1,0,新购买用户
103170,2,2017-12-02,2,1,稳定复购用户
103175,1,2017-11-30,1,3,低频沉睡用户
103177,4,2017-12-03,3,0,高频多品类用户
103178,3,2017-12-01,3,2,高频多品类用户
103197,5,2017-12-01,5,2,高频多品类用户
103202,5,2017-12-02,4,1,高频多品类用户
103207,1,2017-11-25,1,8,低频沉睡用户
103213,1,2017-11-30,1,3,低频沉睡用户
103229,3,2017-12-03,3,0,高频多品类用户
103242,14,2017-12-02,13,1,高频多品类用户
103246,5,2017-12-03,3,0,高频多品类用户
103259,1,2017-11-26,1,7,低频沉睡用户
103260,3,2017-11-29,2,4,高频多品类用户
103261,1,2017-11-25,1,8,低频沉睡用户
103272,2,2017-11-29,2,4,稳定复购用户
103275,2,2017-12-03,2,0,稳定复购用户
103277,1,2017-11-26,1,7,低频沉睡用户
103303,6,2017-12-02,4,1,高频多品类用户
103305,1,2017-11-26,1,7,低频沉睡用户
103308,5,2017-11-27,3,6,高频多品类用户
103310,1,2017-12-03,1,0,新购买用户
103312,3,2017-11-28,3,5,高频多品类用户
103313,1,2017-11-29,1,4,低频沉睡用户
103317,2,2017-12-03,2,0,稳定复购用户
103332,2,2017-11-29,2,4,稳定复购用户
103347,1,2017-11-27,1,6,低频沉睡用户
103367,1,2017-11-25,1,8,低频沉睡用户
103373,3,2017-12-02,3,1,高频多品类用户
103379,3,2017-11-26,3,7,高频多品类用户
103382,4,2017-11-30,3,3,高频多品类用户
103388,1,2017-12-02,1,1,新购买用户
103390,1,2017-11-26,1,7,低频沉睡用户
103395,1,2017-12-02,1,1,新购买用户
103402,2,2017-12-01,2,2,稳定复购用户
103414,1,2017-12-01,1,2,低频沉睡用户
103416,1,2017-11-29,1,4,低频沉睡用户
103425,1,2017-12-02,1,1,新购买用户
103427,4,2017-11-29,4,4,高频多品类用户
103435,2,2017-11-27,2,6,稳定复购用户
103439,7,2017-12-03,7,0,高频多品类用户
103446,3,2017-12-02,2,1,高频多品类用户
103448,3,2017-12-02,2,1,高频多品类用户
103454,1,2017-11-25,1,8,低频沉睡用户
103458,3,2017-12-02,3,1,高频多品类用户
103463,3,2017-11-28,3,5,高频多品类用户
103469,3,2017-12-02,2,1,高频多品类用户
103480,2,2017-12-02,2,1,稳定复购用户
103481,1,2017-11-28,1,5,低频沉睡用户
103492,2,2017-12-03,2,0,稳定复购用户
103509,8,2017-12-03,8,0,高频多品类用户
103511,4,2017-12-03,4,0,高频多品类用户
103530,2,2017-12-03,2,0,稳定复购用户
103532,15,2017-12-03,14,0,高频多品类用户
103538,4,2017-11-30,3,3,高频多品类用户
103540,3,2017-12-03,3,0,高频多品类用户
103543,1,2017-11-25,1,8,低频沉睡用户
103552,7,2017-11-30,7,3,高频多品类用户
103574,2,2017-12-03,2,0,稳定复购用户
103582,1,2017-12-03,1,0,新购买用户
103584,1,2017-12-01,1,2,低频沉睡用户
103585,4,2017-12-03,3,0,高频多品类用户
103611,1,2017-12-01,1,2,低频沉睡用户
103614,1,2017-11-28,1,5,低频沉睡用户
103623,2,2017-11-30,1,3,稳定复购用户
103627,5,2017-12-03,5,0,高频多品类用户
103628,1,2017-12-03,1,0,新购买用户
103630,1,2017-11-27,1,6,低频沉睡用户
103634,3,2017-11-27,3,6,高频多品类用户
103636,1,2017-11-26,1,7,低频沉睡用户
103643,2,2017-12-03,2,0,稳定复购用户
103650,1,2017-11-28,1,5,低频沉睡用户
103651,1,2017-11-28,1,5,低频沉睡用户
103680,2,2017-12-03,1,0,稳定复购用户
103683,1,2017-11-26,1,7,低频沉睡用户
103694,1,2017-12-02,1,1,新购买用户
103702,1,2017-11-30,1,3,低频沉睡用户
103704,1,2017-12-01,1,2,低频沉睡用户
103709,1,2017-11-29,1,4,低频沉睡用户
103710,6,2017-12-03,6,0,高频多品类用户
103712,3,2017-12-03,3,0,高频多品类用户
103716,1,2017-12-03,1,0,新购买用户
103732,1,2017-11-30,1,3,低频沉睡用户
103733,1,2017-12-03,1,0,新购买用户
103741,2,2017-11-30,2,3,稳定复购用户
103756,2,2017-12-02,2,1,稳定复购用户
103760,2,2017-12-02,2,1,稳定复购用户
103775,3,2017-12-01,3,2,高频多品类用户
103777,1,2017-12-03,1,0,新购买用户
103780,6,2017-12-02,6,1,高频多品类用户
103790,7,2017-12-02,7,1,高频多品类用户
103803,2,2017-12-01,2,2,稳定复购用户
103807,1,2017-11-30,1,3,低频沉睡用户
103810,3,2017-12-02,3,1,高频多品类用户
103814,2,2017-12-03,2,0,稳定复购用户
103817,4,2017-12-02,4,1,高频多品类用户
103834,1,2017-12-02,1,1,新购买用户
103846,3,2017-12-03,3,0,高频多品类用户
103852,7,2017-12-02,7,1,高频多品类用户
103854,5,2017-11-30,5,3,高频多品类用户
103856,1,2017-11-25,1,8,低频沉睡用户
103863,1,2017-11-28,1,5,低频沉睡用户
103884,3,2017-11-29,2,4,高频多品类用户
103895,8,2017-12-02,8,1,高频多品类用户
103902,6,2017-11-29,5,4,高频多品类用户
103904,5,2017-11-30,3,3,高频多品类用户
103910,2,2017-12-03,2,0,稳定复购用户
103912,2,2017-12-03,1,0,稳定复购用户
103914,1,2017-12-03,1,0,新购买用户
103917,1,2017-12-02,1,1,新购买用户
103923,1,2017-11-30,1,3,低频沉睡用户
103949,1,2017-11-25,1,8,低频沉睡用户
103957,1,2017-12-03,1,0,新购买用户
103965,3,2017-11-25,3,8,高频多品类用户
103966,4,2017-12-03,3,0,高频多品类用户
103973,1,2017-11-28,1,5,低频沉睡用户
103983,2,2017-11-25,2,8,稳定复购用户
104005,1,2017-11-28,1,5,低频沉睡用户
104010,4,2017-12-01,4,2,高频多品类用户
104013,3,2017-12-02,3,1,高频多品类用户
104014,1,2017-11-30,1,3,低频沉睡用户
104019,5,2017-12-03,5,0,高频多品类用户
104042,2,2017-11-25,2,8,稳定复购用户
104047,1,2017-12-01,1,2,低频沉睡用户
104051,1,2017-11-30,1,3,低频沉睡用户
104053,4,2017-12-02,4,1,高频多品类用户
104065,3,2017-12-02,2,1,高频多品类用户
104066,3,2017-12-01,3,2,高频多品类用户
104082,2,2017-11-29,2,4,稳定复购用户
104083,15,2017-12-03,8,0,高频多品类用户
104088,3,2017-11-27,3,6,高频多品类用户
104098,6,2017-12-02,6,1,高频多品类用户
104103,2,2017-11-26,2,7,稳定复购用户
104110,2,2017-11-26,2,7,稳定复购用户
104111,2,2017-11-28,2,5,稳定复购用户
104115,2,2017-12-03,2,0,稳定复购用户
104127,1,2017-11-27,1,6,低频沉睡用户
104130,2,2017-12-03,1,0,稳定复购用户
104137,2,2017-11-27,2,6,稳定复购用户
104142,7,2017-12-03,7,0,高频多品类用户
104165,2,2017-12-02,2,1,稳定复购用户
104166,12,2017-12-03,9,0,高频多品类用户
104169,1,2017-12-01,1,2,低频沉睡用户
104174,3,2017-12-02,3,1,高频多品类用户
104191,3,2017-12-02,3,1,高频多品类用户
104192,5,2017-11-28,5,5,高频多品类用户
104201,4,2017-11-26,3,7,高频多品类用户
104216,4,2017-12-01,4,2,高频多品类用户
104241,3,2017-11-28,2,5,高频多品类用户
104249,3,2017-12-03,3,0,高频多品类用户
104252,2,2017-11-30,2,3,稳定复购用户
104253,1,2017-11-28,1,5,低频沉睡用户
104264,4,2017-11-30,3,3,高频多品类用户
104267,1,2017-11-26,1,7,低频沉睡用户
104280,1,2017-11-27,1,6,低频沉睡用户
104293,1,2017-11-26,1,7,低频沉睡用户
104303,1,2017-12-01,1,2,低频沉睡用户
104307,2,2017-11-28,2,5,稳定复购用户
104325,1,2017-12-02,1,1,新购买用户
104332,1,2017-11-30,1,3,低频沉睡用户
104334,4,2017-12-02,4,1,高频多品类用户
104337,5,2017-12-02,3,1,高频多品类用户
104338,2,2017-11-25,2,8,稳定复购用户
104346,3,2017-12-03,2,0,高频多品类用户
104349,4,2017-12-03,4,0,高频多品类用户
104356,3,2017-12-03,2,0,高频多品类用户
104363,2,2017-11-29,2,4,稳定复购用户
104366,1,2017-12-02,1,1,新购买用户
104368,3,2017-11-28,3,5,高频多品类用户
104382,1,2017-11-25,1,8,低频沉睡用户
104391,3,2017-12-01,3,2,高频多品类用户
104398,3,2017-11-30,3,3,高频多品类用户
104406,2,2017-11-30,2,3,稳定复购用户
104420,4,2017-12-01,3,2,高频多品类用户
104423,2,2017-12-03,2,0,稳定复购用户
104430,3,2017-12-01,3,2,高频多品类用户
104432,2,2017-12-02,2,1,稳定复购用户
104450,3,2017-11-30,3,3,高频多品类用户
104460,2,2017-11-29,2,4,稳定复购用户
104478,1,2017-11-25,1,8,低频沉睡用户
104486,1,2017-11-27,1,6,低频沉睡用户
104490,2,2017-12-03,2,0,稳定复购用户
104495,1,2017-11-25,1,8,低频沉睡用户
104498,1,2017-11-28,1,5,低频沉睡用户
104503,2,2017-12-03,2,0,稳定复购用户
104520,1,2017-12-03,1,0,新购买用户
104521,1,2017-12-02,1,1,新购买用户
104542,1,2017-11-26,1,7,低频沉睡用户
104570,6,2017-11-30,6,3,高频多品类用户
104587,2,2017-12-02,2,1,稳定复购用户
104593,3,2017-12-03,2,0,高频多品类用户
104597,1,2017-12-02,1,1,新购买用户
104599,5,2017-12-02,4,1,高频多品类用户
104620,9,2017-12-03,8,0,高频多品类用户
104622,1,2017-12-02,1,1,新购买用户
104623,1,2017-11-28,1,5,低频沉睡用户
104626,4,2017-12-01,4,2,高频多品类用户
104638,2,2017-11-25,2,8,稳定复购用户
104640,1,2017-12-03,1,0,新购买用户
104642,5,2017-11-27,3,6,高频多品类用户
104653,1,2017-12-03,1,0,新购买用户
104659,4,2017-12-02,4,1,高频多品类用户
104667,1,2017-11-26,1,7,低频沉睡用户
104674,1,2017-11-28,1,5,低频沉睡用户
104675,3,2017-11-25,3,8,高频多品类用户
104690,1,2017-12-02,1,1,新购买用户
104691,5,2017-12-02,5,1,高频多品类用户
104695,3,2017-12-01,3,2,高频多品类用户
104701,3,2017-11-28,3,5,高频多品类用户
104703,8,2017-12-03,5,0,高频多品类用户
104710,9,2017-12-03,8,0,高频多品类用户
104719,3,2017-12-03,3,0,高频多品类用户
104733,7,2017-12-01,4,2,高频多品类用户
104734,1,2017-12-03,1,0,新购买用户
104742,2,2017-12-01,2,2,稳定复购用户
104749,2,2017-11-26,2,7,稳定复购用户
104765,1,2017-12-02,1,1,新购买用户
104778,4,2017-12-02,4,1,高频多品类用户
104781,5,2017-12-02,4,1,高频多品类用户
104782,2,2017-12-01,2,2,稳定复购用户
104783,1,2017-11-26,1,7,低频沉睡用户
104785,9,2017-12-01,7,2,高频多品类用户
104796,4,2017-11-28,3,5,高频多品类用户
104807,1,2017-11-30,1,3,低频沉睡用户
104811,6,2017-12-03,5,0,高频多品类用户
104820,3,2017-11-29,3,4,高频多品类用户
104822,1,2017-12-03,1,0,新购买用户
104823,5,2017-12-03,4,0,高频多品类用户
104829,3,2017-11-29,3,4,高频多品类用户
104842,5,2017-11-29,5,4,高频多品类用户
104850,1,2017-11-26,1,7,低频沉睡用户
104864,1,2017-11-27,1,6,低频沉睡用户
104865,4,2017-11-27,4,6,高频多品类用户
104879,4,2017-12-03,2,0,高频多品类用户
104880,1,2017-11-29,1,4,低频沉睡用户
104889,1,2017-12-02,1,1,新购买用户
104893,4,2017-12-03,4,0,高频多品类用户
104894,8,2017-12-02,7,1,高频多品类用户
104899,4,2017-12-03,4,0,高频多品类用户
104906,2,2017-12-03,2,0,稳定复购用户
104911,1,2017-12-01,1,2,低频沉睡用户
104915,1,2017-11-27,1,6,低频沉睡用户
104917,2,2017-12-02,2,1,稳定复购用户
104930,5,2017-11-30,3,3,高频多品类用户
104933,3,2017-12-01,3,2,高频多品类用户
104935,3,2017-12-02,3,1,高频多品类用户
104936,4,2017-11-30,3,3,高频多品类用户
104939,1,2017-11-30,1,3,低频沉睡用户
104944,4,2017-12-02,3,1,高频多品类用户
104958,3,2017-12-03,3,0,高频多品类用户
104965,1,2017-11-28,1,5,低频沉睡用户
104991,1,2017-11-30,1,3,低频沉睡用户
104997,1,2017-12-02,1,1,新购买用户
105000,2,2017-12-03,2,0,稳定复购用户
105016,1,2017-11-28,1,5,低频沉睡用户
105027,9,2017-11-26,5,7,高频多品类用户
105029,3,2017-11-28,2,5,高频多品类用户
105043,1,2017-12-02,1,1,新购买用户
105044,5,2017-12-03,5,0,高频多品类用户
105050,1,2017-11-29,1,4,低频沉睡用户
105054,7,2017-11-28,5,5,高频多品类用户
105059,2,2017-11-28,2,5,稳定复购用户
105060,2,2017-12-02,2,1,稳定复购用户
105081,1,2017-11-25,1,8,低频沉睡用户
105088,1,2017-11-30,1,3,低频沉睡用户
105116,7,2017-11-27,7,6,高频多品类用户
105121,2,2017-11-30,2,3,稳定复购用户
105128,1,2017-12-02,1,1,新购买用户
105140,3,2017-12-02,3,1,高频多品类用户
105144,3,2017-12-03,3,0,高频多品类用户
105145,1,2017-11-26,1,7,低频沉睡用户
105160,2,2017-12-01,2,2,稳定复购用户
105161,5,2017-11-30,5,3,高频多品类用户
105167,1,2017-11-25,1,8,低频沉睡用户
105171,3,2017-12-01,2,2,高频多品类用户
105180,4,2017-12-03,4,0,高频多品类用户
105182,2,2017-12-03,2,0,稳定复购用户
105190,1,2017-12-01,1,2,低频沉睡用户
105193,2,2017-11-27,2,6,稳定复购用户
105194,4,2017-12-02,4,1,高频多品类用户
105198,1,2017-11-29,1,4,低频沉睡用户
105199,2,2017-11-30,2,3,稳定复购用户
105204,5,2017-12-01,5,2,高频多品类用户
105207,2,2017-12-03,2,0,稳定复购用户
105222,2,2017-12-03,2,0,稳定复购用户
105236,1,2017-12-02,1,1,新购买用户
105237,1,2017-11-30,1,3,低频沉睡用户
105242,1,2017-11-28,1,5,低频沉睡用户
105250,1,2017-11-30,1,3,低频沉睡用户
105254,1,2017-11-26,1,7,低频沉睡用户
105279,1,2017-11-26,1,7,低频沉睡用户
105297,2,2017-12-02,2,1,稳定复购用户
105307,1,2017-11-26,1,7,低频沉睡用户
105313,1,2017-12-01,1,2,低频沉睡用户
105323,1,2017-11-26,1,7,低频沉睡用户
105330,1,2017-11-26,1,7,低频沉睡用户
105341,3,2017-12-03,3,0,高频多品类用户
105342,4,2017-12-01,3,2,高频多品类用户
105360,6,2017-12-02,5,1,高频多品类用户
105364,7,2017-12-03,6,0,高频多品类用户
105367,2,2017-12-02,2,1,稳定复购用户
105384,2,2017-11-29,2,4,稳定复购用户
105386,1,2017-11-25,1,8,低频沉睡用户
105392,1,2017-12-02,1,1,新购买用户
105413,2,2017-12-02,2,1,稳定复购用户
105422,5,2017-12-01,4,2,高频多品类用户
105425,1,2017-12-02,1,1,新购买用户
105433,2,2017-12-02,1,1,稳定复购用户
105450,1,2017-11-28,1,5,低频沉睡用户
105455,6,2017-11-29,6,4,高频多品类用户
105465,3,2017-12-03,3,0,高频多品类用户
105475,2,2017-11-27,2,6,稳定复购用户
105479,4,2017-11-27,2,6,高频多品类用户
105488,3,2017-12-02,3,1,高频多品类用户
105489,2,2017-11-29,2,4,稳定复购用户
105495,7,2017-12-02,6,1,高频多品类用户
105506,1,2017-11-26,1,7,低频沉睡用户
105509,4,2017-11-30,4,3,高频多品类用户
105515,1,2017-12-02,1,1,新购买用户
105516,4,2017-12-01,3,2,高频多品类用户
105521,3,2017-12-03,3,0,高频多品类用户
105530,3,2017-12-01,3,2,高频多品类用户
105536,3,2017-12-01,3,2,高频多品类用户
105540,9,2017-12-03,6,0,高频多品类用户
105542,2,2017-12-01,2,2,稳定复购用户
105546,1,2017-11-30,1,3,低频沉睡用户
105548,1,2017-11-29,1,4,低频沉睡用户
105550,3,2017-12-03,2,0,高频多品类用户
105551,1,2017-12-03,1,0,新购买用户
105553,1,2017-11-25,1,8,低频沉睡用户
105561,2,2017-12-02,2,1,稳定复购用户
105567,2,2017-12-01,2,2,稳定复购用户
105572,1,2017-11-25,1,8,低频沉睡用户
105581,5,2017-12-02,5,1,高频多品类用户
105596,5,2017-11-30,4,3,高频多品类用户
105602,5,2017-11-28,5,5,高频多品类用户
105605,2,2017-11-25,2,8,稳定复购用户
105616,1,2017-12-03,1,0,新购买用户
105620,3,2017-12-03,3,0,高频多品类用户
105624,1,2017-11-26,1,7,低频沉睡用户
105632,1,2017-11-30,1,3,低频沉睡用户
105638,1,2017-11-28,1,5,低频沉睡用户
105643,5,2017-12-03,5,0,高频多品类用户
105654,1,2017-12-01,1,2,低频沉睡用户
105657,1,2017-12-01,1,2,低频沉睡用户
105673,2,2017-11-28,2,5,稳定复购用户
105675,3,2017-11-30,2,3,高频多品类用户
105689,4,2017-11-30,3,3,高频多品类用户
105698,3,2017-12-03,3,0,高频多品类用户
105712,5,2017-12-02,4,1,高频多品类用户
105713,3,2017-12-03,2,0,高频多品类用户
105721,1,2017-12-01,1,2,低频沉睡用户
105729,4,2017-11-29,4,4,高频多品类用户
105738,2,2017-12-01,2,2,稳定复购用户
105744,2,2017-12-03,2,0,稳定复购用户
105748,5,2017-12-03,5,0,高频多品类用户
105755,1,2017-11-28,1,5,低频沉睡用户
105757,3,2017-11-30,3,3,高频多品类用户
105769,5,2017-11-30,5,3,高频多品类用户
105770,2,2017-12-03,2,0,稳定复购用户
105773,1,2017-11-26,1,7,低频沉睡用户
105775,3,2017-12-02,3,1,高频多品类用户
105789,1,2017-11-27,1,6,低频沉睡用户
105796,3,2017-12-01,3,2,高频多品类用户
105797,3,2017-12-03,3,0,高频多品类用户
105819,5,2017-12-03,5,0,高频多品类用户
105823,1,2017-11-25,1,8,低频沉睡用户
105858,1,2017-12-02,1,1,新购买用户
105861,1,2017-12-03,1,0,新购买用户
105873,6,2017-12-03,6,0,高频多品类用户
105884,2,2017-12-02,1,1,稳定复购用户
105886,2,2017-11-30,2,3,稳定复购用户
105888,1,2017-11-29,1,4,低频沉睡用户
105899,3,2017-11-29,3,4,高频多品类用户
105903,4,2017-11-27,4,6,高频多品类用户
105904,1,2017-11-30,1,3,低频沉睡用户
105907,5,2017-12-03,4,0,高频多品类用户
105908,1,2017-11-28,1,5,低频沉睡用户
105917,1,2017-11-25,1,8,低频沉睡用户
105920,2,2017-12-02,2,1,稳定复购用户
105927,2,2017-11-29,2,4,稳定复购用户
105944,1,2017-11-27,1,6,低频沉睡用户
105949,2,2017-12-03,2,0,稳定复购用户
105951,1,2017-12-02,1,1,新购买用户
105952,2,2017-11-26,2,7,稳定复购用户
105968,1,2017-11-25,1,8,低频沉睡用户
105975,4,2017-12-03,4,0,高频多品类用户
105979,1,2017-11-26,1,7,低频沉睡用户
105981,1,2017-11-27,1,6,低频沉睡用户
105983,2,2017-12-03,2,0,稳定复购用户
105984,2,2017-12-01,2,2,稳定复购用户
105988,1,2017-11-25,1,8,低频沉睡用户
105989,1,2017-12-01,1,2,低频沉睡用户
105992,2,2017-11-29,2,4,稳定复购用户
106003,4,2017-11-26,4,7,高频多品类用户
106005,2,2017-11-29,2,4,稳定复购用户
106007,3,2017-12-01,3,2,高频多品类用户
106024,2,2017-12-03,2,0,稳定复购用户
106033,1,2017-12-01,1,2,低频沉睡用户
106038,4,2017-12-03,4,0,高频多品类用户
106051,1,2017-12-01,1,2,低频沉睡用户
106056,1,2017-11-25,1,8,低频沉睡用户
106067,8,2017-12-03,5,0,高频多品类用户
106077,3,2017-12-03,3,0,高频多品类用户
106080,11,2017-12-03,10,0,高频多品类用户
106084,2,2017-11-26,2,7,稳定复购用户
106087,3,2017-12-03,3,0,高频多品类用户
106090,2,2017-12-03,2,0,稳定复购用户
106100,1,2017-11-27,1,6,低频沉睡用户
106107,3,2017-11-30,3,3,高频多品类用户
106118,13,2017-12-03,11,0,高频多品类用户
106123,1,2017-11-25,1,8,低频沉睡用户
106134,1,2017-12-02,1,1,新购买用户
106135,1,2017-11-27,1,6,低频沉睡用户
106142,5,2017-12-02,5,1,高频多品类用户
106144,2,2017-12-03,2,0,稳定复购用户
106147,3,2017-11-28,3,5,高频多品类用户
106157,1,2017-12-03,1,0,新购买用户
106189,4,2017-11-30,3,3,高频多品类用户
106190,6,2017-11-29,6,4,高频多品类用户
106193,1,2017-11-25,1,8,低频沉睡用户
106194,2,2017-12-02,2,1,稳定复购用户
106199,1,2017-11-25,1,8,低频沉睡用户
106200,2,2017-12-03,2,0,稳定复购用户
106207,1,2017-12-01,1,2,低频沉睡用户
106213,3,2017-12-03,3,0,高频多品类用户
106216,3,2017-12-01,3,2,高频多品类用户
106223,4,2017-11-27,3,6,高频多品类用户
106230,1,2017-11-29,1,4,低频沉睡用户
106235,5,2017-12-01,5,2,高频多品类用户
106252,1,2017-11-26,1,7,低频沉睡用户
106255,2,2017-11-27,1,6,稳定复购用户
106260,2,2017-12-01,2,2,稳定复购用户
106267,3,2017-12-03,3,0,高频多品类用户
106276,2,2017-12-03,2,0,稳定复购用户
106286,23,2017-12-02,20,1,高频多品类用户
106303,1,2017-12-02,1,1,新购买用户
106334,1,2017-11-27,1,6,低频沉睡用户
106347,1,2017-11-30,1,3,低频沉睡用户
106353,1,2017-12-01,1,2,低频沉睡用户
106355,1,2017-11-25,1,8,低频沉睡用户
106363,2,2017-12-03,1,0,稳定复购用户
106364,3,2017-12-03,2,0,高频多品类用户
106370,4,2017-11-26,3,7,高频多品类用户
106382,2,2017-11-30,2,3,稳定复购用户
106392,5,2017-12-01,3,2,高频多品类用户
106395,4,2017-12-03,4,0,高频多品类用户
106400,5,2017-12-03,4,0,高频多品类用户
106413,2,2017-12-03,2,0,稳定复购用户
106415,6,2017-12-03,6,0,高频多品类用户
106416,2,2017-12-02,2,1,稳定复购用户
106424,4,2017-12-03,4,0,高频多品类用户
106435,5,2017-12-03,5,0,高频多品类用户
106437,1,2017-11-30,1,3,低频沉睡用户
106457,1,2017-12-03,1,0,新购买用户
106468,3,2017-11-30,3,3,高频多品类用户
106473,1,2017-11-25,1,8,低频沉睡用户
106478,1,2017-12-01,1,2,低频沉睡用户
106488,2,2017-12-03,1,0,稳定复购用户
106489,5,2017-11-28,5,5,高频多品类用户
106501,1,2017-12-02,1,1,新购买用户
106507,1,2017-12-03,1,0,新购买用户
106514,2,2017-11-26,1,7,稳定复购用户
106518,1,2017-11-29,1,4,低频沉睡用户
106525,2,2017-11-29,2,4,稳定复购用户
106526,4,2017-12-03,4,0,高频多品类用户
106530,1,2017-11-29,1,4,低频沉睡用户
106531,5,2017-12-01,4,2,高频多品类用户
106532,4,2017-12-03,3,0,高频多品类用户
106549,3,2017-12-02,3,1,高频多品类用户
106550,2,2017-11-29,2,4,稳定复购用户
106561,1,2017-12-02,1,1,新购买用户
106566,1,2017-11-28,1,5,低频沉睡用户
106573,3,2017-11-28,3,5,高频多品类用户
106596,4,2017-11-30,4,3,高频多品类用户
106600,4,2017-12-02,4,1,高频多品类用户
106603,8,2017-12-01,5,2,高频多品类用户
106613,4,2017-12-03,3,0,高频多品类用户
106617,12,2017-12-03,10,0,高频多品类用户
106621,1,2017-11-28,1,5,低频沉睡用户
106634,2,2017-11-27,2,6,稳定复购用户
106635,8,2017-12-02,6,1,高频多品类用户
106640,3,2017-12-01,3,2,高频多品类用户
106649,6,2017-12-02,4,1,高频多品类用户
106655,2,2017-11-30,2,3,稳定复购用户
106663,4,2017-12-01,3,2,高频多品类用户
106681,1,2017-12-02,1,1,新购买用户
106699,5,2017-12-03,4,0,高频多品类用户
106701,2,2017-11-29,2,4,稳定复购用户
106703,3,2017-12-02,3,1,高频多品类用户
106723,2,2017-12-03,2,0,稳定复购用户
106724,1,2017-11-28,1,5,低频沉睡用户
106742,2,2017-12-03,2,0,稳定复购用户
106749,5,2017-11-30,4,3,高频多品类用户
106757,1,2017-12-02,1,1,新购买用户
106759,1,2017-11-28,1,5,低频沉睡用户
106789,3,2017-12-02,3,1,高频多品类用户
106790,1,2017-12-02,1,1,新购买用户
106800,2,2017-12-03,2,0,稳定复购用户
106814,1,2017-11-27,1,6,低频沉睡用户
106815,2,2017-12-01,2,2,稳定复购用户
106818,2,2017-12-01,2,2,稳定复购用户
106827,1,2017-11-25,1,8,低频沉睡用户
106836,3,2017-11-26,3,7,高频多品类用户
106838,6,2017-12-02,5,1,高频多品类用户
106848,1,2017-12-03,1,0,新购买用户
106852,2,2017-11-28,1,5,稳定复购用户
106854,2,2017-12-03,2,0,稳定复购用户
106858,2,2017-11-28,2,5,稳定复购用户
106860,2,2017-12-01,2,2,稳定复购用户
106880,1,2017-12-01,1,2,低频沉睡用户
106920,4,2017-12-01,3,2,高频多品类用户
106921,1,2017-11-30,1,3,低频沉睡用户
106925,3,2017-12-03,3,0,高频多品类用户
106928,4,2017-12-01,3,2,高频多品类用户
106935,1,2017-12-02,1,1,新购买用户
106940,7,2017-12-02,6,1,高频多品类用户
106951,4,2017-11-28,4,5,高频多品类用户
106952,1,2017-12-03,1,0,新购买用户
106955,1,2017-12-03,1,0,新购买用户
106970,2,2017-11-29,1,4,稳定复购用户
106971,1,2017-11-26,1,7,低频沉睡用户
106994,1,2017-12-03,1,0,新购买用户
106997,1,2017-12-02,1,1,新购买用户
107002,8,2017-12-03,4,0,高频多品类用户
107008,1,2017-11-25,1,8,低频沉睡用户
107011,2,2017-12-01,2,2,稳定复购用户
107025,14,2017-12-03,11,0,高频多品类用户
107027,13,2017-12-01,12,2,高频多品类用户
107028,6,2017-12-02,4,1,高频多品类用户
107029,2,2017-12-02,2,1,稳定复购用户
107030,1,2017-11-28,1,5,低频沉睡用户
107046,2,2017-11-30,2,3,稳定复购用户
107064,2,2017-11-30,2,3,稳定复购用户
107078,13,2017-12-02,10,1,高频多品类用户
107089,1,2017-11-29,1,4,低频沉睡用户
107104,3,2017-12-03,3,0,高频多品类用户
107109,9,2017-11-28,3,5,高频多品类用户
107112,3,2017-12-03,3,0,高频多品类用户
107125,2,2017-11-25,1,8,稳定复购用户
107126,5,2017-12-01,4,2,高频多品类用户
107134,18,2017-12-03,17,0,高频多品类用户
107159,5,2017-12-03,3,0,高频多品类用户
107160,1,2017-11-29,1,4,低频沉睡用户
107161,1,2017-11-30,1,3,低频沉睡用户
107168,3,2017-11-29,2,4,高频多品类用户
107169,1,2017-12-01,1,2,低频沉睡用户
107179,1,2017-11-29,1,4,低频沉睡用户
107181,7,2017-12-02,4,1,高频多品类用户
107188,3,2017-12-03,2,0,高频多品类用户
107191,5,2017-12-02,5,1,高频多品类用户
107195,4,2017-11-30,4,3,高频多品类用户
107201,1,2017-12-02,1,1,新购买用户
107205,3,2017-12-03,3,0,高频多品类用户
107233,7,2017-12-02,6,1,高频多品类用户
107238,1,2017-12-03,1,0,新购买用户
107239,3,2017-12-02,3,1,高频多品类用户
107243,5,2017-12-03,4,0,高频多品类用户
107260,2,2017-12-02,2,1,稳定复购用户
107263,1,2017-11-27,1,6,低频沉睡用户
107268,2,2017-12-01,2,2,稳定复购用户
107293,4,2017-12-03,4,0,高频多品类用户
107302,2,2017-12-01,2,2,稳定复购用户
107311,1,2017-12-01,1,2,低频沉睡用户
107313,1,2017-11-25,1,8,低频沉睡用户
107318,4,2017-11-29,4,4,高频多品类用户
107333,3,2017-11-28,1,5,稳定复购用户
107345,3,2017-12-02,3,1,高频多品类用户
107346,3,2017-12-01,3,2,高频多品类用户
107350,1,2017-12-03,1,0,新购买用户
107351,1,2017-11-29,1,4,低频沉睡用户
107353,2,2017-12-01,2,2,稳定复购用户
107369,1,2017-11-29,1,4,低频沉睡用户
107388,6,2017-11-29,5,4,高频多品类用户
107389,5,2017-12-03,5,0,高频多品类用户
107393,3,2017-11-29,3,4,高频多品类用户
107398,2,2017-12-03,2,0,稳定复购用户
107407,3,2017-12-01,2,2,高频多品类用户
107408,2,2017-11-28,2,5,稳定复购用户
107416,3,2017-12-01,3,2,高频多品类用户
107427,2,2017-12-02,2,1,稳定复购用户
107445,3,2017-11-26,3,7,高频多品类用户
107447,3,2017-11-30,3,3,高频多品类用户
107470,1,2017-11-29,1,4,低频沉睡用户
107471,4,2017-12-03,3,0,高频多品类用户
107472,3,2017-12-01,3,2,高频多品类用户
107488,1,2017-12-03,1,0,新购买用户
107492,5,2017-12-03,4,0,高频多品类用户
107514,1,2017-11-26,1,7,低频沉睡用户
107539,4,2017-11-29,4,4,高频多品类用户
107549,1,2017-12-03,1,0,新购买用户
107554,1,2017-11-28,1,5,低频沉睡用户
107565,6,2017-12-01,5,2,高频多品类用户
107569,19,2017-12-03,17,0,高频多品类用户
107572,1,2017-11-30,1,3,低频沉睡用户
107584,1,2017-11-28,1,5,低频沉睡用户
107586,2,2017-11-28,2,5,稳定复购用户
107588,9,2017-12-02,7,1,高频多品类用户
107601,4,2017-12-03,4,0,高频多品类用户
107606,19,2017-12-03,15,0,高频多品类用户
107614,1,2017-11-25,1,8,低频沉睡用户
107615,2,2017-12-01,2,2,稳定复购用户
107627,6,2017-12-02,6,1,高频多品类用户
107628,3,2017-12-01,3,2,高频多品类用户
107633,1,2017-11-29,1,4,低频沉睡用户
107656,1,2017-11-28,1,5,低频沉睡用户
107665,5,2017-12-03,4,0,高频多品类用户
107670,2,2017-12-02,2,1,稳定复购用户
107674,1,2017-11-25,1,8,低频沉睡用户
107679,2,2017-11-30,2,3,稳定复购用户
107693,2,2017-12-03,2,0,稳定复购用户
107699,3,2017-12-03,3,0,高频多品类用户
107702,1,2017-12-02,1,1,新购买用户
107707,2,2017-12-02,1,1,稳定复购用户
107718,4,2017-11-27,4,6,高频多品类用户
107723,4,2017-11-29,3,4,高频多品类用户
107726,2,2017-12-03,2,0,稳定复购用户
107735,1,2017-12-03,1,0,新购买用户
107740,1,2017-11-30,1,3,低频沉睡用户
107741,1,2017-11-28,1,5,低频沉睡用户
107745,1,2017-12-02,1,1,新购买用户
107748,3,2017-11-29,2,4,高频多品类用户
107756,2,2017-12-03,1,0,稳定复购用户
107780,1,2017-12-01,1,2,低频沉睡用户
107792,1,2017-12-01,1,2,低频沉睡用户
107797,3,2017-12-01,2,2,高频多品类用户
107800,2,2017-11-27,2,6,稳定复购用户
107805,4,2017-12-03,3,0,高频多品类用户
107817,3,2017-12-02,2,1,高频多品类用户
107825,8,2017-12-03,7,0,高频多品类用户
107830,2,2017-11-27,1,6,稳定复购用户
107836,1,2017-11-25,1,8,低频沉睡用户
107845,1,2017-11-25,1,8,低频沉睡用户
107848,1,2017-12-02,1,1,新购买用户
107850,4,2017-12-03,4,0,高频多品类用户
107866,2,2017-11-30,2,3,稳定复购用户
107875,1,2017-11-27,1,6,低频沉睡用户
107891,1,2017-11-29,1,4,低频沉睡用户
107895,1,2017-12-02,1,1,新购买用户
107902,2,2017-11-28,2,5,稳定复购用户
107916,3,2017-11-26,3,7,高频多品类用户
107917,3,2017-11-28,3,5,高频多品类用户
107923,2,2017-12-01,2,2,稳定复购用户
107932,72,2017-12-03,46,0,高频多品类用户
107935,3,2017-12-03,3,0,高频多品类用户
107937,2,2017-12-01,2,2,稳定复购用户
107942,1,2017-11-29,1,4,低频沉睡用户
107945,2,2017-11-27,2,6,稳定复购用户
107961,5,2017-12-03,5,0,高频多品类用户
107982,4,2017-11-25,3,8,高频多品类用户
107985,1,2017-11-26,1,7,低频沉睡用户
107989,5,2017-12-02,5,1,高频多品类用户
107990,2,2017-12-03,2,0,稳定复购用户
108015,2,2017-11-26,2,7,稳定复购用户
108022,1,2017-12-03,1,0,新购买用户
108025,8,2017-12-03,8,0,高频多品类用户
108036,1,2017-11-27,1,6,低频沉睡用户
108037,5,2017-12-03,4,0,高频多品类用户
108038,4,2017-12-03,4,0,高频多品类用户
108045,3,2017-11-29,2,4,高频多品类用户
108050,6,2017-12-03,6,0,高频多品类用户
108060,1,2017-11-25,1,8,低频沉睡用户
108073,3,2017-11-29,3,4,高频多品类用户
108077,3,2017-12-02,3,1,高频多品类用户
108078,1,2017-12-03,1,0,新购买用户
108090,2,2017-12-02,2,1,稳定复购用户
108092,3,2017-12-02,2,1,高频多品类用户
108102,6,2017-12-03,5,0,高频多品类用户
108103,2,2017-12-03,2,0,稳定复购用户
108105,1,2017-11-30,1,3,低频沉睡用户
108108,3,2017-11-30,3,3,高频多品类用户
108111,1,2017-12-02,1,1,新购买用户
108140,6,2017-12-02,6,1,高频多品类用户
108149,3,2017-12-01,2,2,高频多品类用户
108154,3,2017-12-03,3,0,高频多品类用户
108161,3,2017-11-30,3,3,高频多品类用户
108164,1,2017-12-02,1,1,新购买用户
108179,1,2017-11-30,1,3,低频沉睡用户
108182,1,2017-11-29,1,4,低频沉睡用户
108185,3,2017-11-29,3,4,高频多品类用户
108187,5,2017-12-02,4,1,高频多品类用户
108204,1,2017-11-26,1,7,低频沉睡用户
108206,4,2017-12-02,4,1,高频多品类用户
108227,6,2017-12-03,5,0,高频多品类用户
108233,6,2017-12-03,5,0,高频多品类用户
108235,1,2017-11-29,1,4,低频沉睡用户
108237,2,2017-11-28,1,5,稳定复购用户
108248,4,2017-12-03,4,0,高频多品类用户
108252,1,2017-11-28,1,5,低频沉睡用户
108259,12,2017-12-01,8,2,高频多品类用户
108265,3,2017-12-01,2,2,高频多品类用户
108270,3,2017-12-01,2,2,高频多品类用户
108274,2,2017-12-03,2,0,稳定复购用户
108275,9,2017-12-02,9,1,高频多品类用户
108282,2,2017-12-01,2,2,稳定复购用户
108288,3,2017-11-30,2,3,高频多品类用户
108294,2,2017-12-01,2,2,稳定复购用户
108302,1,2017-12-03,1,0,新购买用户
108305,2,2017-12-01,2,2,稳定复购用户
108348,1,2017-12-02,1,1,新购买用户
108354,9,2017-12-01,8,2,高频多品类用户
108363,4,2017-12-03,4,0,高频多品类用户
108364,6,2017-12-02,5,1,高频多品类用户
108382,2,2017-11-30,2,3,稳定复购用户
108388,2,2017-12-01,2,2,稳定复购用户
108390,3,2017-12-01,3,2,高频多品类用户
108397,2,2017-11-27,2,6,稳定复购用户
108407,7,2017-12-02,7,1,高频多品类用户
108417,4,2017-11-27,1,6,稳定复购用户
108425,2,2017-11-28,1,5,稳定复购用户
108428,3,2017-12-02,3,1,高频多品类用户
108442,1,2017-11-29,1,4,低频沉睡用户
108449,4,2017-11-28,3,5,高频多品类用户
108450,2,2017-12-03,2,0,稳定复购用户
108452,2,2017-12-01,2,2,稳定复购用户
108457,4,2017-12-03,4,0,高频多品类用户
108480,5,2017-12-02,3,1,高频多品类用户
108484,2,2017-11-26,2,7,稳定复购用户
108491,1,2017-11-27,1,6,低频沉睡用户
108510,1,2017-11-27,1,6,低频沉睡用户
108516,1,2017-11-30,1,3,低频沉睡用户
108519,1,2017-12-03,1,0,新购买用户
108523,7,2017-12-03,6,0,高频多品类用户
108526,3,2017-12-02,2,1,高频多品类用户
108529,3,2017-12-01,2,2,高频多品类用户
108541,2,2017-11-29,2,4,稳定复购用户
108546,2,2017-12-02,2,1,稳定复购用户
108568,1,2017-12-03,1,0,新购买用户
108588,1,2017-12-03,1,0,新购买用户
108594,2,2017-11-25,2,8,稳定复购用户
108605,6,2017-12-03,6,0,高频多品类用户
108607,3,2017-11-30,3,3,高频多品类用户
108620,1,2017-11-30,1,3,低频沉睡用户
108623,3,2017-11-28,3,5,高频多品类用户
108629,3,2017-12-01,3,2,高频多品类用户
108630,2,2017-11-27,2,6,稳定复购用户
108634,1,2017-11-28,1,5,低频沉睡用户
108635,3,2017-11-28,2,5,高频多品类用户
108651,2,2017-12-02,2,1,稳定复购用户
108654,1,2017-12-01,1,2,低频沉睡用户
108666,3,2017-12-02,3,1,高频多品类用户
108669,2,2017-12-01,2,2,稳定复购用户
108670,1,2017-11-28,1,5,低频沉睡用户
108672,2,2017-11-27,2,6,稳定复购用户
108676,4,2017-12-02,4,1,高频多品类用户
108681,1,2017-11-26,1,7,低频沉睡用户
108685,1,2017-11-27,1,6,低频沉睡用户
108696,4,2017-11-30,4,3,高频多品类用户
108703,2,2017-12-02,2,1,稳定复购用户
108710,3,2017-12-01,3,2,高频多品类用户
108755,8,2017-12-01,5,2,高频多品类用户
108768,1,2017-11-27,1,6,低频沉睡用户
108770,1,2017-11-25,1,8,低频沉睡用户
108772,1,2017-11-30,1,3,低频沉睡用户
108773,4,2017-12-02,4,1,高频多品类用户
108775,3,2017-11-30,3,3,高频多品类用户
108799,2,2017-12-03,1,0,稳定复购用户
108800,3,2017-11-30,3,3,高频多品类用户
108803,2,2017-12-02,2,1,稳定复购用户
108805,1,2017-12-01,1,2,低频沉睡用户
108809,6,2017-12-03,5,0,高频多品类用户
108823,1,2017-11-27,1,6,低频沉睡用户
108825,2,2017-12-03,2,0,稳定复购用户
108836,1,2017-11-30,1,3,低频沉睡用户
108842,2,2017-12-03,2,0,稳定复购用户
108845,2,2017-11-30,2,3,稳定复购用户
108856,1,2017-11-30,1,3,低频沉睡用户
108861,1,2017-12-01,1,2,低频沉睡用户
108865,36,2017-12-02,30,1,高频多品类用户
108870,1,2017-11-30,1,3,低频沉睡用户
108878,3,2017-12-01,3,2,高频多品类用户
108882,1,2017-11-28,1,5,低频沉睡用户
108883,1,2017-11-28,1,5,低频沉睡用户
108891,1,2017-11-26,1,7,低频沉睡用户
108906,1,2017-11-29,1,4,低频沉睡用户
108910,2,2017-11-28,1,5,稳定复购用户
108918,2,2017-12-01,2,2,稳定复购用户
108967,6,2017-12-03,4,0,高频多品类用户
108969,1,2017-11-25,1,8,低频沉睡用户
108982,2,2017-11-29,2,4,稳定复购用户
108988,3,2017-12-02,3,1,高频多品类用户
108996,7,2017-12-03,4,0,高频多品类用户
108997,8,2017-12-03,8,0,高频多品类用户
109004,4,2017-11-29,4,4,高频多品类用户
109018,1,2017-11-29,1,4,低频沉睡用户
109022,2,2017-12-02,2,1,稳定复购用户
109038,3,2017-11-30,2,3,高频多品类用户
109047,2,2017-12-02,2,1,稳定复购用户
109048,5,2017-11-30,2,3,高频多品类用户
109065,2,2017-11-28,2,5,稳定复购用户
109083,2,2017-11-29,2,4,稳定复购用户
109085,1,2017-12-03,1,0,新购买用户
109092,3,2017-12-03,3,0,高频多品类用户
109094,1,2017-11-26,1,7,低频沉睡用户
109095,4,2017-11-29,4,4,高频多品类用户
109098,3,2017-11-29,3,4,高频多品类用户
109100,4,2017-12-02,4,1,高频多品类用户
109109,3,2017-12-01,1,2,稳定复购用户
109117,3,2017-12-02,3,1,高频多品类用户
109124,5,2017-12-03,4,0,高频多品类用户
109134,1,2017-11-26,1,7,低频沉睡用户
109135,4,2017-12-01,3,2,高频多品类用户
109147,2,2017-11-26,2,7,稳定复购用户
109157,4,2017-12-02,2,1,高频多品类用户
109161,1,2017-12-01,1,2,低频沉睡用户
109163,9,2017-12-03,7,0,高频多品类用户
109169,7,2017-12-03,5,0,高频多品类用户
109188,5,2017-11-29,4,4,高频多品类用户
109210,2,2017-12-03,1,0,稳定复购用户
109216,3,2017-11-25,3,8,高频多品类用户
109218,3,2017-12-03,3,0,高频多品类用户
109232,1,2017-11-25,1,8,低频沉睡用户
109233,4,2017-12-02,3,1,高频多品类用户
109253,1,2017-11-28,1,5,低频沉睡用户
109270,2,2017-12-02,2,1,稳定复购用户
109275,2,2017-12-03,2,0,稳定复购用户
109276,2,2017-12-03,2,0,稳定复购用户
109277,1,2017-12-01,1,2,低频沉睡用户
109284,1,2017-11-25,1,8,低频沉睡用户
109291,8,2017-12-03,7,0,高频多品类用户
109295,2,2017-11-29,2,4,稳定复购用户
109306,1,2017-11-29,1,4,低频沉睡用户
109319,1,2017-12-02,1,1,新购买用户
109321,11,2017-12-02,7,1,高频多品类用户
109322,1,2017-11-27,1,6,低频沉睡用户
109328,1,2017-11-29,1,4,低频沉睡用户
109332,1,2017-12-01,1,2,低频沉睡用户
109333,3,2017-12-03,3,0,高频多品类用户
109337,5,2017-12-02,4,1,高频多品类用户
109343,4,2017-12-01,3,2,高频多品类用户
109350,2,2017-12-02,2,1,稳定复购用户
109357,3,2017-12-03,3,0,高频多品类用户
109364,10,2017-12-03,10,0,高频多品类用户
109371,1,2017-11-30,1,3,低频沉睡用户
109377,3,2017-11-28,3,5,高频多品类用户
109388,5,2017-12-03,4,0,高频多品类用户
109397,3,2017-12-02,2,1,高频多品类用户
109401,3,2017-12-03,3,0,高频多品类用户
109407,2,2017-12-01,2,2,稳定复购用户
109416,2,2017-11-28,2,5,稳定复购用户
109421,2,2017-11-29,2,4,稳定复购用户
109439,1,2017-12-03,1,0,新购买用户
109443,1,2017-12-01,1,2,低频沉睡用户
109444,1,2017-12-03,1,0,新购买用户
109474,4,2017-12-03,1,0,稳定复购用户
109491,1,2017-11-30,1,3,低频沉睡用户
109496,2,2017-12-02,2,1,稳定复购用户
109523,2,2017-12-03,2,0,稳定复购用户
109529,3,2017-12-01,1,2,稳定复购用户
109540,1,2017-11-29,1,4,低频沉睡用户
109544,1,2017-12-01,1,2,低频沉睡用户
109570,1,2017-12-02,1,1,新购买用户
109575,1,2017-11-25,1,8,低频沉睡用户
109589,3,2017-11-28,3,5,高频多品类用户
109604,1,2017-12-03,1,0,新购买用户
109606,2,2017-11-28,2,5,稳定复购用户
109611,1,2017-11-29,1,4,低频沉睡用户
109623,3,2017-11-27,3,6,高频多品类用户
109625,1,2017-11-27,1,6,低频沉睡用户
109640,1,2017-11-28,1,5,低频沉睡用户
109643,6,2017-12-03,6,0,高频多品类用户
109660,20,2017-12-03,14,0,高频多品类用户
109661,4,2017-12-03,3,0,高频多品类用户
109671,1,2017-11-29,1,4,低频沉睡用户
109677,1,2017-11-29,1,4,低频沉睡用户
109681,1,2017-11-26,1,7,低频沉睡用户
109684,7,2017-12-01,5,2,高频多品类用户
109711,1,2017-12-02,1,1,新购买用户
109717,4,2017-12-03,4,0,高频多品类用户
109728,7,2017-12-02,7,1,高频多品类用户
109732,3,2017-12-02,3,1,高频多品类用户
109733,4,2017-12-02,4,1,高频多品类用户
109736,1,2017-12-01,1,2,低频沉睡用户
109749,1,2017-11-28,1,5,低频沉睡用户
109756,2,2017-11-29,2,4,稳定复购用户
109776,2,2017-12-01,1,2,稳定复购用户
109782,2,2017-11-29,2,4,稳定复购用户
109786,2,2017-11-29,2,4,稳定复购用户
109791,1,2017-11-27,1,6,低频沉睡用户
109794,1,2017-12-01,1,2,低频沉睡用户
109798,1,2017-11-30,1,3,低频沉睡用户
109808,2,2017-12-02,2,1,稳定复购用户
109810,1,2017-11-26,1,7,低频沉睡用户
109829,1,2017-11-30,1,3,低频沉睡用户
109830,2,2017-12-03,2,0,稳定复购用户
109842,1,2017-12-01,1,2,低频沉睡用户
109855,1,2017-12-02,1,1,新购买用户
109856,8,2017-11-28,8,5,高频多品类用户
109860,3,2017-11-30,3,3,高频多品类用户
109865,1,2017-12-02,1,1,新购买用户
109867,2,2017-12-01,2,2,稳定复购用户
109873,2,2017-12-02,2,1,稳定复购用户
109876,1,2017-11-30,1,3,低频沉睡用户
109880,4,2017-11-30,4,3,高频多品类用户
109889,1,2017-11-26,1,7,低频沉睡用户
109900,3,2017-12-03,3,0,高频多品类用户
109908,2,2017-12-03,2,0,稳定复购用户
109911,2,2017-12-02,2,1,稳定复购用户
109919,4,2017-12-01,4,2,高频多品类用户
109926,1,2017-12-02,1,1,新购买用户
109931,1,2017-11-29,1,4,低频沉睡用户
109940,1,2017-12-02,1,1,新购买用户
109943,1,2017-12-02,1,1,新购买用户
109945,2,2017-11-29,2,4,稳定复购用户
109948,3,2017-12-03,3,0,高频多品类用户
109951,2,2017-12-03,2,0,稳定复购用户
109957,5,2017-12-02,5,1,高频多品类用户
109967,1,2017-11-25,1,8,低频沉睡用户
109968,2,2017-11-28,2,5,稳定复购用户
109971,6,2017-12-03,6,0,高频多品类用户
109974,2,2017-12-03,2,0,稳定复购用户
109975,1,2017-11-29,1,4,低频沉睡用户
109976,3,2017-12-01,3,2,高频多品类用户
109977,1,2017-12-03,1,0,新购买用户
109979,1,2017-11-28,1,5,低频沉睡用户
109983,3,2017-12-03,2,0,高频多品类用户
109990,2,2017-12-03,2,0,稳定复购用户
110003,8,2017-11-30,7,3,高频多品类用户
110020,7,2017-12-01,7,2,高频多品类用户
110023,2,2017-12-01,2,2,稳定复购用户
110025,1,2017-12-03,1,0,新购买用户
110029,11,2017-12-03,7,0,高频多品类用户
110032,2,2017-11-27,1,6,稳定复购用户
110036,2,2017-11-28,2,5,稳定复购用户
110041,3,2017-12-01,1,2,稳定复购用户
110056,4,2017-12-02,3,1,高频多品类用户
110058,3,2017-12-03,3,0,高频多品类用户
110062,1,2017-11-27,1,6,低频沉睡用户
110081,1,2017-11-30,1,3,低频沉睡用户
110091,3,2017-12-03,1,0,稳定复购用户
110092,3,2017-12-02,3,1,高频多品类用户
110097,13,2017-12-03,11,0,高频多品类用户
110111,1,2017-11-29,1,4,低频沉睡用户
110116,1,2017-12-03,1,0,新购买用户
110117,8,2017-12-02,7,1,高频多品类用户
110118,1,2017-12-02,1,1,新购买用户
110125,2,2017-11-30,2,3,稳定复购用户
110165,1,2017-12-03,1,0,新购买用户
110167,1,2017-11-29,1,4,低频沉睡用户
110173,2,2017-12-02,2,1,稳定复购用户
110176,1,2017-12-02,1,1,新购买用户
110179,3,2017-12-03,3,0,高频多品类用户
110187,1,2017-11-30,1,3,低频沉睡用户
110193,2,2017-12-03,2,0,稳定复购用户
110195,3,2017-11-30,2,3,高频多品类用户
110196,3,2017-12-03,3,0,高频多品类用户
110200,7,2017-12-03,6,0,高频多品类用户
110207,1,2017-11-27,1,6,低频沉睡用户
110219,2,2017-12-01,2,2,稳定复购用户
110221,1,2017-11-25,1,8,低频沉睡用户
110245,5,2017-11-26,3,7,高频多品类用户
110247,2,2017-11-26,2,7,稳定复购用户
110248,1,2017-11-25,1,8,低频沉睡用户
110254,1,2017-11-28,1,5,低频沉睡用户
110259,1,2017-12-03,1,0,新购买用户
110271,5,2017-12-01,5,2,高频多品类用户
110288,1,2017-11-27,1,6,低频沉睡用户
110294,4,2017-12-03,3,0,高频多品类用户
110300,1,2017-11-30,1,3,低频沉睡用户
110303,1,2017-11-28,1,5,低频沉睡用户
110304,1,2017-11-29,1,4,低频沉睡用户
110311,6,2017-12-01,6,2,高频多品类用户
110322,1,2017-11-30,1,3,低频沉睡用户
110328,2,2017-12-03,2,0,稳定复购用户
110336,8,2017-12-02,7,1,高频多品类用户
110339,4,2017-11-29,3,4,高频多品类用户
110350,1,2017-11-27,1,6,低频沉睡用户
110357,1,2017-11-29,1,4,低频沉睡用户
110359,4,2017-12-02,2,1,高频多品类用户
110360,8,2017-12-03,6,0,高频多品类用户
110365,7,2017-12-03,6,0,高频多品类用户
110370,1,2017-11-29,1,4,低频沉睡用户
110373,2,2017-12-03,2,0,稳定复购用户
110381,2,2017-12-02,2,1,稳定复购用户
110387,2,2017-11-26,2,7,稳定复购用户
110392,2,2017-12-03,2,0,稳定复购用户
110405,6,2017-12-02,5,1,高频多品类用户
110425,3,2017-11-30,2,3,高频多品类用户
110431,3,2017-12-03,3,0,高频多品类用户
110434,2,2017-12-02,1,1,稳定复购用户
110455,4,2017-11-30,3,3,高频多品类用户
110483,1,2017-11-27,1,6,低频沉睡用户
110499,2,2017-12-02,2,1,稳定复购用户
110505,2,2017-12-02,2,1,稳定复购用户
110511,1,2017-11-29,1,4,低频沉睡用户
110518,4,2017-12-02,4,1,高频多品类用户
110520,3,2017-11-30,3,3,高频多品类用户
110531,2,2017-12-02,2,1,稳定复购用户
110536,3,2017-12-02,2,1,高频多品类用户
110541,2,2017-12-02,2,1,稳定复购用户
110549,3,2017-12-01,3,2,高频多品类用户
110552,3,2017-11-30,3,3,高频多品类用户
110557,2,2017-12-01,1,2,稳定复购用户
110565,1,2017-12-02,1,1,新购买用户
110575,1,2017-11-25,1,8,低频沉睡用户
110579,1,2017-11-30,1,3,低频沉睡用户
110588,3,2017-11-30,3,3,高频多品类用户
110597,3,2017-12-01,3,2,高频多品类用户
110598,3,2017-11-29,3,4,高频多品类用户
110609,1,2017-12-01,1,2,低频沉睡用户
110622,5,2017-12-02,4,1,高频多品类用户
110624,1,2017-11-28,1,5,低频沉睡用户
110633,3,2017-12-01,2,2,高频多品类用户
110635,2,2017-12-02,2,1,稳定复购用户
110652,4,2017-12-01,4,2,高频多品类用户
110653,4,2017-12-01,4,2,高频多品类用户
110661,1,2017-11-29,1,4,低频沉睡用户
110679,1,2017-11-27,1,6,低频沉睡用户
110681,1,2017-11-25,1,8,低频沉睡用户
110686,2,2017-11-27,2,6,稳定复购用户
110694,13,2017-12-03,9,0,高频多品类用户
110704,8,2017-12-03,8,0,高频多品类用户
110707,3,2017-12-02,3,1,高频多品类用户
110710,4,2017-12-01,3,2,高频多品类用户
110715,1,2017-11-30,1,3,低频沉睡用户
110720,2,2017-11-29,2,4,稳定复购用户
110725,3,2017-12-01,2,2,高频多品类用户
110741,3,2017-12-03,3,0,高频多品类用户
110743,1,2017-11-27,1,6,低频沉睡用户
110773,1,2017-12-02,1,1,新购买用户
110776,3,2017-11-30,3,3,高频多品类用户
110801,5,2017-12-02,4,1,高频多品类用户
110802,7,2017-11-29,7,4,高频多品类用户
110804,5,2017-11-29,4,4,高频多品类用户
110815,3,2017-12-03,3,0,高频多品类用户
110818,2,2017-12-02,1,1,稳定复购用户
110827,1,2017-11-25,1,8,低频沉睡用户
110862,3,2017-12-03,3,0,高频多品类用户
110872,1,2017-11-29,1,4,低频沉睡用户
110873,4,2017-11-29,3,4,高频多品类用户
110878,3,2017-12-03,3,0,高频多品类用户
110881,1,2017-11-30,1,3,低频沉睡用户
110884,1,2017-11-25,1,8,低频沉睡用户
110885,4,2017-12-02,4,1,高频多品类用户
110898,3,2017-11-29,2,4,高频多品类用户
110904,4,2017-11-29,4,4,高频多品类用户
110915,1,2017-11-26,1,7,低频沉睡用户
110924,3,2017-12-02,2,1,高频多品类用户
110926,1,2017-12-02,1,1,新购买用户
110928,7,2017-11-29,7,4,高频多品类用户
110934,3,2017-12-02,3,1,高频多品类用户
110948,2,2017-12-01,2,2,稳定复购用户
110956,6,2017-12-02,2,1,高频多品类用户
110973,1,2017-12-01,1,2,低频沉睡用户
110976,3,2017-12-02,3,1,高频多品类用户
110989,4,2017-12-03,4,0,高频多品类用户
111001,2,2017-11-30,2,3,稳定复购用户
111004,2,2017-12-01,2,2,稳定复购用户
111015,1,2017-11-27,1,6,低频沉睡用户
111023,6,2017-12-03,5,0,高频多品类用户
111041,2,2017-11-26,2,7,稳定复购用户
111052,5,2017-12-02,5,1,高频多品类用户
111056,1,2017-11-29,1,4,低频沉睡用户
111063,2,2017-11-26,2,7,稳定复购用户
111068,2,2017-12-03,2,0,稳定复购用户
111081,1,2017-11-26,1,7,低频沉睡用户
111095,7,2017-12-01,5,2,高频多品类用户
111097,2,2017-11-27,1,6,稳定复购用户
111102,1,2017-12-02,1,1,新购买用户
111107,7,2017-11-28,4,5,高频多品类用户
111121,1,2017-11-26,1,7,低频沉睡用户
111124,2,2017-12-02,2,1,稳定复购用户
111132,1,2017-12-02,1,1,新购买用户
111167,2,2017-12-03,2,0,稳定复购用户
111169,4,2017-12-01,4,2,高频多品类用户
111184,1,2017-11-25,1,8,低频沉睡用户
111190,1,2017-11-27,1,6,低频沉睡用户
111196,2,2017-11-30,2,3,稳定复购用户
111198,1,2017-11-25,1,8,低频沉睡用户
111200,2,2017-12-03,2,0,稳定复购用户
111213,3,2017-12-03,3,0,高频多品类用户
111216,7,2017-12-03,6,0,高频多品类用户
111221,1,2017-11-30,1,3,低频沉睡用户
111225,1,2017-12-01,1,2,低频沉睡用户
111226,4,2017-12-03,3,0,高频多品类用户
111233,5,2017-11-29,3,4,高频多品类用户
111247,4,2017-12-03,4,0,高频多品类用户
111262,3,2017-12-02,3,1,高频多品类用户
111266,7,2017-12-02,5,1,高频多品类用户
111268,2,2017-11-27,2,6,稳定复购用户
111270,6,2017-12-02,6,1,高频多品类用户
111273,1,2017-11-25,1,8,低频沉睡用户
111276,2,2017-12-03,2,0,稳定复购用户
111288,4,2017-11-28,4,5,高频多品类用户
111306,3,2017-12-02,3,1,高频多品类用户
111322,19,2017-12-03,11,0,高频多品类用户
111334,1,2017-11-25,1,8,低频沉睡用户
111342,2,2017-12-03,1,0,稳定复购用户
111346,1,2017-12-02,1,1,新购买用户
111349,3,2017-12-01,3,2,高频多品类用户
111365,8,2017-12-02,6,1,高频多品类用户
111369,1,2017-12-03,1,0,新购买用户
111386,5,2017-11-28,3,5,高频多品类用户
111387,1,2017-12-03,1,0,新购买用户
111442,2,2017-11-28,1,5,稳定复购用户
111449,1,2017-11-25,1,8,低频沉睡用户
111459,3,2017-12-03,3,0,高频多品类用户
111467,4,2017-12-01,4,2,高频多品类用户
111482,2,2017-12-03,2,0,稳定复购用户
111492,5,2017-12-02,4,1,高频多品类用户
111501,2,2017-11-29,2,4,稳定复购用户
111502,3,2017-12-03,3,0,高频多品类用户
111512,3,2017-12-03,2,0,高频多品类用户
111517,6,2017-12-03,6,0,高频多品类用户
111524,6,2017-12-02,5,1,高频多品类用户
111541,1,2017-12-02,1,1,新购买用户
111542,1,2017-11-28,1,5,低频沉睡用户
111548,3,2017-12-03,3,0,高频多品类用户
111549,10,2017-12-03,9,0,高频多品类用户
111551,3,2017-11-27,3,6,高频多品类用户
111552,5,2017-11-30,5,3,高频多品类用户
111556,2,2017-12-03,2,0,稳定复购用户
111572,3,2017-11-29,3,4,高频多品类用户
111585,1,2017-12-03,1,0,新购买用户
111607,3,2017-12-03,3,0,高频多品类用户
111616,3,2017-12-02,2,1,高频多品类用户
111626,4,2017-11-30,1,3,稳定复购用户
111629,4,2017-12-03,3,0,高频多品类用户
111636,2,2017-11-30,1,3,稳定复购用户
111643,2,2017-11-29,2,4,稳定复购用户
111647,2,2017-11-30,2,3,稳定复购用户
111652,1,2017-12-02,1,1,新购买用户
111691,1,2017-11-26,1,7,低频沉睡用户
111692,3,2017-12-03,3,0,高频多品类用户
111700,1,2017-11-26,1,7,低频沉睡用户
111710,1,2017-11-30,1,3,低频沉睡用户
111711,2,2017-11-29,2,4,稳定复购用户
111721,1,2017-11-28,1,5,低频沉睡用户
111727,2,2017-12-02,2,1,稳定复购用户
111738,4,2017-12-03,4,0,高频多品类用户
111755,2,2017-11-30,2,3,稳定复购用户
111765,7,2017-11-29,2,4,高频多品类用户
111770,3,2017-11-26,3,7,高频多品类用户
111783,1,2017-11-29,1,4,低频沉睡用户
111785,8,2017-12-02,6,1,高频多品类用户
111811,3,2017-11-28,2,5,高频多品类用户
111820,3,2017-11-30,2,3,高频多品类用户
111821,5,2017-11-30,5,3,高频多品类用户
111822,8,2017-12-02,8,1,高频多品类用户
111823,1,2017-12-02,1,1,新购买用户
111826,1,2017-12-02,1,1,新购买用户
111828,1,2017-12-02,1,1,新购买用户
111841,1,2017-12-02,1,1,新购买用户
111848,2,2017-11-29,2,4,稳定复购用户
111849,1,2017-11-27,1,6,低频沉睡用户
111856,1,2017-11-25,1,8,低频沉睡用户
111858,2,2017-12-01,2,2,稳定复购用户
111860,2,2017-11-28,1,5,稳定复购用户
111867,3,2017-12-02,2,1,高频多品类用户
111890,3,2017-12-03,3,0,高频多品类用户
111891,2,2017-12-01,2,2,稳定复购用户
111894,2,2017-12-02,2,1,稳定复购用户
111904,1,2017-11-28,1,5,低频沉睡用户
111908,3,2017-12-02,2,1,高频多品类用户
111910,3,2017-12-02,3,1,高频多品类用户
111932,12,2017-12-02,8,1,高频多品类用户
111933,2,2017-12-02,2,1,稳定复购用户
111941,2,2017-12-02,2,1,稳定复购用户
111942,4,2017-11-30,3,3,高频多品类用户
111948,6,2017-11-29,5,4,高频多品类用户
111951,2,2017-12-01,2,2,稳定复购用户
111952,1,2017-12-02,1,1,新购买用户
111975,1,2017-12-03,1,0,新购买用户
111976,2,2017-11-29,2,4,稳定复购用户
111978,2,2017-12-02,2,1,稳定复购用户
111987,1,2017-11-27,1,6,低频沉睡用户
112006,1,2017-11-27,1,6,低频沉睡用户
112010,1,2017-12-03,1,0,新购买用户
112013,1,2017-11-27,1,6,低频沉睡用户
112015,8,2017-12-02,8,1,高频多品类用户
112040,2,2017-11-29,2,4,稳定复购用户
112055,18,2017-12-03,11,0,高频多品类用户
112057,5,2017-12-01,5,2,高频多品类用户
112058,1,2017-11-29,1,4,低频沉睡用户
112070,5,2017-12-03,4,0,高频多品类用户
112084,6,2017-12-01,4,2,高频多品类用户
112087,3,2017-12-03,3,0,高频多品类用户
112092,1,2017-11-28,1,5,低频沉睡用户
112094,1,2017-12-03,1,0,新购买用户
112097,1,2017-11-29,1,4,低频沉睡用户
112099,5,2017-12-03,5,0,高频多品类用户
112104,4,2017-12-03,4,0,高频多品类用户
112108,1,2017-11-30,1,3,低频沉睡用户
112109,1,2017-11-30,1,3,低频沉睡用户
112111,6,2017-12-03,6,0,高频多品类用户
112117,2,2017-12-02,2,1,稳定复购用户
112122,1,2017-11-25,1,8,低频沉睡用户
112126,1,2017-11-30,1,3,低频沉睡用户
112141,1,2017-12-02,1,1,新购买用户
112145,4,2017-12-02,4,1,高频多品类用户
112160,3,2017-11-29,3,4,高频多品类用户
112165,7,2017-12-03,6,0,高频多品类用户
112166,2,2017-11-28,2,5,稳定复购用户
112182,1,2017-11-28,1,5,低频沉睡用户
112208,3,2017-11-30,2,3,高频多品类用户
112210,1,2017-11-25,1,8,低频沉睡用户
112213,1,2017-11-30,1,3,低频沉睡用户
112215,3,2017-11-29,3,4,高频多品类用户
112220,4,2017-12-03,2,0,高频多品类用户
112225,1,2017-11-25,1,8,低频沉睡用户
112229,1,2017-12-02,1,1,新购买用户
112238,2,2017-12-03,2,0,稳定复购用户
112242,7,2017-12-02,5,1,高频多品类用户
112243,5,2017-12-02,3,1,高频多品类用户
112244,2,2017-12-03,2,0,稳定复购用户
112253,2,2017-12-03,2,0,稳定复购用户
112259,1,2017-11-25,1,8,低频沉睡用户
112268,1,2017-11-27,1,6,低频沉睡用户
112274,3,2017-12-02,3,1,高频多品类用户
112279,1,2017-12-02,1,1,新购买用户
112285,4,2017-12-02,4,1,高频多品类用户
112286,1,2017-11-26,1,7,低频沉睡用户
112287,9,2017-12-03,7,0,高频多品类用户
112296,3,2017-11-29,2,4,高频多品类用户
112300,1,2017-12-01,1,2,低频沉睡用户
112316,1,2017-11-27,1,6,低频沉睡用户
112345,1,2017-11-27,1,6,低频沉睡用户
112351,2,2017-11-28,2,5,稳定复购用户
112360,2,2017-11-27,2,6,稳定复购用户
112369,5,2017-12-03,5,0,高频多品类用户
112372,5,2017-12-03,4,0,高频多品类用户
112393,2,2017-12-03,2,0,稳定复购用户
112401,2,2017-12-03,2,0,稳定复购用户
112405,1,2017-11-26,1,7,低频沉睡用户
112415,1,2017-11-28,1,5,低频沉睡用户
112417,4,2017-12-01,2,2,高频多品类用户
112435,1,2017-11-29,1,4,低频沉睡用户
112436,1,2017-12-01,1,2,低频沉睡用户
112443,1,2017-12-03,1,0,新购买用户
112447,2,2017-11-30,1,3,稳定复购用户
112448,2,2017-11-28,2,5,稳定复购用户
112450,2,2017-11-29,2,4,稳定复购用户
112456,11,2017-12-03,10,0,高频多品类用户
112457,3,2017-12-01,3,2,高频多品类用户
112468,1,2017-12-03,1,0,新购买用户
112469,1,2017-11-30,1,3,低频沉睡用户
112471,3,2017-11-29,3,4,高频多品类用户
112485,1,2017-12-02,1,1,新购买用户
112503,4,2017-12-01,4,2,高频多品类用户
112526,3,2017-12-02,2,1,高频多品类用户
112531,1,2017-11-30,1,3,低频沉睡用户
112535,1,2017-11-25,1,8,低频沉睡用户
112541,1,2017-12-02,1,1,新购买用户
112544,1,2017-12-03,1,0,新购买用户
112555,3,2017-11-30,3,3,高频多品类用户
112558,3,2017-12-03,2,0,高频多品类用户
112566,3,2017-11-27,3,6,高频多品类用户
112568,15,2017-12-03,14,0,高频多品类用户
112571,3,2017-11-27,3,6,高频多品类用户
112573,3,2017-11-29,2,4,高频多品类用户
112584,1,2017-11-28,1,5,低频沉睡用户
112587,3,2017-12-03,3,0,高频多品类用户
112597,14,2017-11-30,9,3,高频多品类用户
112614,2,2017-12-02,2,1,稳定复购用户
112621,2,2017-11-28,2,5,稳定复购用户
112630,2,2017-12-01,2,2,稳定复购用户
112643,4,2017-12-03,4,0,高频多品类用户
112654,3,2017-11-29,3,4,高频多品类用户
112668,1,2017-12-01,1,2,低频沉睡用户
112676,2,2017-11-28,2,5,稳定复购用户
112677,4,2017-12-03,4,0,高频多品类用户
112684,5,2017-11-28,3,5,高频多品类用户
112687,1,2017-12-01,1,2,低频沉睡用户
112689,5,2017-12-03,5,0,高频多品类用户
112691,2,2017-12-01,2,2,稳定复购用户
112694,1,2017-12-02,1,1,新购买用户
112710,8,2017-12-02,7,1,高频多品类用户
112713,3,2017-11-26,3,7,高频多品类用户
112717,18,2017-11-30,14,3,高频多品类用户
112726,6,2017-12-02,5,1,高频多品类用户
112732,1,2017-12-01,1,2,低频沉睡用户
112735,2,2017-12-03,2,0,稳定复购用户
112741,9,2017-12-03,7,0,高频多品类用户
112754,1,2017-11-30,1,3,低频沉睡用户
112768,3,2017-11-30,3,3,高频多品类用户
112774,1,2017-11-25,1,8,低频沉睡用户
112775,7,2017-12-03,6,0,高频多品类用户
112782,1,2017-11-29,1,4,低频沉睡用户
112787,1,2017-11-25,1,8,低频沉睡用户
112799,2,2017-12-03,2,0,稳定复购用户
112801,1,2017-11-26,1,7,低频沉睡用户
112802,3,2017-12-03,2,0,高频多品类用户
112804,2,2017-11-29,2,4,稳定复购用户
112829,3,2017-12-03,3,0,高频多品类用户
112832,2,2017-11-30,2,3,稳定复购用户
112841,1,2017-12-01,1,2,低频沉睡用户
112844,3,2017-11-27,1,6,稳定复购用户
112845,8,2017-12-03,8,0,高频多品类用户
112855,1,2017-11-29,1,4,低频沉睡用户
112858,1,2017-12-01,1,2,低频沉睡用户
112864,3,2017-11-28,3,5,高频多品类用户
112867,4,2017-12-03,4,0,高频多品类用户
112868,1,2017-11-29,1,4,低频沉睡用户
112870,17,2017-12-03,16,0,高频多品类用户
112877,6,2017-12-01,3,2,高频多品类用户
112887,4,2017-12-02,3,1,高频多品类用户
112890,3,2017-12-02,3,1,高频多品类用户
112899,2,2017-12-02,2,1,稳定复购用户
112910,2,2017-11-26,2,7,稳定复购用户
112914,2,2017-11-30,2,3,稳定复购用户
112920,2,2017-11-28,2,5,稳定复购用户
112921,1,2017-12-02,1,1,新购买用户
112930,5,2017-12-03,5,0,高频多品类用户
112933,7,2017-11-30,5,3,高频多品类用户
112934,8,2017-12-01,7,2,高频多品类用户
112936,4,2017-12-03,4,0,高频多品类用户
112952,1,2017-11-25,1,8,低频沉睡用户
112961,4,2017-12-02,3,1,高频多品类用户
112965,1,2017-12-03,1,0,新购买用户
112970,12,2017-12-03,12,0,高频多品类用户
112972,1,2017-11-30,1,3,低频沉睡用户
112981,3,2017-12-03,3,0,高频多品类用户
112988,5,2017-12-01,5,2,高频多品类用户
112997,9,2017-12-03,8,0,高频多品类用户
113000,1,2017-12-02,1,1,新购买用户
113010,4,2017-12-03,4,0,高频多品类用户
113014,1,2017-11-29,1,4,低频沉睡用户
113023,2,2017-11-30,2,3,稳定复购用户
113027,2,2017-11-27,1,6,稳定复购用户
113031,1,2017-12-03,1,0,新购买用户
113034,3,2017-11-30,3,3,高频多品类用户
113046,2,2017-12-03,2,0,稳定复购用户
113053,1,2017-12-02,1,1,新购买用户
113059,2,2017-11-29,2,4,稳定复购用户
113069,3,2017-12-02,3,1,高频多品类用户
113080,3,2017-12-01,3,2,高频多品类用户
113082,7,2017-12-03,7,0,高频多品类用户
113111,4,2017-12-02,3,1,高频多品类用户
113116,4,2017-12-02,4,1,高频多品类用户
113118,3,2017-11-28,3,5,高频多品类用户
113143,3,2017-12-02,3,1,高频多品类用户
113163,8,2017-12-03,7,0,高频多品类用户
113164,12,2017-12-03,6,0,高频多品类用户
113194,2,2017-12-01,2,2,稳定复购用户
113198,2,2017-12-01,1,2,稳定复购用户
113221,1,2017-11-30,1,3,低频沉睡用户
113233,1,2017-11-28,1,5,低频沉睡用户
113244,7,2017-12-03,6,0,高频多品类用户
113251,1,2017-11-29,1,4,低频沉睡用户
113253,4,2017-12-01,4,2,高频多品类用户
113255,3,2017-12-03,2,0,高频多品类用户
113256,3,2017-12-03,3,0,高频多品类用户
113269,5,2017-12-03,5,0,高频多品类用户
113291,5,2017-12-03,3,0,高频多品类用户
113297,2,2017-12-02,2,1,稳定复购用户
113321,7,2017-12-03,5,0,高频多品类用户
113325,1,2017-11-25,1,8,低频沉睡用户
113326,1,2017-12-03,1,0,新购买用户
113334,3,2017-12-02,3,1,高频多品类用户
113361,5,2017-12-02,2,1,高频多品类用户
113371,16,2017-12-01,15,2,高频多品类用户
113372,9,2017-12-01,1,2,稳定复购用户
113375,5,2017-11-30,5,3,高频多品类用户
113397,6,2017-12-03,5,0,高频多品类用户
113401,2,2017-12-03,2,0,稳定复购用户
113424,4,2017-11-30,3,3,高频多品类用户
113446,10,2017-12-02,9,1,高频多品类用户
113491,1,2017-12-03,1,0,新购买用户
113512,6,2017-12-01,6,2,高频多品类用户
113514,1,2017-11-25,1,8,低频沉睡用户
113521,1,2017-12-02,1,1,新购买用户
113523,5,2017-11-27,5,6,高频多品类用户
113526,1,2017-11-27,1,6,低频沉睡用户
113537,1,2017-11-28,1,5,低频沉睡用户
113551,2,2017-11-30,2,3,稳定复购用户
113556,2,2017-12-02,2,1,稳定复购用户
113564,2,2017-12-03,2,0,稳定复购用户
113570,9,2017-12-03,7,0,高频多品类用户
113571,7,2017-11-27,6,6,高频多品类用户
113572,2,2017-11-30,2,3,稳定复购用户
113577,1,2017-12-03,1,0,新购买用户
113584,6,2017-11-27,6,6,高频多品类用户
113593,2,2017-12-02,2,1,稳定复购用户
113598,1,2017-12-02,1,1,新购买用户
113602,1,2017-11-28,1,5,低频沉睡用户
113603,4,2017-12-03,4,0,高频多品类用户
113617,6,2017-11-30,5,3,高频多品类用户
113625,2,2017-11-30,2,3,稳定复购用户
113627,4,2017-12-03,3,0,高频多品类用户
113631,1,2017-12-03,1,0,新购买用户
113640,2,2017-11-29,2,4,稳定复购用户
113644,1,2017-12-02,1,1,新购买用户
113652,1,2017-11-26,1,7,低频沉睡用户
113660,1,2017-12-01,1,2,低频沉睡用户
113690,3,2017-11-25,3,8,高频多品类用户
113696,6,2017-12-01,6,2,高频多品类用户
113701,5,2017-11-30,5,3,高频多品类用户
113705,17,2017-12-03,14,0,高频多品类用户
113709,1,2017-12-01,1,2,低频沉睡用户
113710,2,2017-11-27,2,6,稳定复购用户
113717,2,2017-12-02,2,1,稳定复购用户
113722,3,2017-11-27,1,6,稳定复购用户
113731,4,2017-11-28,3,5,高频多品类用户
113732,2,2017-11-28,2,5,稳定复购用户
113737,6,2017-11-30,6,3,高频多品类用户
113743,1,2017-11-30,1,3,低频沉睡用户
113748,1,2017-11-25,1,8,低频沉睡用户
113749,2,2017-12-03,2,0,稳定复购用户
113753,1,2017-11-26,1,7,低频沉睡用户
113762,1,2017-12-02,1,1,新购买用户
113763,1,2017-12-03,1,0,新购买用户
113768,1,2017-11-25,1,8,低频沉睡用户
113770,1,2017-12-03,1,0,新购买用户
113785,1,2017-11-30,1,3,低频沉睡用户
113801,1,2017-11-30,1,3,低频沉睡用户
113823,6,2017-12-02,4,1,高频多品类用户
113826,1,2017-11-28,1,5,低频沉睡用户
113829,4,2017-12-03,4,0,高频多品类用户
113834,5,2017-12-02,3,1,高频多品类用户
113848,2,2017-12-02,2,1,稳定复购用户
113873,1,2017-11-25,1,8,低频沉睡用户
113879,4,2017-12-03,3,0,高频多品类用户
113890,4,2017-12-03,2,0,高频多品类用户
113896,8,2017-12-02,8,1,高频多品类用户
113900,2,2017-12-03,2,0,稳定复购用户
113904,3,2017-12-01,3,2,高频多品类用户
113906,2,2017-12-03,2,0,稳定复购用户
113910,6,2017-12-02,5,1,高频多品类用户
113932,5,2017-12-03,4,0,高频多品类用户
113936,1,2017-11-29,1,4,低频沉睡用户
113938,3,2017-12-03,2,0,高频多品类用户
113948,1,2017-11-26,1,7,低频沉睡用户
113949,1,2017-11-28,1,5,低频沉睡用户
113956,3,2017-12-02,2,1,高频多品类用户
113968,1,2017-12-01,1,2,低频沉睡用户
113973,11,2017-12-03,5,0,高频多品类用户
113983,1,2017-12-02,1,1,新购买用户
113984,3,2017-12-01,3,2,高频多品类用户
113986,2,2017-11-27,2,6,稳定复购用户
113995,1,2017-11-28,1,5,低频沉睡用户
114001,1,2017-12-01,1,2,低频沉睡用户
114002,5,2017-12-02,5,1,高频多品类用户
114010,3,2017-12-02,3,1,高频多品类用户
114031,2,2017-11-28,1,5,稳定复购用户
114035,3,2017-12-03,3,0,高频多品类用户
114036,3,2017-11-30,3,3,高频多品类用户
114040,1,2017-12-02,1,1,新购买用户
114042,1,2017-11-26,1,7,低频沉睡用户
114046,2,2017-11-29,2,4,稳定复购用户
114062,1,2017-12-01,1,2,低频沉睡用户
114069,4,2017-12-01,4,2,高频多品类用户
114089,1,2017-12-02,1,1,新购买用户
114105,3,2017-11-26,3,7,高频多品类用户
114128,1,2017-11-29,1,4,低频沉睡用户
114132,2,2017-11-26,2,7,稳定复购用户
114141,4,2017-11-28,3,5,高频多品类用户
114142,4,2017-12-01,4,2,高频多品类用户
114160,3,2017-11-28,2,5,高频多品类用户
114172,2,2017-11-29,2,4,稳定复购用户
114189,3,2017-12-03,3,0,高频多品类用户
114197,3,2017-11-29,3,4,高频多品类用户
114200,1,2017-11-26,1,7,低频沉睡用户
114208,1,2017-11-29,1,4,低频沉睡用户
114209,1,2017-11-29,1,4,低频沉睡用户
114219,3,2017-12-02,3,1,高频多品类用户
114220,2,2017-11-25,2,8,稳定复购用户
114224,1,2017-11-28,1,5,低频沉睡用户
114229,7,2017-11-30,5,3,高频多品类用户
114232,2,2017-12-03,2,0,稳定复购用户
114246,4,2017-12-02,4,1,高频多品类用户
114252,2,2017-12-01,2,2,稳定复购用户
114272,1,2017-11-28,1,5,低频沉睡用户
114278,3,2017-11-28,3,5,高频多品类用户
114280,2,2017-11-29,2,4,稳定复购用户
114283,2,2017-11-28,2,5,稳定复购用户
114295,2,2017-12-03,2,0,稳定复购用户
114300,1,2017-11-30,1,3,低频沉睡用户
114308,1,2017-11-26,1,7,低频沉睡用户
114309,2,2017-11-25,2,8,稳定复购用户
114321,1,2017-12-03,1,0,新购买用户
114339,1,2017-12-03,1,0,新购买用户
114341,1,2017-12-02,1,1,新购买用户
114344,1,2017-12-01,1,2,低频沉睡用户
114361,1,2017-11-26,1,7,低频沉睡用户
114365,2,2017-12-03,2,0,稳定复购用户
114367,2,2017-12-02,2,1,稳定复购用户
114374,1,2017-12-01,1,2,低频沉睡用户
114375,6,2017-11-30,6,3,高频多品类用户
114394,1,2017-12-02,1,1,新购买用户
114405,1,2017-12-03,1,0,新购买用户
114415,2,2017-12-02,2,1,稳定复购用户
114419,1,2017-12-01,1,2,低频沉睡用户
114436,1,2017-11-28,1,5,低频沉睡用户
114438,2,2017-12-01,2,2,稳定复购用户
114454,2,2017-12-03,2,0,稳定复购用户
114457,2,2017-11-25,2,8,稳定复购用户
114459,1,2017-12-01,1,2,低频沉睡用户
114467,14,2017-12-01,13,2,高频多品类用户
114478,4,2017-11-29,4,4,高频多品类用户
114521,3,2017-11-30,3,3,高频多品类用户
114523,2,2017-12-03,2,0,稳定复购用户
114524,2,2017-11-29,2,4,稳定复购用户
114536,2,2017-12-03,2,0,稳定复购用户
114546,6,2017-12-03,5,0,高频多品类用户
114558,6,2017-11-30,5,3,高频多品类用户
114565,3,2017-11-30,3,3,高频多品类用户
114569,1,2017-11-25,1,8,低频沉睡用户
114571,2,2017-11-30,2,3,稳定复购用户
114576,2,2017-12-01,2,2,稳定复购用户
114585,1,2017-11-30,1,3,低频沉睡用户
114594,1,2017-12-03,1,0,新购买用户
114601,5,2017-11-29,4,4,高频多品类用户
114616,1,2017-11-25,1,8,低频沉睡用户
114623,1,2017-12-01,1,2,低频沉睡用户
114629,1,2017-11-26,1,7,低频沉睡用户
114635,1,2017-11-27,1,6,低频沉睡用户
114637,1,2017-12-03,1,0,新购买用户
114644,7,2017-12-03,7,0,高频多品类用户
114650,5,2017-12-02,4,1,高频多品类用户
114656,1,2017-12-02,1,1,新购买用户
114664,3,2017-12-01,3,2,高频多品类用户
114669,2,2017-12-02,1,1,稳定复购用户
114670,1,2017-11-30,1,3,低频沉睡用户
114672,8,2017-11-29,5,4,高频多品类用户
114682,1,2017-12-03,1,0,新购买用户
114687,13,2017-12-03,11,0,高频多品类用户
114690,1,2017-12-02,1,1,新购买用户
114714,1,2017-11-26,1,7,低频沉睡用户
114726,1,2017-11-27,1,6,低频沉睡用户
114733,4,2017-12-03,3,0,高频多品类用户
114743,3,2017-11-29,3,4,高频多品类用户
114744,3,2017-12-02,2,1,高频多品类用户
114749,2,2017-11-29,2,4,稳定复购用户
114752,2,2017-11-29,2,4,稳定复购用户
114754,2,2017-11-27,2,6,稳定复购用户
114771,1,2017-12-03,1,0,新购买用户
114778,1,2017-12-01,1,2,低频沉睡用户
114779,1,2017-12-02,1,1,新购买用户
114781,11,2017-12-03,6,0,高频多品类用户
114784,1,2017-11-28,1,5,低频沉睡用户
114788,1,2017-11-25,1,8,低频沉睡用户
114798,2,2017-11-27,2,6,稳定复购用户
114805,1,2017-12-03,1,0,新购买用户
114823,1,2017-11-29,1,4,低频沉睡用户
114824,8,2017-12-03,6,0,高频多品类用户
114832,1,2017-12-02,1,1,新购买用户
114848,2,2017-12-03,2,0,稳定复购用户
114861,2,2017-12-03,2,0,稳定复购用户
114864,3,2017-12-03,2,0,高频多品类用户
114873,3,2017-12-02,3,1,高频多品类用户
114892,2,2017-11-28,2,5,稳定复购用户
114900,3,2017-11-29,3,4,高频多品类用户
114912,3,2017-12-02,3,1,高频多品类用户
114913,1,2017-12-02,1,1,新购买用户
114915,1,2017-11-30,1,3,低频沉睡用户
114916,1,2017-12-03,1,0,新购买用户
114917,2,2017-11-26,2,7,稳定复购用户
114926,9,2017-12-01,9,2,高频多品类用户
114927,2,2017-12-01,2,2,稳定复购用户
114931,5,2017-12-03,5,0,高频多品类用户
114941,6,2017-11-30,4,3,高频多品类用户
114948,31,2017-12-03,8,0,高频多品类用户
114954,5,2017-12-02,4,1,高频多品类用户
114962,5,2017-12-01,3,2,高频多品类用户
114964,1,2017-12-01,1,2,低频沉睡用户
114968,1,2017-11-29,1,4,低频沉睡用户
114974,1,2017-11-28,1,5,低频沉睡用户
114996,1,2017-11-26,1,7,低频沉睡用户
115000,4,2017-12-03,3,0,高频多品类用户
115009,1,2017-11-29,1,4,低频沉睡用户
115012,2,2017-11-28,2,5,稳定复购用户
115031,7,2017-12-03,6,0,高频多品类用户
115039,3,2017-11-30,3,3,高频多品类用户
115044,1,2017-11-28,1,5,低频沉睡用户
115046,4,2017-11-26,3,7,高频多品类用户
115047,13,2017-11-30,9,3,高频多品类用户
115065,1,2017-12-01,1,2,低频沉睡用户
115087,4,2017-12-01,3,2,高频多品类用户
115098,6,2017-12-03,6,0,高频多品类用户
115104,1,2017-12-03,1,0,新购买用户
115106,2,2017-11-30,2,3,稳定复购用户
115108,3,2017-12-03,3,0,高频多品类用户
115109,4,2017-12-03,4,0,高频多品类用户
115127,2,2017-12-03,1,0,稳定复购用户
115147,1,2017-11-30,1,3,低频沉睡用户
115168,1,2017-11-29,1,4,低频沉睡用户
115179,5,2017-12-01,5,2,高频多品类用户
115185,4,2017-12-02,3,1,高频多品类用户
115197,3,2017-12-03,2,0,高频多品类用户
115198,1,2017-11-29,1,4,低频沉睡用户
115220,3,2017-11-29,3,4,高频多品类用户
115221,4,2017-12-02,3,1,高频多品类用户
115222,1,2017-12-02,1,1,新购买用户
115224,3,2017-12-03,3,0,高频多品类用户
115227,1,2017-12-03,1,0,新购买用户
115229,9,2017-12-03,6,0,高频多品类用户
115238,3,2017-12-02,3,1,高频多品类用户
115242,3,2017-12-03,2,0,高频多品类用户
115245,1,2017-12-03,1,0,新购买用户
115247,3,2017-12-03,2,0,高频多品类用户
115250,3,2017-12-02,3,1,高频多品类用户
115254,7,2017-12-02,6,1,高频多品类用户
115259,2,2017-12-03,1,0,稳定复购用户
115274,1,2017-11-25,1,8,低频沉睡用户
115281,2,2017-12-03,2,0,稳定复购用户
115289,1,2017-11-28,1,5,低频沉睡用户
115293,1,2017-11-30,1,3,低频沉睡用户
115297,2,2017-11-30,2,3,稳定复购用户
115299,1,2017-12-02,1,1,新购买用户
115320,1,2017-11-25,1,8,低频沉睡用户
115326,2,2017-12-02,2,1,稳定复购用户
115327,1,2017-11-30,1,3,低频沉睡用户
115332,1,2017-11-29,1,4,低频沉睡用户
115333,2,2017-12-02,2,1,稳定复购用户
115337,7,2017-12-02,4,1,高频多品类用户
115344,2,2017-12-03,2,0,稳定复购用户
115350,1,2017-12-02,1,1,新购买用户
115360,2,2017-12-03,2,0,稳定复购用户
115374,4,2017-12-01,4,2,高频多品类用户
115376,4,2017-12-02,3,1,高频多品类用户
115385,4,2017-12-03,3,0,高频多品类用户
115387,4,2017-12-03,4,0,高频多品类用户
115411,13,2017-12-02,13,1,高频多品类用户
115415,2,2017-11-28,2,5,稳定复购用户
115416,7,2017-12-02,7,1,高频多品类用户
115424,2,2017-12-03,2,0,稳定复购用户
115438,1,2017-11-29,1,4,低频沉睡用户
115440,3,2017-12-03,2,0,高频多品类用户
115442,2,2017-11-30,2,3,稳定复购用户
115443,3,2017-12-01,3,2,高频多品类用户
115453,2,2017-11-27,2,6,稳定复购用户
115456,1,2017-11-30,1,3,低频沉睡用户
115462,1,2017-11-27,1,6,低频沉睡用户
115473,1,2017-11-26,1,7,低频沉睡用户
115476,4,2017-12-03,4,0,高频多品类用户
115494,1,2017-12-02,1,1,新购买用户
115506,8,2017-11-28,8,5,高频多品类用户
115509,5,2017-11-27,4,6,高频多品类用户
115512,5,2017-12-03,5,0,高频多品类用户
115525,1,2017-11-26,1,7,低频沉睡用户
115530,4,2017-12-02,4,1,高频多品类用户
115531,5,2017-11-27,2,6,高频多品类用户
115536,2,2017-12-01,2,2,稳定复购用户
115537,1,2017-11-30,1,3,低频沉睡用户
115543,2,2017-11-28,2,5,稳定复购用户
115554,1,2017-11-26,1,7,低频沉睡用户
115555,9,2017-12-03,9,0,高频多品类用户
115563,3,2017-12-02,3,1,高频多品类用户
115564,1,2017-11-27,1,6,低频沉睡用户
115592,1,2017-11-27,1,6,低频沉睡用户
115594,1,2017-12-02,1,1,新购买用户
115596,2,2017-12-02,2,1,稳定复购用户
115605,1,2017-11-29,1,4,低频沉睡用户
115614,4,2017-12-03,2,0,高频多品类用户
115618,3,2017-11-28,3,5,高频多品类用户
115620,1,2017-12-03,1,0,新购买用户
115638,1,2017-11-27,1,6,低频沉睡用户
115648,5,2017-12-01,5,2,高频多品类用户
115650,4,2017-12-03,4,0,高频多品类用户
115651,2,2017-12-03,2,0,稳定复购用户
115685,2,2017-12-03,2,0,稳定复购用户
115686,2,2017-12-01,2,2,稳定复购用户
115710,1,2017-12-01,1,2,低频沉睡用户
115716,1,2017-12-01,1,2,低频沉睡用户
115718,1,2017-11-26,1,7,低频沉睡用户
115730,4,2017-12-02,3,1,高频多品类用户
115733,4,2017-12-02,4,1,高频多品类用户
115738,4,2017-11-30,4,3,高频多品类用户
115743,1,2017-11-26,1,7,低频沉睡用户
115744,1,2017-11-25,1,8,低频沉睡用户
115749,4,2017-12-02,3,1,高频多品类用户
115752,5,2017-12-03,5,0,高频多品类用户
115762,2,2017-11-28,2,5,稳定复购用户
115773,4,2017-12-02,3,1,高频多品类用户
115774,3,2017-12-03,3,0,高频多品类用户
115797,3,2017-12-03,2,0,高频多品类用户
115810,7,2017-11-29,5,4,高频多品类用户
115813,1,2017-11-29,1,4,低频沉睡用户
115822,2,2017-11-28,2,5,稳定复购用户
115853,1,2017-11-30,1,3,低频沉睡用户
115855,1,2017-12-02,1,1,新购买用户
115864,5,2017-12-01,4,2,高频多品类用户
115866,2,2017-12-03,2,0,稳定复购用户
115873,1,2017-12-02,1,1,新购买用户
115874,2,2017-12-02,2,1,稳定复购用户
115880,2,2017-11-30,2,3,稳定复购用户
115906,1,2017-11-27,1,6,低频沉睡用户
115914,4,2017-11-29,4,4,高频多品类用户
115919,2,2017-12-01,2,2,稳定复购用户
115920,1,2017-12-02,1,1,新购买用户
115932,6,2017-11-29,3,4,高频多品类用户
115935,9,2017-12-03,8,0,高频多品类用户
115941,5,2017-12-02,4,1,高频多品类用户
115950,2,2017-12-03,2,0,稳定复购用户
115966,3,2017-12-03,3,0,高频多品类用户
115967,2,2017-12-02,2,1,稳定复购用户
115972,3,2017-12-03,3,0,高频多品类用户
115983,1,2017-11-26,1,7,低频沉睡用户
115986,1,2017-11-29,1,4,低频沉睡用户
115989,1,2017-11-25,1,8,低频沉睡用户
115994,1,2017-12-03,1,0,新购买用户
115996,3,2017-12-03,2,0,高频多品类用户
116018,3,2017-11-29,2,4,高频多品类用户
116019,1,2017-12-01,1,2,低频沉睡用户
116021,6,2017-12-03,6,0,高频多品类用户
116026,2,2017-12-02,2,1,稳定复购用户
116028,14,2017-12-01,13,2,高频多品类用户
116061,1,2017-11-30,1,3,低频沉睡用户
116066,2,2017-11-27,2,6,稳定复购用户
116102,2,2017-11-27,2,6,稳定复购用户
116108,9,2017-12-03,8,0,高频多品类用户
116111,1,2017-11-28,1,5,低频沉睡用户
116123,1,2017-12-02,1,1,新购买用户
116132,9,2017-12-03,8,0,高频多品类用户
116133,4,2017-11-26,4,7,高频多品类用户
116135,3,2017-11-29,3,4,高频多品类用户
116143,2,2017-12-02,2,1,稳定复购用户
116151,1,2017-12-02,1,1,新购买用户
116155,3,2017-12-03,2,0,高频多品类用户
116163,2,2017-12-03,1,0,稳定复购用户
116167,2,2017-12-02,2,1,稳定复购用户
116201,2,2017-11-29,2,4,稳定复购用户
116204,1,2017-11-28,1,5,低频沉睡用户
116229,2,2017-12-03,2,0,稳定复购用户
116241,6,2017-12-01,6,2,高频多品类用户
116262,7,2017-11-29,4,4,高频多品类用户
116264,1,2017-11-30,1,3,低频沉睡用户
116269,3,2017-11-28,3,5,高频多品类用户
116271,1,2017-12-01,1,2,低频沉睡用户
116282,1,2017-11-26,1,7,低频沉睡用户
116286,2,2017-11-30,2,3,稳定复购用户
116287,2,2017-12-01,2,2,稳定复购用户
116289,1,2017-11-29,1,4,低频沉睡用户
116290,2,2017-11-29,2,4,稳定复购用户
116292,1,2017-11-27,1,6,低频沉睡用户
116308,3,2017-12-03,3,0,高频多品类用户
116310,6,2017-12-03,6,0,高频多品类用户
116316,3,2017-11-28,3,5,高频多品类用户
116327,3,2017-11-29,3,4,高频多品类用户
116328,2,2017-11-30,2,3,稳定复购用户
116330,1,2017-12-01,1,2,低频沉睡用户
116333,5,2017-12-01,4,2,高频多品类用户
116342,3,2017-12-03,3,0,高频多品类用户
116343,2,2017-12-03,2,0,稳定复购用户
116344,7,2017-12-03,7,0,高频多品类用户
116345,2,2017-11-27,2,6,稳定复购用户
116348,1,2017-12-02,1,1,新购买用户
116350,1,2017-12-03,1,0,新购买用户
116352,1,2017-11-25,1,8,低频沉睡用户
116355,4,2017-12-02,3,1,高频多品类用户
116363,2,2017-12-03,2,0,稳定复购用户
116364,3,2017-12-02,3,1,高频多品类用户
116381,6,2017-12-02,4,1,高频多品类用户
116387,4,2017-11-26,4,7,高频多品类用户
116405,7,2017-12-02,6,1,高频多品类用户
116407,1,2017-11-29,1,4,低频沉睡用户
116422,1,2017-11-29,1,4,低频沉睡用户
116430,3,2017-12-03,3,0,高频多品类用户
116448,1,2017-11-26,1,7,低频沉睡用户
116459,3,2017-12-01,3,2,高频多品类用户
116469,1,2017-12-01,1,2,低频沉睡用户
116482,1,2017-11-28,1,5,低频沉睡用户
116487,1,2017-11-25,1,8,低频沉睡用户
116518,1,2017-11-26,1,7,低频沉睡用户
116520,1,2017-11-30,1,3,低频沉睡用户
116523,13,2017-12-03,10,0,高频多品类用户
116530,1,2017-11-26,1,7,低频沉睡用户
116531,2,2017-12-01,2,2,稳定复购用户
116533,1,2017-11-29,1,4,低频沉睡用户
116541,1,2017-11-30,1,3,低频沉睡用户
116550,1,2017-11-29,1,4,低频沉睡用户
116554,2,2017-12-01,2,2,稳定复购用户
116556,1,2017-11-25,1,8,低频沉睡用户
116572,5,2017-12-03,3,0,高频多品类用户
116582,8,2017-12-03,6,0,高频多品类用户
116584,2,2017-11-30,2,3,稳定复购用户
116588,2,2017-11-27,2,6,稳定复购用户
116596,4,2017-12-02,4,1,高频多品类用户
116607,3,2017-11-29,3,4,高频多品类用户
116608,1,2017-11-26,1,7,低频沉睡用户
116611,4,2017-12-01,4,2,高频多品类用户
116617,2,2017-12-02,2,1,稳定复购用户
116624,1,2017-11-27,1,6,低频沉睡用户
116636,1,2017-12-03,1,0,新购买用户
116647,1,2017-12-03,1,0,新购买用户
116654,1,2017-11-30,1,3,低频沉睡用户
116656,1,2017-11-29,1,4,低频沉睡用户
116659,14,2017-12-03,5,0,高频多品类用户
116666,2,2017-12-03,2,0,稳定复购用户
116682,8,2017-12-03,4,0,高频多品类用户
116693,2,2017-11-28,2,5,稳定复购用户
116694,1,2017-11-28,1,5,低频沉睡用户
116697,2,2017-12-03,2,0,稳定复购用户
116701,1,2017-11-30,1,3,低频沉睡用户
116708,4,2017-11-27,4,6,高频多品类用户
116711,1,2017-12-01,1,2,低频沉睡用户
116712,1,2017-12-02,1,1,新购买用户
116717,5,2017-12-02,5,1,高频多品类用户
116722,2,2017-12-01,2,2,稳定复购用户
116727,1,2017-11-28,1,5,低频沉睡用户
116736,4,2017-12-02,4,1,高频多品类用户
116738,2,2017-12-03,2,0,稳定复购用户
116750,1,2017-11-28,1,5,低频沉睡用户
116760,2,2017-12-01,2,2,稳定复购用户
116767,3,2017-12-01,2,2,高频多品类用户
116769,7,2017-12-03,6,0,高频多品类用户
116772,1,2017-11-25,1,8,低频沉睡用户
116796,2,2017-11-28,2,5,稳定复购用户
116797,3,2017-11-30,2,3,高频多品类用户
116801,7,2017-12-03,6,0,高频多品类用户
116805,4,2017-12-03,4,0,高频多品类用户
116809,1,2017-11-28,1,5,低频沉睡用户
116812,2,2017-11-27,2,6,稳定复购用户
116820,5,2017-11-29,5,4,高频多品类用户
116821,3,2017-12-01,3,2,高频多品类用户
116833,3,2017-11-29,3,4,高频多品类用户
116837,4,2017-12-03,4,0,高频多品类用户
116842,2,2017-12-03,2,0,稳定复购用户
116843,2,2017-11-29,2,4,稳定复购用户
116847,1,2017-11-29,1,4,低频沉睡用户
116859,1,2017-12-02,1,1,新购买用户
116867,4,2017-12-01,4,2,高频多品类用户
116868,3,2017-12-03,3,0,高频多品类用户
116869,1,2017-11-25,1,8,低频沉睡用户
116885,3,2017-11-30,3,3,高频多品类用户
116892,3,2017-12-03,3,0,高频多品类用户
116894,8,2017-12-02,5,1,高频多品类用户
116897,1,2017-12-02,1,1,新购买用户
116901,3,2017-12-03,3,0,高频多品类用户
116902,1,2017-12-03,1,0,新购买用户
116906,4,2017-12-02,3,1,高频多品类用户
116911,2,2017-11-30,2,3,稳定复购用户
116930,25,2017-12-02,23,1,高频多品类用户
116934,1,2017-12-02,1,1,新购买用户
116935,5,2017-11-30,2,3,高频多品类用户
116939,1,2017-11-27,1,6,低频沉睡用户
116941,8,2017-12-01,8,2,高频多品类用户
116955,1,2017-11-30,1,3,低频沉睡用户
116963,2,2017-12-03,2,0,稳定复购用户
117006,3,2017-12-01,2,2,高频多品类用户
117009,2,2017-11-28,2,5,稳定复购用户
117013,7,2017-12-03,6,0,高频多品类用户
117016,2,2017-12-02,2,1,稳定复购用户
117019,5,2017-12-03,5,0,高频多品类用户
117038,3,2017-12-03,2,0,高频多品类用户
117041,3,2017-12-02,3,1,高频多品类用户
117053,5,2017-12-01,4,2,高频多品类用户
117057,1,2017-11-26,1,7,低频沉睡用户
117067,1,2017-12-02,1,1,新购买用户
117075,8,2017-12-03,5,0,高频多品类用户
117079,1,2017-12-02,1,1,新购买用户
117080,6,2017-12-01,6,2,高频多品类用户
117085,2,2017-11-26,1,7,稳定复购用户
117086,1,2017-11-30,1,3,低频沉睡用户
117090,6,2017-12-01,6,2,高频多品类用户
117092,3,2017-12-02,3,1,高频多品类用户
117100,2,2017-12-01,2,2,稳定复购用户
117115,4,2017-11-29,4,4,高频多品类用户
117117,2,2017-11-29,2,4,稳定复购用户
117124,1,2017-11-28,1,5,低频沉睡用户
117127,1,2017-11-25,1,8,低频沉睡用户
117128,2,2017-11-28,2,5,稳定复购用户
117146,10,2017-12-03,7,0,高频多品类用户
117147,5,2017-11-28,5,5,高频多品类用户
117154,3,2017-11-25,2,8,高频多品类用户
117156,1,2017-12-01,1,2,低频沉睡用户
117162,2,2017-11-26,2,7,稳定复购用户
117163,2,2017-12-03,2,0,稳定复购用户
117171,3,2017-12-01,3,2,高频多品类用户
117174,10,2017-12-03,7,0,高频多品类用户
117176,2,2017-11-26,1,7,稳定复购用户
117184,9,2017-12-02,3,1,高频多品类用户
117190,1,2017-12-01,1,2,低频沉睡用户
117193,4,2017-12-02,3,1,高频多品类用户
117198,5,2017-11-30,5,3,高频多品类用户
117200,6,2017-12-02,5,1,高频多品类用户
117202,1,2017-12-03,1,0,新购买用户
117205,8,2017-12-03,7,0,高频多品类用户
117206,2,2017-11-30,2,3,稳定复购用户
117216,1,2017-12-01,1,2,低频沉睡用户
117226,5,2017-12-03,4,0,高频多品类用户
117231,2,2017-12-03,2,0,稳定复购用户
117246,2,2017-11-30,2,3,稳定复购用户
117251,1,2017-11-28,1,5,低频沉睡用户
117255,3,2017-12-03,2,0,高频多品类用户
117258,1,2017-11-28,1,5,低频沉睡用户
117262,1,2017-12-03,1,0,新购买用户
117272,2,2017-11-26,2,7,稳定复购用户
117278,2,2017-11-29,1,4,稳定复购用户
117282,1,2017-11-27,1,6,低频沉睡用户
117284,1,2017-11-28,1,5,低频沉睡用户
117285,1,2017-12-02,1,1,新购买用户
117294,1,2017-11-27,1,6,低频沉睡用户
117311,4,2017-12-02,2,1,高频多品类用户
117315,2,2017-12-03,2,0,稳定复购用户
117328,1,2017-11-27,1,6,低频沉睡用户
117330,1,2017-11-30,1,3,低频沉睡用户
117336,2,2017-12-02,2,1,稳定复购用户
117341,1,2017-12-03,1,0,新购买用户
117343,2,2017-12-03,2,0,稳定复购用户
117347,4,2017-12-03,4,0,高频多品类用户
117356,2,2017-12-02,1,1,稳定复购用户
117360,1,2017-11-26,1,7,低频沉睡用户
117367,2,2017-12-02,2,1,稳定复购用户
117384,2,2017-12-03,2,0,稳定复购用户
117385,1,2017-11-27,1,6,低频沉睡用户
117395,1,2017-11-26,1,7,低频沉睡用户
117399,3,2017-12-02,3,1,高频多品类用户
117404,2,2017-11-29,2,4,稳定复购用户
117410,1,2017-11-28,1,5,低频沉睡用户
117417,5,2017-11-29,4,4,高频多品类用户
117418,6,2017-12-03,5,0,高频多品类用户
117421,4,2017-12-01,4,2,高频多品类用户
117423,1,2017-12-01,1,2,低频沉睡用户
117425,1,2017-12-03,1,0,新购买用户
117428,1,2017-12-02,1,1,新购买用户
117439,9,2017-12-03,7,0,高频多品类用户
117442,1,2017-12-02,1,1,新购买用户
117448,4,2017-11-30,2,3,高频多品类用户
117450,3,2017-11-28,3,5,高频多品类用户
117452,2,2017-12-03,1,0,稳定复购用户
117453,3,2017-11-28,3,5,高频多品类用户
117455,7,2017-12-01,3,2,高频多品类用户
117458,4,2017-11-26,4,7,高频多品类用户
117459,3,2017-12-03,3,0,高频多品类用户
117462,6,2017-11-30,3,3,高频多品类用户
117472,2,2017-11-28,2,5,稳定复购用户
117473,1,2017-12-02,1,1,新购买用户
117474,2,2017-11-30,2,3,稳定复购用户
117476,2,2017-12-03,2,0,稳定复购用户
117530,5,2017-12-01,5,2,高频多品类用户
117534,2,2017-12-03,2,0,稳定复购用户
117539,11,2017-12-02,10,1,高频多品类用户
117540,2,2017-11-27,2,6,稳定复购用户
117556,1,2017-12-03,1,0,新购买用户
117560,2,2017-12-01,2,2,稳定复购用户
117570,4,2017-12-01,4,2,高频多品类用户
117578,1,2017-11-27,1,6,低频沉睡用户
117585,6,2017-12-02,5,1,高频多品类用户
117606,5,2017-12-01,3,2,高频多品类用户
117607,1,2017-11-30,1,3,低频沉睡用户
117612,1,2017-11-27,1,6,低频沉睡用户
117616,4,2017-12-03,4,0,高频多品类用户
117627,1,2017-11-26,1,7,低频沉睡用户
117648,12,2017-12-03,11,0,高频多品类用户
117652,2,2017-12-02,2,1,稳定复购用户
117653,5,2017-11-29,3,4,高频多品类用户
117658,1,2017-11-26,1,7,低频沉睡用户
117666,1,2017-11-28,1,5,低频沉睡用户
117671,2,2017-12-02,2,1,稳定复购用户
117679,4,2017-12-02,4,1,高频多品类用户
117689,5,2017-12-03,5,0,高频多品类用户
117691,1,2017-11-27,1,6,低频沉睡用户
117692,1,2017-12-03,1,0,新购买用户
117701,4,2017-11-29,4,4,高频多品类用户
117702,1,2017-11-26,1,7,低频沉睡用户
117707,6,2017-11-30,6,3,高频多品类用户
117718,5,2017-11-29,5,4,高频多品类用户
117733,2,2017-11-26,2,7,稳定复购用户
117738,2,2017-12-01,2,2,稳定复购用户
117761,3,2017-12-01,3,2,高频多品类用户
117767,4,2017-12-02,4,1,高频多品类用户
117770,4,2017-12-02,3,1,高频多品类用户
117772,6,2017-12-02,5,1,高频多品类用户
117776,1,2017-11-26,1,7,低频沉睡用户
117782,3,2017-12-02,3,1,高频多品类用户
117798,2,2017-12-02,2,1,稳定复购用户
117802,4,2017-11-28,4,5,高频多品类用户
117805,5,2017-12-03,4,0,高频多品类用户
117808,4,2017-12-02,4,1,高频多品类用户
117818,4,2017-11-30,4,3,高频多品类用户
117842,1,2017-12-02,1,1,新购买用户
117857,6,2017-12-03,4,0,高频多品类用户
117883,2,2017-11-29,2,4,稳定复购用户
117886,3,2017-12-02,3,1,高频多品类用户
117888,2,2017-12-03,1,0,稳定复购用户
117893,3,2017-12-03,3,0,高频多品类用户
117895,2,2017-11-27,2,6,稳定复购用户
117902,3,2017-12-02,2,1,高频多品类用户
117916,2,2017-11-26,2,7,稳定复购用户
117921,1,2017-12-02,1,1,新购买用户
117933,1,2017-11-27,1,6,低频沉睡用户
117935,1,2017-11-26,1,7,低频沉睡用户
117941,3,2017-11-27,3,6,高频多品类用户
117957,5,2017-12-02,5,1,高频多品类用户
117962,4,2017-11-26,4,7,高频多品类用户
117965,3,2017-12-02,2,1,高频多品类用户
117972,2,2017-12-01,2,2,稳定复购用户
117981,5,2017-12-03,5,0,高频多品类用户
117983,4,2017-12-02,4,1,高频多品类用户
117987,2,2017-11-30,2,3,稳定复购用户
117990,1,2017-12-03,1,0,新购买用户
118006,2,2017-11-29,2,4,稳定复购用户
118021,4,2017-12-02,2,1,高频多品类用户
118040,2,2017-12-01,2,2,稳定复购用户
118049,1,2017-11-28,1,5,低频沉睡用户
118056,13,2017-12-03,12,0,高频多品类用户
118059,4,2017-11-29,3,4,高频多品类用户
118074,2,2017-11-29,2,4,稳定复购用户
118079,4,2017-12-02,4,1,高频多品类用户
118087,4,2017-11-30,4,3,高频多品类用户
118099,1,2017-11-30,1,3,低频沉睡用户
118112,2,2017-12-01,2,2,稳定复购用户
118123,1,2017-11-25,1,8,低频沉睡用户
118130,5,2017-12-03,4,0,高频多品类用户
118136,4,2017-12-02,4,1,高频多品类用户
118138,1,2017-11-27,1,6,低频沉睡用户
118140,1,2017-12-02,1,1,新购买用户
118147,1,2017-12-03,1,0,新购买用户
118149,2,2017-12-03,2,0,稳定复购用户
118164,6,2017-12-03,4,0,高频多品类用户
118183,3,2017-11-29,2,4,高频多品类用户
118187,1,2017-12-02,1,1,新购买用户
118200,2,2017-11-27,2,6,稳定复购用户
118202,19,2017-12-03,9,0,高频多品类用户
118203,1,2017-12-01,1,2,低频沉睡用户
118217,2,2017-12-01,1,2,稳定复购用户
118218,1,2017-12-01,1,2,低频沉睡用户
118231,3,2017-12-02,2,1,高频多品类用户
118237,6,2017-12-03,6,0,高频多品类用户
118238,6,2017-12-03,5,0,高频多品类用户
118242,2,2017-11-27,2,6,稳定复购用户
118265,2,2017-12-03,2,0,稳定复购用户
118281,1,2017-11-25,1,8,低频沉睡用户
118290,1,2017-12-01,1,2,低频沉睡用户
118293,1,2017-11-29,1,4,低频沉睡用户
118302,1,2017-12-01,1,2,低频沉睡用户
118305,1,2017-11-27,1,6,低频沉睡用户
118306,2,2017-12-01,2,2,稳定复购用户
118307,1,2017-11-29,1,4,低频沉睡用户
118308,1,2017-12-01,1,2,低频沉睡用户
118313,1,2017-11-28,1,5,低频沉睡用户
118314,1,2017-11-26,1,7,低频沉睡用户
118321,3,2017-11-29,3,4,高频多品类用户
118328,2,2017-11-30,2,3,稳定复购用户
118336,2,2017-11-28,2,5,稳定复购用户
118379,2,2017-11-28,2,5,稳定复购用户
118383,1,2017-11-28,1,5,低频沉睡用户
118384,7,2017-12-03,7,0,高频多品类用户
118401,1,2017-11-29,1,4,低频沉睡用户
118418,1,2017-11-29,1,4,低频沉睡用户
118432,10,2017-12-03,8,0,高频多品类用户
118441,4,2017-11-26,2,7,高频多品类用户
118446,1,2017-11-26,1,7,低频沉睡用户
118459,2,2017-11-30,2,3,稳定复购用户
118469,2,2017-12-02,2,1,稳定复购用户
118474,1,2017-11-27,1,6,低频沉睡用户
118477,3,2017-11-29,3,4,高频多品类用户
118494,1,2017-12-02,1,1,新购买用户
118505,1,2017-11-28,1,5,低频沉睡用户
118513,5,2017-11-29,5,4,高频多品类用户
118538,2,2017-12-01,2,2,稳定复购用户
118566,2,2017-12-03,2,0,稳定复购用户
118567,15,2017-12-03,11,0,高频多品类用户
118576,1,2017-11-28,1,5,低频沉睡用户
118581,3,2017-12-01,3,2,高频多品类用户
118583,1,2017-11-26,1,7,低频沉睡用户
118585,1,2017-11-29,1,4,低频沉睡用户
118587,2,2017-12-02,2,1,稳定复购用户
118590,1,2017-11-28,1,5,低频沉睡用户
118600,1,2017-11-30,1,3,低频沉睡用户
118604,2,2017-12-03,2,0,稳定复购用户
118610,2,2017-12-03,1,0,稳定复购用户
118611,2,2017-12-02,2,1,稳定复购用户
118614,4,2017-12-01,4,2,高频多品类用户
118648,1,2017-12-02,1,1,新购买用户
118652,2,2017-11-29,1,4,稳定复购用户
118661,1,2017-12-01,1,2,低频沉睡用户
118671,6,2017-11-27,4,6,高频多品类用户
118681,2,2017-12-03,2,0,稳定复购用户
118683,1,2017-11-26,1,7,低频沉睡用户
118686,4,2017-12-03,4,0,高频多品类用户
118691,1,2017-12-01,1,2,低频沉睡用户
118693,2,2017-12-03,2,0,稳定复购用户
118701,1,2017-11-30,1,3,低频沉睡用户
118705,2,2017-12-03,2,0,稳定复购用户
118711,1,2017-11-25,1,8,低频沉睡用户
118740,13,2017-12-03,3,0,高频多品类用户
118742,2,2017-11-30,2,3,稳定复购用户
118747,1,2017-12-01,1,2,低频沉睡用户
118750,2,2017-11-30,2,3,稳定复购用户
118751,2,2017-12-03,2,0,稳定复购用户
118766,1,2017-11-28,1,5,低频沉睡用户
118779,1,2017-12-02,1,1,新购买用户
118782,3,2017-12-03,3,0,高频多品类用户
118784,11,2017-12-02,9,1,高频多品类用户
118790,1,2017-11-28,1,5,低频沉睡用户
118796,3,2017-12-02,2,1,高频多品类用户
118815,1,2017-11-29,1,4,低频沉睡用户
118820,1,2017-12-03,1,0,新购买用户
118840,4,2017-12-03,4,0,高频多品类用户
118847,4,2017-12-02,3,1,高频多品类用户
118859,2,2017-12-02,2,1,稳定复购用户
118860,1,2017-12-02,1,1,新购买用户
118867,9,2017-12-03,8,0,高频多品类用户
118870,2,2017-11-29,2,4,稳定复购用户
118891,1,2017-12-02,1,1,新购买用户
118916,1,2017-11-29,1,4,低频沉睡用户
118918,5,2017-12-01,3,2,高频多品类用户
118922,1,2017-12-01,1,2,低频沉睡用户
118924,3,2017-12-03,3,0,高频多品类用户
118928,1,2017-12-02,1,1,新购买用户
118933,3,2017-11-26,1,7,稳定复购用户
118938,2,2017-11-29,2,4,稳定复购用户
118939,1,2017-11-29,1,4,低频沉睡用户
118940,8,2017-12-01,7,2,高频多品类用户
118944,2,2017-11-27,2,6,稳定复购用户
118955,1,2017-12-03,1,0,新购买用户
118956,1,2017-11-28,1,5,低频沉睡用户
118963,1,2017-11-29,1,4,低频沉睡用户
118965,3,2017-12-02,2,1,高频多品类用户
118976,4,2017-12-03,3,0,高频多品类用户
118978,5,2017-11-29,5,4,高频多品类用户
118982,9,2017-12-01,9,2,高频多品类用户
118994,1,2017-11-25,1,8,低频沉睡用户
118996,5,2017-12-03,5,0,高频多品类用户
119004,3,2017-12-03,2,0,高频多品类用户
119022,3,2017-12-03,3,0,高频多品类用户
119032,2,2017-12-02,2,1,稳定复购用户
119051,1,2017-11-30,1,3,低频沉睡用户
119061,1,2017-12-03,1,0,新购买用户
119076,4,2017-12-02,4,1,高频多品类用户
119078,1,2017-11-26,1,7,低频沉睡用户
119082,1,2017-11-30,1,3,低频沉睡用户
119083,1,2017-11-29,1,4,低频沉睡用户
119084,1,2017-11-26,1,7,低频沉睡用户
119089,1,2017-12-01,1,2,低频沉睡用户
119099,2,2017-12-03,2,0,稳定复购用户
119120,1,2017-11-30,1,3,低频沉睡用户
119125,9,2017-12-02,7,1,高频多品类用户
119128,4,2017-12-01,4,2,高频多品类用户
119136,1,2017-12-03,1,0,新购买用户
119139,4,2017-12-03,4,0,高频多品类用户
119147,3,2017-12-01,3,2,高频多品类用户
119167,2,2017-12-03,2,0,稳定复购用户
119168,2,2017-12-03,2,0,稳定复购用户
119185,5,2017-12-03,3,0,高频多品类用户
119188,4,2017-11-29,2,4,高频多品类用户
119205,4,2017-12-02,4,1,高频多品类用户
119209,1,2017-11-30,1,3,低频沉睡用户
119213,4,2017-12-02,4,1,高频多品类用户
119229,1,2017-12-01,1,2,低频沉睡用户
119241,1,2017-12-03,1,0,新购买用户
119242,1,2017-11-25,1,8,低频沉睡用户
119259,4,2017-12-01,3,2,高频多品类用户
119261,2,2017-12-03,2,0,稳定复购用户
119270,2,2017-11-26,2,7,稳定复购用户
119271,1,2017-11-27,1,6,低频沉睡用户
119272,5,2017-11-29,3,4,高频多品类用户
119280,6,2017-11-29,6,4,高频多品类用户
119292,1,2017-11-27,1,6,低频沉睡用户
119297,5,2017-12-01,3,2,高频多品类用户
119305,1,2017-12-02,1,1,新购买用户
119309,1,2017-12-01,1,2,低频沉睡用户
119316,2,2017-12-02,2,1,稳定复购用户
119318,2,2017-12-02,2,1,稳定复购用户
119319,6,2017-12-01,6,2,高频多品类用户
119332,1,2017-11-27,1,6,低频沉睡用户
119333,1,2017-12-03,1,0,新购买用户
119343,6,2017-12-01,4,2,高频多品类用户
119354,1,2017-12-02,1,1,新购买用户
119369,1,2017-12-01,1,2,低频沉睡用户
119379,4,2017-12-02,3,1,高频多品类用户
119383,1,2017-11-25,1,8,低频沉睡用户
119390,1,2017-12-02,1,1,新购买用户
119392,4,2017-12-02,4,1,高频多品类用户
119395,4,2017-12-02,4,1,高频多品类用户
119397,1,2017-12-01,1,2,低频沉睡用户
119403,2,2017-11-30,2,3,稳定复购用户
119405,2,2017-12-03,2,0,稳定复购用户
119408,3,2017-12-03,2,0,高频多品类用户
119410,4,2017-12-02,3,1,高频多品类用户
119418,1,2017-11-26,1,7,低频沉睡用户
119428,2,2017-12-03,2,0,稳定复购用户
119443,4,2017-12-03,4,0,高频多品类用户
119457,1,2017-12-01,1,2,低频沉睡用户
119468,1,2017-11-26,1,7,低频沉睡用户
119472,12,2017-12-03,11,0,高频多品类用户
119481,2,2017-12-02,2,1,稳定复购用户
119489,16,2017-12-03,15,0,高频多品类用户
119496,6,2017-12-03,4,0,高频多品类用户
119498,3,2017-11-29,2,4,高频多品类用户
119500,1,2017-11-25,1,8,低频沉睡用户
119502,13,2017-12-03,7,0,高频多品类用户
119508,2,2017-12-02,2,1,稳定复购用户
119509,5,2017-11-29,3,4,高频多品类用户
119516,4,2017-12-01,4,2,高频多品类用户
119527,4,2017-12-03,4,0,高频多品类用户
119534,3,2017-12-02,3,1,高频多品类用户
119543,2,2017-11-26,2,7,稳定复购用户
119547,1,2017-11-27,1,6,低频沉睡用户
119552,3,2017-12-03,3,0,高频多品类用户
119562,2,2017-11-29,2,4,稳定复购用户
119568,1,2017-12-01,1,2,低频沉睡用户
119577,1,2017-11-30,1,3,低频沉睡用户
119582,4,2017-11-27,3,6,高频多品类用户
119605,1,2017-11-29,1,4,低频沉睡用户
119610,2,2017-11-30,2,3,稳定复购用户
119616,1,2017-12-02,1,1,新购买用户
119628,1,2017-12-02,1,1,新购买用户
119633,3,2017-12-02,3,1,高频多品类用户
119638,2,2017-11-28,1,5,稳定复购用户
119654,2,2017-12-02,2,1,稳定复购用户
119657,4,2017-12-03,3,0,高频多品类用户
119659,1,2017-12-01,1,2,低频沉睡用户
119664,5,2017-12-02,5,1,高频多品类用户
119668,7,2017-12-02,6,1,高频多品类用户
119690,3,2017-12-03,3,0,高频多品类用户
119720,3,2017-11-30,3,3,高频多品类用户
119735,2,2017-12-02,2,1,稳定复购用户
119741,1,2017-12-02,1,1,新购买用户
119746,4,2017-12-02,4,1,高频多品类用户
119750,1,2017-11-25,1,8,低频沉睡用户
119758,4,2017-11-28,2,5,高频多品类用户
119767,2,2017-12-02,2,1,稳定复购用户
119770,1,2017-11-27,1,6,低频沉睡用户
119775,4,2017-12-03,4,0,高频多品类用户
119820,2,2017-11-27,2,6,稳定复购用户
119831,2,2017-12-03,2,0,稳定复购用户
119862,1,2017-12-02,1,1,新购买用户
119879,1,2017-12-02,1,1,新购买用户
119880,1,2017-11-30,1,3,低频沉睡用户
119883,3,2017-12-02,2,1,高频多品类用户
119895,1,2017-11-30,1,3,低频沉睡用户
119915,3,2017-12-03,3,0,高频多品类用户
119925,7,2017-12-03,6,0,高频多品类用户
119940,1,2017-11-30,1,3,低频沉睡用户
119942,1,2017-11-26,1,7,低频沉睡用户
119944,3,2017-11-29,3,4,高频多品类用户
119961,3,2017-12-03,3,0,高频多品类用户
119970,2,2017-12-03,2,0,稳定复购用户
119974,3,2017-12-02,2,1,高频多品类用户
119982,1,2017-11-25,1,8,低频沉睡用户
119991,2,2017-12-01,2,2,稳定复购用户
119998,6,2017-12-03,6,0,高频多品类用户
119999,8,2017-12-03,8,0,高频多品类用户
120009,7,2017-12-02,3,1,高频多品类用户
120026,1,2017-11-30,1,3,低频沉睡用户
120036,2,2017-12-03,2,0,稳定复购用户
120038,5,2017-11-27,3,6,高频多品类用户
120047,1,2017-11-30,1,3,低频沉睡用户
120052,2,2017-11-28,2,5,稳定复购用户
120059,10,2017-11-29,9,4,高频多品类用户
120062,1,2017-11-26,1,7,低频沉睡用户
120071,1,2017-12-03,1,0,新购买用户
120076,5,2017-11-30,3,3,高频多品类用户
120089,1,2017-12-01,1,2,低频沉睡用户
120093,2,2017-12-02,2,1,稳定复购用户
120114,2,2017-12-03,2,0,稳定复购用户
120118,1,2017-11-30,1,3,低频沉睡用户
120129,3,2017-12-03,3,0,高频多品类用户
120134,1,2017-11-28,1,5,低频沉睡用户
120135,4,2017-12-03,3,0,高频多品类用户
120137,8,2017-11-30,7,3,高频多品类用户
120150,3,2017-12-03,3,0,高频多品类用户
120201,2,2017-11-26,2,7,稳定复购用户
120228,7,2017-12-02,7,1,高频多品类用户
120238,1,2017-11-28,1,5,低频沉睡用户
120241,5,2017-12-02,5,1,高频多品类用户
120267,1,2017-11-29,1,4,低频沉睡用户
120269,1,2017-12-03,1,0,新购买用户
120271,6,2017-12-01,5,2,高频多品类用户
120283,1,2017-11-28,1,5,低频沉睡用户
120295,2,2017-12-03,1,0,稳定复购用户
120301,1,2017-11-25,1,8,低频沉睡用户
120304,2,2017-12-02,2,1,稳定复购用户
120305,3,2017-12-02,2,1,高频多品类用户
120315,6,2017-12-02,5,1,高频多品类用户
120326,1,2017-12-01,1,2,低频沉睡用户
120336,2,2017-11-27,2,6,稳定复购用户
120338,2,2017-11-29,2,4,稳定复购用户
120344,2,2017-11-29,2,4,稳定复购用户
120349,5,2017-12-03,4,0,高频多品类用户
120374,4,2017-12-01,2,2,高频多品类用户
120375,1,2017-11-30,1,3,低频沉睡用户
120379,9,2017-12-02,9,1,高频多品类用户
120381,1,2017-11-30,1,3,低频沉睡用户
120396,3,2017-12-03,3,0,高频多品类用户
120398,5,2017-12-03,4,0,高频多品类用户
120419,1,2017-11-26,1,7,低频沉睡用户
120422,3,2017-12-01,3,2,高频多品类用户
120425,2,2017-11-27,2,6,稳定复购用户
120426,3,2017-12-01,3,2,高频多品类用户
120442,1,2017-12-01,1,2,低频沉睡用户
120444,2,2017-11-25,2,8,稳定复购用户
120448,10,2017-12-02,8,1,高频多品类用户
120452,2,2017-11-29,2,4,稳定复购用户
120454,1,2017-11-29,1,4,低频沉睡用户
120456,2,2017-11-29,1,4,稳定复购用户
120466,1,2017-11-28,1,5,低频沉睡用户
120471,3,2017-11-28,3,5,高频多品类用户
120477,1,2017-11-26,1,7,低频沉睡用户
120478,1,2017-11-30,1,3,低频沉睡用户
120479,7,2017-11-27,7,6,高频多品类用户
120493,5,2017-12-01,3,2,高频多品类用户
120504,2,2017-12-03,2,0,稳定复购用户
120514,3,2017-12-02,2,1,高频多品类用户
120518,2,2017-11-28,2,5,稳定复购用户
120524,2,2017-11-27,2,6,稳定复购用户
120528,9,2017-11-30,5,3,高频多品类用户
120534,2,2017-12-01,2,2,稳定复购用户
120563,4,2017-12-02,2,1,高频多品类用户
120565,1,2017-11-29,1,4,低频沉睡用户
120575,3,2017-12-03,3,0,高频多品类用户
120581,6,2017-12-03,6,0,高频多品类用户
120587,1,2017-11-30,1,3,低频沉睡用户
120592,3,2017-11-26,3,7,高频多品类用户
120594,6,2017-12-02,3,1,高频多品类用户
120604,3,2017-11-29,2,4,高频多品类用户
120615,1,2017-11-30,1,3,低频沉睡用户
120621,5,2017-11-30,5,3,高频多品类用户
120627,3,2017-12-03,3,0,高频多品类用户
120630,2,2017-12-03,2,0,稳定复购用户
120634,1,2017-11-30,1,3,低频沉睡用户
120640,5,2017-12-03,5,0,高频多品类用户
120641,3,2017-11-29,3,4,高频多品类用户
120665,1,2017-11-29,1,4,低频沉睡用户
120674,2,2017-11-30,1,3,稳定复购用户
120675,2,2017-11-28,2,5,稳定复购用户
120710,4,2017-12-01,4,2,高频多品类用户
120711,3,2017-12-03,3,0,高频多品类用户
120713,2,2017-12-01,1,2,稳定复购用户
120734,9,2017-12-02,9,1,高频多品类用户
120745,3,2017-12-02,3,1,高频多品类用户
120760,2,2017-11-27,2,6,稳定复购用户
120765,1,2017-11-27,1,6,低频沉睡用户
120771,2,2017-12-03,2,0,稳定复购用户
120774,2,2017-12-02,2,1,稳定复购用户
120781,7,2017-11-29,4,4,高频多品类用户
120785,2,2017-11-29,2,4,稳定复购用户
120823,2,2017-12-02,2,1,稳定复购用户
120825,1,2017-12-03,1,0,新购买用户
120830,2,2017-12-03,2,0,稳定复购用户
120849,8,2017-12-03,8,0,高频多品类用户
120851,3,2017-12-02,3,1,高频多品类用户
120862,2,2017-12-03,2,0,稳定复购用户
120872,1,2017-12-01,1,2,低频沉睡用户
120887,1,2017-12-03,1,0,新购买用户
120891,1,2017-11-28,1,5,低频沉睡用户
120900,9,2017-11-30,6,3,高频多品类用户
120910,2,2017-11-26,2,7,稳定复购用户
120922,3,2017-12-01,3,2,高频多品类用户
120929,5,2017-12-02,3,1,高频多品类用户
120932,6,2017-12-03,4,0,高频多品类用户
120938,2,2017-12-02,2,1,稳定复购用户
120939,3,2017-12-02,3,1,高频多品类用户
120943,3,2017-12-02,3,1,高频多品类用户
120958,4,2017-11-26,3,7,高频多品类用户
120959,1,2017-11-29,1,4,低频沉睡用户
120968,2,2017-12-03,1,0,稳定复购用户
120975,8,2017-11-29,7,4,高频多品类用户
120977,2,2017-11-26,2,7,稳定复购用户
120986,1,2017-12-01,1,2,低频沉睡用户
120988,3,2017-12-02,3,1,高频多品类用户
120993,11,2017-12-03,9,0,高频多品类用户
121006,2,2017-12-03,2,0,稳定复购用户
121018,2,2017-11-29,2,4,稳定复购用户
121020,1,2017-11-30,1,3,低频沉睡用户
121021,5,2017-12-01,5,2,高频多品类用户
121024,3,2017-11-29,3,4,高频多品类用户
121025,4,2017-11-29,4,4,高频多品类用户
121027,1,2017-12-03,1,0,新购买用户
121036,1,2017-11-28,1,5,低频沉睡用户
121066,3,2017-12-03,3,0,高频多品类用户
121069,2,2017-12-03,2,0,稳定复购用户
121070,8,2017-12-02,7,1,高频多品类用户
121076,1,2017-12-03,1,0,新购买用户
121084,1,2017-11-27,1,6,低频沉睡用户
121085,3,2017-12-02,3,1,高频多品类用户
121102,2,2017-12-03,2,0,稳定复购用户
121111,2,2017-12-01,2,2,稳定复购用户
121117,1,2017-12-02,1,1,新购买用户
121122,1,2017-11-29,1,4,低频沉睡用户
121123,1,2017-11-30,1,3,低频沉睡用户
121129,2,2017-12-02,1,1,稳定复购用户
121131,2,2017-11-30,2,3,稳定复购用户
121132,1,2017-11-28,1,5,低频沉睡用户
121133,2,2017-12-03,2,0,稳定复购用户
121136,14,2017-12-02,9,1,高频多品类用户
121137,2,2017-11-26,2,7,稳定复购用户
121156,1,2017-11-28,1,5,低频沉睡用户
121172,2,2017-11-29,2,4,稳定复购用户
121174,1,2017-12-03,1,0,新购买用户
121182,4,2017-12-03,4,0,高频多品类用户
121189,1,2017-12-01,1,2,低频沉睡用户
121194,2,2017-11-30,2,3,稳定复购用户
121196,6,2017-12-01,6,2,高频多品类用户
121198,3,2017-12-03,3,0,高频多品类用户
121204,10,2017-12-03,9,0,高频多品类用户
121206,2,2017-12-02,2,1,稳定复购用户
121217,2,2017-11-29,2,4,稳定复购用户
121218,1,2017-12-03,1,0,新购买用户
121219,4,2017-12-03,4,0,高频多品类用户
121223,2,2017-11-28,1,5,稳定复购用户
121249,1,2017-11-29,1,4,低频沉睡用户
121285,1,2017-11-25,1,8,低频沉睡用户
121288,8,2017-12-02,5,1,高频多品类用户
121293,1,2017-11-29,1,4,低频沉睡用户
121321,5,2017-12-03,5,0,高频多品类用户
121322,2,2017-11-29,2,4,稳定复购用户
121325,1,2017-12-03,1,0,新购买用户
121337,1,2017-12-02,1,1,新购买用户
121366,1,2017-11-26,1,7,低频沉睡用户
121373,2,2017-12-01,2,2,稳定复购用户
121377,2,2017-11-28,2,5,稳定复购用户
121379,6,2017-12-02,5,1,高频多品类用户
121389,7,2017-12-03,5,0,高频多品类用户
121393,2,2017-11-30,2,3,稳定复购用户
121417,4,2017-12-03,4,0,高频多品类用户
121423,3,2017-11-27,2,6,高频多品类用户
121425,3,2017-12-01,2,2,高频多品类用户
121434,2,2017-11-29,2,4,稳定复购用户
121440,2,2017-11-30,2,3,稳定复购用户
121445,1,2017-11-25,1,8,低频沉睡用户
121471,5,2017-12-01,4,2,高频多品类用户
121475,1,2017-11-25,1,8,低频沉睡用户
121479,3,2017-11-30,3,3,高频多品类用户
121502,7,2017-12-02,5,1,高频多品类用户
121507,3,2017-12-01,2,2,高频多品类用户
121510,1,2017-11-29,1,4,低频沉睡用户
121515,5,2017-12-03,4,0,高频多品类用户
121528,1,2017-11-28,1,5,低频沉睡用户
121530,3,2017-11-28,3,5,高频多品类用户
121531,1,2017-11-25,1,8,低频沉睡用户
121533,1,2017-11-26,1,7,低频沉睡用户
121536,4,2017-12-03,3,0,高频多品类用户
121538,1,2017-11-28,1,5,低频沉睡用户
121540,1,2017-12-03,1,0,新购买用户
121551,3,2017-12-02,3,1,高频多品类用户
121563,1,2017-12-02,1,1,新购买用户
121571,1,2017-12-03,1,0,新购买用户
121572,1,2017-11-25,1,8,低频沉睡用户
121575,7,2017-12-01,7,2,高频多品类用户
121584,4,2017-12-01,3,2,高频多品类用户
121589,1,2017-11-27,1,6,低频沉睡用户
121592,1,2017-11-27,1,6,低频沉睡用户
121601,3,2017-12-02,3,1,高频多品类用户
121605,2,2017-12-02,2,1,稳定复购用户
121613,5,2017-12-03,5,0,高频多品类用户
121637,3,2017-12-03,3,0,高频多品类用户
121669,3,2017-12-01,3,2,高频多品类用户
121684,1,2017-12-03,1,0,新购买用户
121705,6,2017-11-29,3,4,高频多品类用户
121711,2,2017-11-28,2,5,稳定复购用户
121724,11,2017-12-03,11,0,高频多品类用户
121741,6,2017-12-03,6,0,高频多品类用户
121747,7,2017-11-30,6,3,高频多品类用户
121757,11,2017-11-30,6,3,高频多品类用户
121766,1,2017-11-29,1,4,低频沉睡用户
121773,3,2017-11-28,3,5,高频多品类用户
121777,3,2017-11-30,2,3,高频多品类用户
121789,14,2017-12-03,13,0,高频多品类用户
121798,2,2017-12-02,2,1,稳定复购用户
121801,4,2017-12-01,3,2,高频多品类用户
121808,2,2017-12-02,2,1,稳定复购用户
121810,2,2017-11-30,2,3,稳定复购用户
121820,2,2017-11-30,2,3,稳定复购用户
121824,3,2017-12-03,3,0,高频多品类用户
121837,1,2017-12-02,1,1,新购买用户
121843,2,2017-12-02,2,1,稳定复购用户
121849,1,2017-11-29,1,4,低频沉睡用户
121853,3,2017-11-26,3,7,高频多品类用户
121854,5,2017-12-03,5,0,高频多品类用户
121858,5,2017-12-03,4,0,高频多品类用户
121868,1,2017-11-27,1,6,低频沉睡用户
121877,9,2017-12-03,7,0,高频多品类用户
121881,3,2017-11-27,3,6,高频多品类用户
121890,6,2017-12-03,4,0,高频多品类用户
121895,1,2017-11-29,1,4,低频沉睡用户
121899,1,2017-11-26,1,7,低频沉睡用户
121910,6,2017-12-03,3,0,高频多品类用户
121924,5,2017-12-03,5,0,高频多品类用户
121929,1,2017-11-27,1,6,低频沉睡用户
121935,1,2017-11-27,1,6,低频沉睡用户
121937,6,2017-12-02,6,1,高频多品类用户
121938,5,2017-12-01,5,2,高频多品类用户
121941,5,2017-12-02,5,1,高频多品类用户
121948,4,2017-12-03,4,0,高频多品类用户
121955,2,2017-11-30,2,3,稳定复购用户
121968,1,2017-11-27,1,6,低频沉睡用户
121970,4,2017-11-26,4,7,高频多品类用户
121974,3,2017-12-01,3,2,高频多品类用户
121975,3,2017-12-02,3,1,高频多品类用户
121985,5,2017-12-03,2,0,高频多品类用户
121986,4,2017-12-01,4,2,高频多品类用户
121993,1,2017-11-27,1,6,低频沉睡用户
121996,2,2017-12-03,2,0,稳定复购用户
122004,2,2017-12-01,2,2,稳定复购用户
122005,2,2017-12-02,1,1,稳定复购用户
122020,1,2017-12-03,1,0,新购买用户
122033,2,2017-12-03,1,0,稳定复购用户
122046,3,2017-12-03,3,0,高频多品类用户
122066,4,2017-11-30,4,3,高频多品类用户
122074,5,2017-11-26,4,7,高频多品类用户
122077,1,2017-11-26,1,7,低频沉睡用户
122083,5,2017-12-02,4,1,高频多品类用户
122091,2,2017-12-03,2,0,稳定复购用户
122103,1,2017-11-26,1,7,低频沉睡用户
122105,4,2017-12-03,4,0,高频多品类用户
122115,1,2017-12-03,1,0,新购买用户
122125,1,2017-11-26,1,7,低频沉睡用户
122133,1,2017-11-30,1,3,低频沉睡用户
122162,3,2017-12-03,3,0,高频多品类用户
122170,4,2017-12-01,4,2,高频多品类用户
122172,2,2017-11-27,2,6,稳定复购用户
122177,4,2017-12-03,4,0,高频多品类用户
122193,1,2017-11-28,1,5,低频沉睡用户
122201,1,2017-11-30,1,3,低频沉睡用户
122211,1,2017-11-27,1,6,低频沉睡用户
122214,4,2017-12-02,4,1,高频多品类用户
122228,4,2017-12-03,4,0,高频多品类用户
122232,5,2017-12-02,3,1,高频多品类用户
122253,4,2017-12-03,2,0,高频多品类用户
122264,4,2017-12-03,4,0,高频多品类用户
122265,3,2017-12-03,3,0,高频多品类用户
122272,6,2017-12-01,1,2,稳定复购用户
122276,1,2017-12-02,1,1,新购买用户
122277,5,2017-12-01,3,2,高频多品类用户
122286,11,2017-12-03,10,0,高频多品类用户
122292,3,2017-11-27,3,6,高频多品类用户
122293,5,2017-11-29,4,4,高频多品类用户
122294,1,2017-12-01,1,2,低频沉睡用户
122308,3,2017-12-03,3,0,高频多品类用户
122309,2,2017-12-01,2,2,稳定复购用户
122311,3,2017-12-01,2,2,高频多品类用户
122323,2,2017-11-26,2,7,稳定复购用户
122333,3,2017-12-02,3,1,高频多品类用户
122335,1,2017-11-28,1,5,低频沉睡用户
122338,1,2017-11-30,1,3,低频沉睡用户
122341,4,2017-11-28,3,5,高频多品类用户
122346,1,2017-11-27,1,6,低频沉睡用户
122369,6,2017-12-03,6,0,高频多品类用户
122373,2,2017-11-30,2,3,稳定复购用户
122379,5,2017-12-03,5,0,高频多品类用户
122383,9,2017-12-02,9,1,高频多品类用户
122387,5,2017-12-03,5,0,高频多品类用户
122389,4,2017-12-03,4,0,高频多品类用户
122393,8,2017-12-01,7,2,高频多品类用户
122395,2,2017-12-01,2,2,稳定复购用户
122397,3,2017-11-29,3,4,高频多品类用户
122403,4,2017-12-01,4,2,高频多品类用户
122405,1,2017-11-25,1,8,低频沉睡用户
122410,12,2017-12-02,10,1,高频多品类用户
122413,11,2017-12-01,11,2,高频多品类用户
122423,9,2017-12-02,7,1,高频多品类用户
122433,2,2017-11-29,2,4,稳定复购用户
122446,1,2017-12-01,1,2,低频沉睡用户
122448,4,2017-12-03,4,0,高频多品类用户
122470,1,2017-11-29,1,4,低频沉睡用户
122471,4,2017-12-01,3,2,高频多品类用户
122477,1,2017-11-29,1,4,低频沉睡用户
122485,2,2017-12-03,2,0,稳定复购用户
122492,2,2017-12-03,2,0,稳定复购用户
122497,12,2017-12-03,11,0,高频多品类用户
122501,3,2017-11-30,3,3,高频多品类用户
122502,1,2017-11-28,1,5,低频沉睡用户
122503,3,2017-12-01,3,2,高频多品类用户
122504,68,2017-12-03,58,0,高频多品类用户
122512,2,2017-12-02,2,1,稳定复购用户
122523,2,2017-12-03,2,0,稳定复购用户
122544,1,2017-11-30,1,3,低频沉睡用户
122545,1,2017-11-27,1,6,低频沉睡用户
122557,1,2017-12-02,1,1,新购买用户
122558,5,2017-12-01,5,2,高频多品类用户
122560,1,2017-11-25,1,8,低频沉睡用户
122563,5,2017-12-03,5,0,高频多品类用户
122573,1,2017-12-03,1,0,新购买用户
122574,1,2017-12-02,1,1,新购买用户
122578,6,2017-12-02,5,1,高频多品类用户
122604,1,2017-11-28,1,5,低频沉睡用户
122607,4,2017-12-03,4,0,高频多品类用户
122616,5,2017-12-02,5,1,高频多品类用户
122619,1,2017-12-03,1,0,新购买用户
122634,3,2017-12-01,2,2,高频多品类用户
122642,1,2017-12-02,1,1,新购买用户
122655,4,2017-11-29,4,4,高频多品类用户
122657,2,2017-11-25,2,8,稳定复购用户
122664,3,2017-12-03,3,0,高频多品类用户
122667,1,2017-11-30,1,3,低频沉睡用户
122670,2,2017-12-02,2,1,稳定复购用户
122689,2,2017-12-01,2,2,稳定复购用户
122691,3,2017-11-27,2,6,高频多品类用户
122693,6,2017-12-01,5,2,高频多品类用户
122706,1,2017-12-03,1,0,新购买用户
122723,1,2017-12-03,1,0,新购买用户
122729,1,2017-11-27,1,6,低频沉睡用户
122735,2,2017-12-02,2,1,稳定复购用户
122771,4,2017-11-28,4,5,高频多品类用户
122774,2,2017-12-02,2,1,稳定复购用户
122782,7,2017-12-03,7,0,高频多品类用户
122784,2,2017-11-28,2,5,稳定复购用户
122801,2,2017-12-01,2,2,稳定复购用户
122824,2,2017-12-03,2,0,稳定复购用户
122829,1,2017-11-30,1,3,低频沉睡用户
122842,1,2017-12-01,1,2,低频沉睡用户
122852,10,2017-12-03,8,0,高频多品类用户
122853,7,2017-12-01,7,2,高频多品类用户
122855,2,2017-12-01,1,2,稳定复购用户
122860,2,2017-12-02,1,1,稳定复购用户
122862,2,2017-12-03,2,0,稳定复购用户
122864,3,2017-12-02,3,1,高频多品类用户
122869,2,2017-12-02,2,1,稳定复购用户
122871,7,2017-12-02,6,1,高频多品类用户
122874,3,2017-11-30,3,3,高频多品类用户
122893,2,2017-12-03,2,0,稳定复购用户
122896,3,2017-12-03,3,0,高频多品类用户
122901,1,2017-12-02,1,1,新购买用户
122905,1,2017-11-28,1,5,低频沉睡用户
122910,3,2017-12-01,2,2,高频多品类用户
122911,4,2017-12-02,4,1,高频多品类用户
122917,1,2017-11-30,1,3,低频沉睡用户
122919,12,2017-12-03,11,0,高频多品类用户
122926,2,2017-12-03,2,0,稳定复购用户
122929,2,2017-12-01,2,2,稳定复购用户
122935,1,2017-12-02,1,1,新购买用户
122939,2,2017-12-02,1,1,稳定复购用户
122953,1,2017-11-28,1,5,低频沉睡用户
122958,1,2017-12-01,1,2,低频沉睡用户
122976,2,2017-12-03,1,0,稳定复购用户
122981,3,2017-12-03,3,0,高频多品类用户
122985,1,2017-12-02,1,1,新购买用户
122993,2,2017-11-29,2,4,稳定复购用户
123000,4,2017-11-26,4,7,高频多品类用户
123003,2,2017-12-02,2,1,稳定复购用户
123014,2,2017-12-01,2,2,稳定复购用户
123020,3,2017-12-02,3,1,高频多品类用户
123028,3,2017-12-02,3,1,高频多品类用户
123035,2,2017-12-03,2,0,稳定复购用户
123036,2,2017-11-28,2,5,稳定复购用户
123041,1,2017-11-26,1,7,低频沉睡用户
123057,4,2017-12-01,3,2,高频多品类用户
123063,2,2017-11-26,1,7,稳定复购用户
123064,1,2017-12-02,1,1,新购买用户
123076,2,2017-12-02,2,1,稳定复购用户
123081,2,2017-11-30,2,3,稳定复购用户
123084,5,2017-11-29,5,4,高频多品类用户
123087,1,2017-11-30,1,3,低频沉睡用户
123090,5,2017-11-27,5,6,高频多品类用户
123094,1,2017-12-01,1,2,低频沉睡用户
123102,3,2017-12-03,3,0,高频多品类用户
123103,1,2017-11-28,1,5,低频沉睡用户
123108,2,2017-11-28,2,5,稳定复购用户
123109,5,2017-12-03,4,0,高频多品类用户
123111,5,2017-11-27,4,6,高频多品类用户
123118,1,2017-12-02,1,1,新购买用户
123123,1,2017-11-26,1,7,低频沉睡用户
123131,1,2017-11-30,1,3,低频沉睡用户
123132,4,2017-12-02,4,1,高频多品类用户
123134,2,2017-12-02,2,1,稳定复购用户
123145,1,2017-11-29,1,4,低频沉睡用户
123150,1,2017-11-30,1,3,低频沉睡用户
123151,1,2017-11-25,1,8,低频沉睡用户
123156,3,2017-11-30,1,3,稳定复购用户
123170,1,2017-11-30,1,3,低频沉睡用户
123172,2,2017-11-29,2,4,稳定复购用户
123177,1,2017-11-27,1,6,低频沉睡用户
123178,1,2017-12-03,1,0,新购买用户
123192,1,2017-12-03,1,0,新购买用户
123194,7,2017-12-01,7,2,高频多品类用户
123209,2,2017-11-29,2,4,稳定复购用户
123213,2,2017-11-29,2,4,稳定复购用户
123217,1,2017-11-29,1,4,低频沉睡用户
123222,4,2017-12-02,4,1,高频多品类用户
123241,4,2017-12-03,4,0,高频多品类用户
123242,10,2017-12-03,10,0,高频多品类用户
123243,1,2017-11-25,1,8,低频沉睡用户
123245,4,2017-11-30,3,3,高频多品类用户
123246,3,2017-11-30,1,3,稳定复购用户
123252,7,2017-12-03,5,0,高频多品类用户
123256,3,2017-12-02,3,1,高频多品类用户
123264,5,2017-12-02,3,1,高频多品类用户
123272,2,2017-11-30,2,3,稳定复购用户
123275,1,2017-11-28,1,5,低频沉睡用户
123286,6,2017-12-03,4,0,高频多品类用户
123301,4,2017-11-29,3,4,高频多品类用户
123302,2,2017-11-29,1,4,稳定复购用户
123304,1,2017-12-03,1,0,新购买用户
123312,3,2017-12-03,3,0,高频多品类用户
123313,2,2017-12-03,2,0,稳定复购用户
123314,1,2017-12-01,1,2,低频沉睡用户
123316,3,2017-12-03,3,0,高频多品类用户
123317,4,2017-12-03,4,0,高频多品类用户
123325,2,2017-11-30,2,3,稳定复购用户
123340,2,2017-12-02,2,1,稳定复购用户
123344,6,2017-12-02,6,1,高频多品类用户
123347,1,2017-11-26,1,7,低频沉睡用户
123348,5,2017-12-01,5,2,高频多品类用户
123350,2,2017-12-03,1,0,稳定复购用户
123374,1,2017-12-03,1,0,新购买用户
123388,2,2017-11-29,2,4,稳定复购用户
123389,1,2017-12-01,1,2,低频沉睡用户
123400,1,2017-11-27,1,6,低频沉睡用户
123403,2,2017-12-02,1,1,稳定复购用户
123407,1,2017-11-26,1,7,低频沉睡用户
123433,3,2017-11-27,3,6,高频多品类用户
123447,1,2017-11-25,1,8,低频沉睡用户
123473,1,2017-11-25,1,8,低频沉睡用户
123493,3,2017-11-25,3,8,高频多品类用户
123505,2,2017-11-29,2,4,稳定复购用户
123519,2,2017-12-02,2,1,稳定复购用户
123520,4,2017-12-03,2,0,高频多品类用户
123521,2,2017-11-27,2,6,稳定复购用户
123522,1,2017-11-27,1,6,低频沉睡用户
123525,3,2017-12-03,3,0,高频多品类用户
123530,3,2017-12-02,2,1,高频多品类用户
123539,4,2017-12-02,4,1,高频多品类用户
123541,4,2017-11-29,3,4,高频多品类用户
123543,5,2017-12-03,4,0,高频多品类用户
123545,1,2017-12-01,1,2,低频沉睡用户
123553,1,2017-12-03,1,0,新购买用户
123563,8,2017-12-02,8,1,高频多品类用户
123565,1,2017-12-02,1,1,新购买用户
123570,1,2017-11-26,1,7,低频沉睡用户
123579,2,2017-12-01,2,2,稳定复购用户
123584,2,2017-11-28,2,5,稳定复购用户
123585,7,2017-11-29,5,4,高频多品类用户
123603,1,2017-11-29,1,4,低频沉睡用户
123608,5,2017-12-01,5,2,高频多品类用户
123611,1,2017-12-03,1,0,新购买用户
123632,2,2017-11-26,2,7,稳定复购用户
123635,3,2017-12-02,3,1,高频多品类用户
123657,1,2017-11-27,1,6,低频沉睡用户
123669,2,2017-12-03,2,0,稳定复购用户
123672,7,2017-12-03,6,0,高频多品类用户
123694,4,2017-12-03,3,0,高频多品类用户
123706,2,2017-11-29,2,4,稳定复购用户
123714,17,2017-12-02,13,1,高频多品类用户
123748,2,2017-11-29,2,4,稳定复购用户
123755,23,2017-12-03,12,0,高频多品类用户
123756,2,2017-12-03,2,0,稳定复购用户
123757,1,2017-12-02,1,1,新购买用户
123762,5,2017-12-03,4,0,高频多品类用户
123771,3,2017-11-29,3,4,高频多品类用户
123772,1,2017-11-29,1,4,低频沉睡用户
123780,3,2017-12-01,2,2,高频多品类用户
123793,3,2017-11-27,2,6,高频多品类用户
123803,3,2017-12-02,3,1,高频多品类用户
123809,3,2017-12-02,3,1,高频多品类用户
123812,10,2017-11-29,8,4,高频多品类用户
123841,1,2017-11-30,1,3,低频沉睡用户
123866,3,2017-11-30,2,3,高频多品类用户
123871,4,2017-12-02,4,1,高频多品类用户
123887,3,2017-12-03,3,0,高频多品类用户
123888,2,2017-12-02,2,1,稳定复购用户
123892,8,2017-12-03,6,0,高频多品类用户
123897,3,2017-12-02,3,1,高频多品类用户
123898,1,2017-12-02,1,1,新购买用户
123905,2,2017-12-02,2,1,稳定复购用户
123921,2,2017-12-03,2,0,稳定复购用户
123922,1,2017-11-25,1,8,低频沉睡用户
123924,1,2017-12-02,1,1,新购买用户
123933,2,2017-11-27,2,6,稳定复购用户
123938,2,2017-11-26,2,7,稳定复购用户
123942,2,2017-12-03,2,0,稳定复购用户
123949,1,2017-12-02,1,1,新购买用户
123962,11,2017-12-01,9,2,高频多品类用户
123966,2,2017-12-03,1,0,稳定复购用户
123968,2,2017-12-02,2,1,稳定复购用户
123971,3,2017-12-02,2,1,高频多品类用户
123978,2,2017-11-26,2,7,稳定复购用户
123983,1,2017-12-03,1,0,新购买用户
123992,3,2017-12-02,3,1,高频多品类用户
124001,5,2017-11-30,5,3,高频多品类用户
124006,1,2017-11-29,1,4,低频沉睡用户
124010,2,2017-11-27,2,6,稳定复购用户
124025,1,2017-11-28,1,5,低频沉睡用户
124033,5,2017-12-02,5,1,高频多品类用户
124036,4,2017-12-03,4,0,高频多品类用户
124046,2,2017-12-02,2,1,稳定复购用户
124052,1,2017-12-02,1,1,新购买用户
124061,2,2017-11-26,2,7,稳定复购用户
124063,1,2017-11-30,1,3,低频沉睡用户
124065,3,2017-12-02,2,1,高频多品类用户
124069,3,2017-11-30,3,3,高频多品类用户
124072,2,2017-11-28,2,5,稳定复购用户
124078,1,2017-11-27,1,6,低频沉睡用户
124079,1,2017-11-29,1,4,低频沉睡用户
124083,5,2017-11-30,2,3,高频多品类用户
124093,3,2017-12-02,3,1,高频多品类用户
124095,9,2017-12-03,4,0,高频多品类用户
124098,1,2017-11-25,1,8,低频沉睡用户
124101,2,2017-12-03,2,0,稳定复购用户
124107,1,2017-11-27,1,6,低频沉睡用户
124125,1,2017-12-02,1,1,新购买用户
124127,5,2017-11-27,5,6,高频多品类用户
124129,1,2017-12-02,1,1,新购买用户
124138,4,2017-11-30,4,3,高频多品类用户
124152,3,2017-12-02,2,1,高频多品类用户
124159,1,2017-11-29,1,4,低频沉睡用户
124170,1,2017-11-25,1,8,低频沉睡用户
124171,2,2017-12-01,1,2,稳定复购用户
124180,2,2017-12-03,2,0,稳定复购用户
124194,6,2017-12-01,6,2,高频多品类用户
124219,1,2017-12-03,1,0,新购买用户
124232,8,2017-11-28,8,5,高频多品类用户
124236,2,2017-11-25,1,8,稳定复购用户
124245,1,2017-11-26,1,7,低频沉睡用户
124252,3,2017-12-01,3,2,高频多品类用户
124260,3,2017-12-01,3,2,高频多品类用户
124273,7,2017-12-01,6,2,高频多品类用户
124274,4,2017-12-03,3,0,高频多品类用户
124291,4,2017-12-02,4,1,高频多品类用户
124295,1,2017-12-03,1,0,新购买用户
124298,5,2017-11-29,4,4,高频多品类用户
124310,1,2017-11-26,1,7,低频沉睡用户
124321,11,2017-12-02,10,1,高频多品类用户
124337,1,2017-11-30,1,3,低频沉睡用户
124354,2,2017-11-28,2,5,稳定复购用户
124357,2,2017-11-27,2,6,稳定复购用户
124361,1,2017-12-02,1,1,新购买用户
124370,1,2017-11-27,1,6,低频沉睡用户
124372,3,2017-12-03,2,0,高频多品类用户
124387,7,2017-12-02,5,1,高频多品类用户
124393,1,2017-12-01,1,2,低频沉睡用户
124397,3,2017-12-02,2,1,高频多品类用户
124398,1,2017-11-30,1,3,低频沉睡用户
124432,2,2017-11-30,2,3,稳定复购用户
124437,1,2017-12-02,1,1,新购买用户
124440,3,2017-12-01,2,2,高频多品类用户
124442,2,2017-11-30,2,3,稳定复购用户
124456,1,2017-12-01,1,2,低频沉睡用户
124458,2,2017-12-02,2,1,稳定复购用户
124466,2,2017-12-03,2,0,稳定复购用户
124468,1,2017-11-29,1,4,低频沉睡用户
124469,1,2017-11-25,1,8,低频沉睡用户
124470,2,2017-12-03,2,0,稳定复购用户
124475,1,2017-12-03,1,0,新购买用户
124481,2,2017-11-27,2,6,稳定复购用户
124485,4,2017-11-28,4,5,高频多品类用户
124494,1,2017-12-01,1,2,低频沉睡用户
124505,3,2017-11-30,2,3,高频多品类用户
124506,4,2017-12-02,4,1,高频多品类用户
124507,18,2017-12-03,13,0,高频多品类用户
124509,1,2017-11-29,1,4,低频沉睡用户
124516,3,2017-11-27,3,6,高频多品类用户
124533,4,2017-12-02,4,1,高频多品类用户
124538,4,2017-12-03,1,0,稳定复购用户
124571,1,2017-12-01,1,2,低频沉睡用户
124578,1,2017-11-25,1,8,低频沉睡用户
124587,1,2017-11-28,1,5,低频沉睡用户
124590,2,2017-12-01,2,2,稳定复购用户
124602,1,2017-12-02,1,1,新购买用户
124607,11,2017-12-03,11,0,高频多品类用户
124610,1,2017-12-02,1,1,新购买用户
124622,2,2017-12-03,2,0,稳定复购用户
124623,4,2017-11-29,3,4,高频多品类用户
124625,1,2017-12-01,1,2,低频沉睡用户
124631,1,2017-11-25,1,8,低频沉睡用户
124638,6,2017-11-30,6,3,高频多品类用户
124641,5,2017-12-02,5,1,高频多品类用户
124655,1,2017-11-30,1,3,低频沉睡用户
124660,3,2017-12-02,3,1,高频多品类用户
124663,1,2017-11-27,1,6,低频沉睡用户
124666,1,2017-11-26,1,7,低频沉睡用户
124671,1,2017-11-29,1,4,低频沉睡用户
124672,2,2017-11-30,2,3,稳定复购用户
124674,3,2017-11-27,1,6,稳定复购用户
124677,2,2017-12-03,2,0,稳定复购用户
124678,1,2017-12-02,1,1,新购买用户
124686,1,2017-11-27,1,6,低频沉睡用户
124713,1,2017-11-30,1,3,低频沉睡用户
124723,1,2017-11-25,1,8,低频沉睡用户
124725,1,2017-12-01,1,2,低频沉睡用户
124728,1,2017-12-01,1,2,低频沉睡用户
124744,3,2017-11-25,3,8,高频多品类用户
124759,1,2017-12-02,1,1,新购买用户
124762,2,2017-12-01,2,2,稳定复购用户
124768,1,2017-11-26,1,7,低频沉睡用户
124787,2,2017-11-29,2,4,稳定复购用户
124806,4,2017-11-28,3,5,高频多品类用户
124809,2,2017-12-02,2,1,稳定复购用户
124811,4,2017-12-03,4,0,高频多品类用户
124813,5,2017-12-03,4,0,高频多品类用户
124815,2,2017-12-02,2,1,稳定复购用户
124821,1,2017-12-02,1,1,新购买用户
124832,1,2017-11-25,1,8,低频沉睡用户
124837,1,2017-12-01,1,2,低频沉睡用户
124848,4,2017-12-03,3,0,高频多品类用户
124862,2,2017-12-03,2,0,稳定复购用户
124867,4,2017-12-03,3,0,高频多品类用户
124871,1,2017-12-01,1,2,低频沉睡用户
124872,1,2017-12-03,1,0,新购买用户
124879,2,2017-11-26,2,7,稳定复购用户
124892,19,2017-12-03,19,0,高频多品类用户
124900,1,2017-12-03,1,0,新购买用户
124905,5,2017-12-01,5,2,高频多品类用户
124907,1,2017-11-26,1,7,低频沉睡用户
124916,3,2017-12-03,3,0,高频多品类用户
124917,1,2017-12-03,1,0,新购买用户
124922,1,2017-12-01,1,2,低频沉睡用户
124925,3,2017-11-29,3,4,高频多品类用户
124926,1,2017-12-01,1,2,低频沉睡用户
124927,3,2017-11-28,3,5,高频多品类用户
124935,2,2017-11-30,2,3,稳定复购用户
124962,1,2017-11-27,1,6,低频沉睡用户
124971,1,2017-11-30,1,3,低频沉睡用户
124972,1,2017-12-01,1,2,低频沉睡用户
124973,6,2017-12-01,5,2,高频多品类用户
124976,2,2017-12-03,2,0,稳定复购用户
124988,2,2017-12-01,2,2,稳定复购用户
125008,2,2017-12-03,2,0,稳定复购用户
125023,3,2017-11-28,3,5,高频多品类用户
125035,3,2017-12-03,3,0,高频多品类用户
125038,3,2017-12-01,3,2,高频多品类用户
125040,3,2017-12-01,3,2,高频多品类用户
125050,6,2017-11-30,5,3,高频多品类用户
125052,2,2017-12-03,2,0,稳定复购用户
125053,1,2017-12-02,1,1,新购买用户
125061,8,2017-12-02,6,1,高频多品类用户
125078,4,2017-12-03,4,0,高频多品类用户
125082,2,2017-12-01,1,2,稳定复购用户
125086,2,2017-11-29,2,4,稳定复购用户
125090,4,2017-11-28,3,5,高频多品类用户
125092,1,2017-12-01,1,2,低频沉睡用户
125109,3,2017-12-01,2,2,高频多品类用户
125112,5,2017-12-01,3,2,高频多品类用户
125122,1,2017-11-30,1,3,低频沉睡用户
125141,1,2017-11-30,1,3,低频沉睡用户
125153,1,2017-12-01,1,2,低频沉睡用户
125158,1,2017-11-26,1,7,低频沉睡用户
125164,3,2017-12-02,3,1,高频多品类用户
125176,2,2017-12-01,2,2,稳定复购用户
125183,2,2017-12-01,2,2,稳定复购用户
125187,12,2017-12-03,10,0,高频多品类用户
125192,2,2017-11-27,2,6,稳定复购用户
125205,5,2017-12-03,5,0,高频多品类用户
125210,3,2017-12-03,3,0,高频多品类用户
125216,3,2017-12-02,3,1,高频多品类用户
125217,2,2017-11-28,2,5,稳定复购用户
125230,10,2017-11-30,7,3,高频多品类用户
125254,3,2017-12-02,3,1,高频多品类用户
125265,1,2017-11-29,1,4,低频沉睡用户
125270,1,2017-11-27,1,6,低频沉睡用户
125281,4,2017-12-01,4,2,高频多品类用户
125301,2,2017-11-30,2,3,稳定复购用户
125303,12,2017-11-30,7,3,高频多品类用户
125307,6,2017-12-03,6,0,高频多品类用户
125318,1,2017-11-25,1,8,低频沉睡用户
125319,2,2017-12-01,2,2,稳定复购用户
125325,1,2017-11-26,1,7,低频沉睡用户
125326,1,2017-11-25,1,8,低频沉睡用户
125328,1,2017-12-03,1,0,新购买用户
125340,1,2017-11-26,1,7,低频沉睡用户
125344,7,2017-11-30,6,3,高频多品类用户
125348,4,2017-12-01,3,2,高频多品类用户
125355,6,2017-12-02,3,1,高频多品类用户
125363,4,2017-11-29,4,4,高频多品类用户
125364,5,2017-12-03,4,0,高频多品类用户
125365,1,2017-11-28,1,5,低频沉睡用户
125377,6,2017-12-03,6,0,高频多品类用户
125401,6,2017-12-02,6,1,高频多品类用户
125419,1,2017-11-27,1,6,低频沉睡用户
125421,1,2017-12-02,1,1,新购买用户
125422,9,2017-11-27,5,6,高频多品类用户
125429,1,2017-11-27,1,6,低频沉睡用户
125438,1,2017-12-01,1,2,低频沉睡用户
125447,4,2017-11-30,4,3,高频多品类用户
125457,2,2017-12-01,1,2,稳定复购用户
125461,5,2017-12-02,4,1,高频多品类用户
125475,1,2017-11-30,1,3,低频沉睡用户
125477,6,2017-11-29,5,4,高频多品类用户
125482,6,2017-11-26,5,7,高频多品类用户
125488,1,2017-11-30,1,3,低频沉睡用户
125490,1,2017-12-02,1,1,新购买用户
125503,5,2017-12-02,5,1,高频多品类用户
125508,4,2017-12-02,2,1,高频多品类用户
125518,6,2017-12-01,6,2,高频多品类用户
125519,1,2017-11-28,1,5,低频沉睡用户
125524,1,2017-12-03,1,0,新购买用户
125532,1,2017-11-27,1,6,低频沉睡用户
125537,4,2017-12-03,4,0,高频多品类用户
125552,2,2017-11-30,1,3,稳定复购用户
125555,2,2017-11-26,2,7,稳定复购用户
125557,5,2017-11-30,4,3,高频多品类用户
125559,3,2017-12-03,3,0,高频多品类用户
125568,2,2017-12-03,2,0,稳定复购用户
125575,2,2017-11-26,1,7,稳定复购用户
125578,5,2017-12-03,2,0,高频多品类用户
125580,4,2017-12-03,4,0,高频多品类用户
125587,7,2017-11-30,4,3,高频多品类用户
125621,2,2017-12-03,2,0,稳定复购用户
125623,3,2017-12-01,3,2,高频多品类用户
125624,5,2017-12-02,5,1,高频多品类用户
125649,1,2017-12-03,1,0,新购买用户
125653,1,2017-12-03,1,0,新购买用户
125674,11,2017-12-03,9,0,高频多品类用户
125675,1,2017-11-26,1,7,低频沉睡用户
125682,1,2017-11-27,1,6,低频沉睡用户
125693,2,2017-11-27,1,6,稳定复购用户
125709,1,2017-12-01,1,2,低频沉睡用户
125740,2,2017-11-27,2,6,稳定复购用户
125746,4,2017-12-01,3,2,高频多品类用户
125757,1,2017-11-29,1,4,低频沉睡用户
125759,2,2017-11-30,2,3,稳定复购用户
125791,5,2017-11-30,4,3,高频多品类用户
125792,2,2017-11-27,2,6,稳定复购用户
125795,2,2017-11-29,2,4,稳定复购用户
125798,1,2017-11-30,1,3,低频沉睡用户
125800,5,2017-12-02,4,1,高频多品类用户
125802,3,2017-11-28,2,5,高频多品类用户
125811,7,2017-12-03,5,0,高频多品类用户
125815,5,2017-11-30,5,3,高频多品类用户
125818,2,2017-11-29,2,4,稳定复购用户
125821,1,2017-11-26,1,7,低频沉睡用户
125823,3,2017-11-27,3,6,高频多品类用户
125827,1,2017-11-30,1,3,低频沉睡用户
125835,1,2017-11-26,1,7,低频沉睡用户
125837,2,2017-11-30,2,3,稳定复购用户
125838,3,2017-11-27,3,6,高频多品类用户
125859,1,2017-11-28,1,5,低频沉睡用户
125864,9,2017-12-02,8,1,高频多品类用户
125879,1,2017-11-29,1,4,低频沉睡用户
125887,2,2017-12-03,2,0,稳定复购用户
125897,1,2017-12-03,1,0,新购买用户
125903,3,2017-12-02,2,1,高频多品类用户
125920,5,2017-12-02,3,1,高频多品类用户
125924,2,2017-11-28,2,5,稳定复购用户
125935,1,2017-12-01,1,2,低频沉睡用户
125945,2,2017-11-29,2,4,稳定复购用户
125946,3,2017-11-28,3,5,高频多品类用户
125948,1,2017-11-27,1,6,低频沉睡用户
125956,1,2017-12-02,1,1,新购买用户
125966,2,2017-12-01,2,2,稳定复购用户
125983,4,2017-11-29,4,4,高频多品类用户
125985,4,2017-12-02,4,1,高频多品类用户
125987,3,2017-12-02,3,1,高频多品类用户
125989,1,2017-12-03,1,0,新购买用户
125991,1,2017-11-26,1,7,低频沉睡用户
125999,1,2017-11-29,1,4,低频沉睡用户
126013,1,2017-12-02,1,1,新购买用户
126015,3,2017-11-30,3,3,高频多品类用户
126016,7,2017-11-30,6,3,高频多品类用户
126017,1,2017-11-25,1,8,低频沉睡用户
126019,1,2017-11-25,1,8,低频沉睡用户
126021,2,2017-12-02,2,1,稳定复购用户
126024,2,2017-11-28,2,5,稳定复购用户
126027,2,2017-12-03,2,0,稳定复购用户
126031,1,2017-11-30,1,3,低频沉睡用户
126051,2,2017-11-29,2,4,稳定复购用户
126052,1,2017-12-01,1,2,低频沉睡用户
126062,2,2017-11-30,2,3,稳定复购用户
126063,1,2017-12-03,1,0,新购买用户
126071,10,2017-12-03,5,0,高频多品类用户
126073,1,2017-12-03,1,0,新购买用户
126075,8,2017-11-30,7,3,高频多品类用户
126128,3,2017-11-30,3,3,高频多品类用户
126145,4,2017-12-02,3,1,高频多品类用户
126146,4,2017-11-28,4,5,高频多品类用户
126150,3,2017-11-28,2,5,高频多品类用户
126151,2,2017-12-01,2,2,稳定复购用户
126168,3,2017-12-01,2,2,高频多品类用户
126174,3,2017-11-30,3,3,高频多品类用户
126186,3,2017-12-03,3,0,高频多品类用户
126195,1,2017-11-25,1,8,低频沉睡用户
126196,3,2017-12-02,3,1,高频多品类用户
126214,1,2017-12-03,1,0,新购买用户
126222,1,2017-11-26,1,7,低频沉睡用户
126235,1,2017-12-03,1,0,新购买用户
126236,2,2017-11-27,2,6,稳定复购用户
126238,2,2017-12-02,2,1,稳定复购用户
126247,6,2017-11-29,3,4,高频多品类用户
126261,1,2017-11-30,1,3,低频沉睡用户
126267,1,2017-11-29,1,4,低频沉睡用户
126271,1,2017-11-27,1,6,低频沉睡用户
126278,1,2017-11-28,1,5,低频沉睡用户
126289,1,2017-12-03,1,0,新购买用户
126295,1,2017-11-30,1,3,低频沉睡用户
126306,1,2017-11-30,1,3,低频沉睡用户
126314,5,2017-11-30,5,3,高频多品类用户
126316,1,2017-11-29,1,4,低频沉睡用户
126327,2,2017-11-30,2,3,稳定复购用户
126332,3,2017-11-30,3,3,高频多品类用户
126336,3,2017-12-02,3,1,高频多品类用户
126343,4,2017-12-03,4,0,高频多品类用户
126347,1,2017-12-03,1,0,新购买用户
126357,5,2017-12-01,5,2,高频多品类用户
126365,3,2017-12-03,3,0,高频多品类用户
126376,2,2017-11-29,2,4,稳定复购用户
126412,1,2017-12-01,1,2,低频沉睡用户
126413,2,2017-11-26,2,7,稳定复购用户
126422,2,2017-11-26,2,7,稳定复购用户
126428,2,2017-12-03,2,0,稳定复购用户
126432,1,2017-11-27,1,6,低频沉睡用户
126437,1,2017-11-28,1,5,低频沉睡用户
126438,3,2017-11-26,3,7,高频多品类用户
126448,1,2017-11-27,1,6,低频沉睡用户
126468,8,2017-12-03,6,0,高频多品类用户
126470,2,2017-12-01,2,2,稳定复购用户
126482,4,2017-12-03,3,0,高频多品类用户
126491,1,2017-12-01,1,2,低频沉睡用户
126492,1,2017-11-27,1,6,低频沉睡用户
126500,1,2017-12-03,1,0,新购买用户
126515,2,2017-12-01,2,2,稳定复购用户
126526,2,2017-12-02,2,1,稳定复购用户
126530,5,2017-12-02,5,1,高频多品类用户
126533,2,2017-12-02,2,1,稳定复购用户
126537,5,2017-11-29,5,4,高频多品类用户
126544,3,2017-12-02,3,1,高频多品类用户
126554,6,2017-11-27,4,6,高频多品类用户
126565,1,2017-11-28,1,5,低频沉睡用户
126569,2,2017-11-28,2,5,稳定复购用户
126572,4,2017-12-02,3,1,高频多品类用户
126583,2,2017-11-30,2,3,稳定复购用户
126603,3,2017-12-02,3,1,高频多品类用户
126604,4,2017-12-02,3,1,高频多品类用户
126605,2,2017-12-01,2,2,稳定复购用户
126619,1,2017-12-01,1,2,低频沉睡用户
126625,1,2017-11-25,1,8,低频沉睡用户
126628,1,2017-12-01,1,2,低频沉睡用户
126630,1,2017-11-30,1,3,低频沉睡用户
126631,2,2017-11-28,2,5,稳定复购用户
126641,8,2017-12-02,5,1,高频多品类用户
126651,2,2017-12-02,2,1,稳定复购用户
126668,3,2017-12-03,2,0,高频多品类用户
126677,1,2017-12-03,1,0,新购买用户
126681,1,2017-11-29,1,4,低频沉睡用户
126686,5,2017-12-01,4,2,高频多品类用户
126695,1,2017-11-25,1,8,低频沉睡用户
126696,13,2017-11-26,8,7,高频多品类用户
126698,1,2017-11-29,1,4,低频沉睡用户
126704,3,2017-12-02,1,1,稳定复购用户
126707,1,2017-11-25,1,8,低频沉睡用户
126713,1,2017-12-02,1,1,新购买用户
126714,1,2017-12-03,1,0,新购买用户
126725,2,2017-11-30,2,3,稳定复购用户
126733,3,2017-11-29,3,4,高频多品类用户
126740,2,2017-12-01,2,2,稳定复购用户
126745,3,2017-11-27,2,6,高频多品类用户
126749,2,2017-11-26,2,7,稳定复购用户
126754,3,2017-11-29,2,4,高频多品类用户
126758,3,2017-11-26,3,7,高频多品类用户
126768,2,2017-12-02,2,1,稳定复购用户
126775,2,2017-12-03,2,0,稳定复购用户
126787,3,2017-12-03,3,0,高频多品类用户
126789,4,2017-11-29,3,4,高频多品类用户
126790,2,2017-12-01,1,2,稳定复购用户
126793,1,2017-12-01,1,2,低频沉睡用户
126794,7,2017-11-28,6,5,高频多品类用户
126810,1,2017-11-27,1,6,低频沉睡用户
126814,1,2017-11-26,1,7,低频沉睡用户
126848,1,2017-11-30,1,3,低频沉睡用户
126873,1,2017-11-25,1,8,低频沉睡用户
126879,4,2017-11-27,3,6,高频多品类用户
126891,1,2017-12-03,1,0,新购买用户
126896,1,2017-11-29,1,4,低频沉睡用户
126898,4,2017-12-03,4,0,高频多品类用户
126900,7,2017-12-02,4,1,高频多品类用户
126902,1,2017-11-29,1,4,低频沉睡用户
126903,1,2017-12-01,1,2,低频沉睡用户
126905,5,2017-11-30,4,3,高频多品类用户
126906,6,2017-11-30,3,3,高频多品类用户
126908,10,2017-12-03,9,0,高频多品类用户
126923,3,2017-12-02,3,1,高频多品类用户
126935,4,2017-12-02,4,1,高频多品类用户
126944,2,2017-12-03,2,0,稳定复购用户
126947,1,2017-11-30,1,3,低频沉睡用户
126952,1,2017-11-27,1,6,低频沉睡用户
126955,2,2017-12-02,2,1,稳定复购用户
126962,1,2017-11-27,1,6,低频沉睡用户
126965,2,2017-11-26,2,7,稳定复购用户
126969,3,2017-12-02,3,1,高频多品类用户
126971,1,2017-12-02,1,1,新购买用户
126972,2,2017-11-30,2,3,稳定复购用户
126974,1,2017-11-29,1,4,低频沉睡用户
126979,7,2017-12-01,3,2,高频多品类用户
126997,1,2017-11-30,1,3,低频沉睡用户
126999,1,2017-12-02,1,1,新购买用户
127010,6,2017-12-03,5,0,高频多品类用户
127013,1,2017-11-29,1,4,低频沉睡用户
127014,3,2017-12-02,1,1,稳定复购用户
127015,11,2017-12-01,10,2,高频多品类用户
127030,2,2017-12-02,2,1,稳定复购用户
127054,5,2017-12-02,4,1,高频多品类用户
127055,2,2017-11-27,2,6,稳定复购用户
127057,1,2017-12-03,1,0,新购买用户
127058,1,2017-11-30,1,3,低频沉睡用户
127069,1,2017-11-30,1,3,低频沉睡用户
127072,1,2017-11-30,1,3,低频沉睡用户
127075,2,2017-12-03,2,0,稳定复购用户
127080,2,2017-12-03,2,0,稳定复购用户
127085,3,2017-12-03,2,0,高频多品类用户
127113,4,2017-12-03,3,0,高频多品类用户
127125,1,2017-12-03,1,0,新购买用户
127135,3,2017-12-01,3,2,高频多品类用户
127139,1,2017-12-03,1,0,新购买用户
127141,3,2017-12-02,3,1,高频多品类用户
127146,1,2017-11-28,1,5,低频沉睡用户
127178,5,2017-12-02,5,1,高频多品类用户
127180,5,2017-12-02,5,1,高频多品类用户
127181,1,2017-11-28,1,5,低频沉睡用户
127182,1,2017-11-30,1,3,低频沉睡用户
127194,2,2017-12-02,1,1,稳定复购用户
127206,2,2017-11-26,2,7,稳定复购用户
127208,3,2017-11-28,3,5,高频多品类用户
127210,2,2017-11-30,2,3,稳定复购用户
127224,4,2017-12-03,4,0,高频多品类用户
127260,3,2017-11-28,1,5,稳定复购用户
127268,3,2017-11-27,3,6,高频多品类用户
127276,9,2017-12-01,6,2,高频多品类用户
127282,3,2017-11-30,2,3,高频多品类用户
127306,2,2017-11-25,1,8,稳定复购用户
127308,4,2017-11-30,4,3,高频多品类用户
127323,5,2017-12-02,5,1,高频多品类用户
127336,5,2017-11-29,5,4,高频多品类用户
127340,6,2017-12-03,6,0,高频多品类用户
127342,1,2017-11-29,1,4,低频沉睡用户
127345,6,2017-12-02,6,1,高频多品类用户
127355,4,2017-12-03,4,0,高频多品类用户
127360,6,2017-12-03,6,0,高频多品类用户
127364,3,2017-11-30,3,3,高频多品类用户
127367,2,2017-11-30,2,3,稳定复购用户
127384,1,2017-12-03,1,0,新购买用户
127398,5,2017-11-30,5,3,高频多品类用户
127407,3,2017-12-02,2,1,高频多品类用户
127415,2,2017-12-01,2,2,稳定复购用户
127417,1,2017-12-03,1,0,新购买用户
127419,5,2017-12-03,5,0,高频多品类用户
127430,1,2017-11-26,1,7,低频沉睡用户
127433,3,2017-11-29,3,4,高频多品类用户
127435,2,2017-12-03,2,0,稳定复购用户
127450,3,2017-12-03,3,0,高频多品类用户
127458,1,2017-11-25,1,8,低频沉睡用户
127476,1,2017-11-28,1,5,低频沉睡用户
127488,1,2017-11-26,1,7,低频沉睡用户
127496,2,2017-11-29,2,4,稳定复购用户
127500,2,2017-12-02,2,1,稳定复购用户
127501,3,2017-11-30,3,3,高频多品类用户
127505,1,2017-11-29,1,4,低频沉睡用户
127506,1,2017-11-25,1,8,低频沉睡用户
127507,7,2017-12-01,5,2,高频多品类用户
127511,1,2017-11-28,1,5,低频沉睡用户
127522,3,2017-11-28,3,5,高频多品类用户
127529,1,2017-12-03,1,0,新购买用户
127532,3,2017-11-29,1,4,稳定复购用户
127538,1,2017-11-25,1,8,低频沉睡用户
127542,1,2017-12-02,1,1,新购买用户
127543,3,2017-12-01,3,2,高频多品类用户
127548,2,2017-12-02,2,1,稳定复购用户
127550,4,2017-11-30,3,3,高频多品类用户
127554,3,2017-12-03,3,0,高频多品类用户
127556,3,2017-12-03,3,0,高频多品类用户
127564,2,2017-12-02,2,1,稳定复购用户
127582,2,2017-12-03,2,0,稳定复购用户
127583,1,2017-11-30,1,3,低频沉睡用户
127607,1,2017-11-30,1,3,低频沉睡用户
127611,3,2017-12-02,3,1,高频多品类用户
127615,2,2017-11-30,2,3,稳定复购用户
127621,10,2017-12-02,7,1,高频多品类用户
127624,3,2017-11-29,3,4,高频多品类用户
127627,1,2017-11-27,1,6,低频沉睡用户
127628,3,2017-12-01,1,2,稳定复购用户
127647,2,2017-11-30,2,3,稳定复购用户
127656,1,2017-11-26,1,7,低频沉睡用户
127657,2,2017-12-01,2,2,稳定复购用户
127666,1,2017-12-01,1,2,低频沉睡用户
127672,1,2017-12-02,1,1,新购买用户
127674,2,2017-11-28,2,5,稳定复购用户
127677,2,2017-12-03,2,0,稳定复购用户
127684,1,2017-12-03,1,0,新购买用户
127686,1,2017-12-03,1,0,新购买用户
127687,2,2017-12-02,2,1,稳定复购用户
127699,2,2017-12-02,2,1,稳定复购用户
127706,4,2017-12-01,4,2,高频多品类用户
127713,1,2017-12-03,1,0,新购买用户
127722,1,2017-11-28,1,5,低频沉睡用户
127726,2,2017-11-29,1,4,稳定复购用户
127743,3,2017-11-29,3,4,高频多品类用户
127744,1,2017-11-27,1,6,低频沉睡用户
127747,1,2017-12-01,1,2,低频沉睡用户
127749,1,2017-12-03,1,0,新购买用户
127768,15,2017-12-03,10,0,高频多品类用户
127773,1,2017-12-03,1,0,新购买用户
127774,2,2017-11-30,2,3,稳定复购用户
127818,3,2017-11-27,3,6,高频多品类用户
127820,3,2017-12-02,3,1,高频多品类用户
127821,2,2017-12-03,2,0,稳定复购用户
127830,1,2017-12-02,1,1,新购买用户
127856,2,2017-12-03,2,0,稳定复购用户
127858,2,2017-12-02,1,1,稳定复购用户
127866,6,2017-12-03,5,0,高频多品类用户
127869,1,2017-12-03,1,0,新购买用户
127876,2,2017-12-02,2,1,稳定复购用户
127883,11,2017-12-03,6,0,高频多品类用户
127905,1,2017-11-30,1,3,低频沉睡用户
127906,3,2017-11-29,2,4,高频多品类用户
127915,7,2017-12-03,2,0,高频多品类用户
127927,1,2017-11-28,1,5,低频沉睡用户
127938,2,2017-11-30,2,3,稳定复购用户
127942,6,2017-12-03,6,0,高频多品类用户
127944,3,2017-11-30,2,3,高频多品类用户
127953,2,2017-11-26,2,7,稳定复购用户
127954,1,2017-11-27,1,6,低频沉睡用户
127965,1,2017-11-26,1,7,低频沉睡用户
127969,3,2017-11-30,3,3,高频多品类用户
127972,1,2017-11-26,1,7,低频沉睡用户
127978,9,2017-12-03,3,0,高频多品类用户
127981,7,2017-12-03,7,0,高频多品类用户
127982,1,2017-12-01,1,2,低频沉睡用户
127996,1,2017-11-29,1,4,低频沉睡用户
128000,16,2017-12-01,11,2,高频多品类用户
128006,1,2017-11-29,1,4,低频沉睡用户
128022,1,2017-11-26,1,7,低频沉睡用户
128031,3,2017-12-03,3,0,高频多品类用户
128033,5,2017-11-28,4,5,高频多品类用户
128035,2,2017-11-30,2,3,稳定复购用户
128038,1,2017-12-03,1,0,新购买用户
128045,2,2017-11-29,2,4,稳定复购用户
128067,3,2017-11-30,3,3,高频多品类用户
128073,7,2017-12-01,4,2,高频多品类用户
128077,3,2017-11-30,3,3,高频多品类用户
128078,1,2017-11-29,1,4,低频沉睡用户
128079,1,2017-12-02,1,1,新购买用户
128092,2,2017-12-03,2,0,稳定复购用户
128099,1,2017-12-02,1,1,新购买用户
128108,2,2017-11-28,1,5,稳定复购用户
128111,1,2017-11-30,1,3,低频沉睡用户
128113,32,2017-12-03,27,0,高频多品类用户
128120,2,2017-11-26,2,7,稳定复购用户
128124,1,2017-11-28,1,5,低频沉睡用户
128129,6,2017-11-28,5,5,高频多品类用户
128131,4,2017-11-30,4,3,高频多品类用户
128135,2,2017-12-01,2,2,稳定复购用户
128139,1,2017-11-26,1,7,低频沉睡用户
128145,4,2017-12-03,4,0,高频多品类用户
128152,6,2017-12-02,6,1,高频多品类用户
128162,2,2017-11-30,2,3,稳定复购用户
128186,4,2017-11-29,3,4,高频多品类用户
128196,3,2017-12-01,3,2,高频多品类用户
128212,9,2017-11-30,8,3,高频多品类用户
128218,7,2017-11-28,6,5,高频多品类用户
128224,1,2017-12-03,1,0,新购买用户
128229,12,2017-12-03,11,0,高频多品类用户
128230,2,2017-11-28,1,5,稳定复购用户
128259,1,2017-12-02,1,1,新购买用户
128260,9,2017-11-29,2,4,高频多品类用户
128265,2,2017-12-03,2,0,稳定复购用户
128270,1,2017-11-25,1,8,低频沉睡用户
128271,4,2017-12-02,3,1,高频多品类用户
128325,2,2017-11-29,2,4,稳定复购用户
128329,2,2017-11-26,2,7,稳定复购用户
128332,2,2017-12-01,2,2,稳定复购用户
128338,2,2017-12-02,2,1,稳定复购用户
128351,6,2017-11-26,3,7,高频多品类用户
128352,1,2017-11-30,1,3,低频沉睡用户
128360,1,2017-12-02,1,1,新购买用户
128362,3,2017-11-25,3,8,高频多品类用户
128371,1,2017-11-26,1,7,低频沉睡用户
128372,6,2017-11-27,4,6,高频多品类用户
128377,10,2017-12-03,7,0,高频多品类用户
128379,65,2017-12-03,58,0,高频多品类用户
128390,10,2017-12-03,6,0,高频多品类用户
128391,1,2017-11-26,1,7,低频沉睡用户
128392,2,2017-12-03,1,0,稳定复购用户
128393,3,2017-11-27,3,6,高频多品类用户
128401,1,2017-11-30,1,3,低频沉睡用户
128406,1,2017-11-26,1,7,低频沉睡用户
128408,3,2017-12-01,3,2,高频多品类用户
128412,1,2017-11-29,1,4,低频沉睡用户
128417,5,2017-12-03,5,0,高频多品类用户
128422,6,2017-12-03,5,0,高频多品类用户
128434,2,2017-11-30,2,3,稳定复购用户
128438,1,2017-11-29,1,4,低频沉睡用户
128444,1,2017-11-29,1,4,低频沉睡用户
128446,1,2017-11-25,1,8,低频沉睡用户
128447,2,2017-12-01,2,2,稳定复购用户
128449,5,2017-12-03,5,0,高频多品类用户
128451,1,2017-11-27,1,6,低频沉睡用户
128461,6,2017-12-02,4,1,高频多品类用户
128465,4,2017-12-03,4,0,高频多品类用户
128469,5,2017-12-01,5,2,高频多品类用户
128472,3,2017-12-01,2,2,高频多品类用户
128480,4,2017-12-01,4,2,高频多品类用户
128512,2,2017-11-30,2,3,稳定复购用户
128516,2,2017-12-02,1,1,稳定复购用户
128524,3,2017-12-03,3,0,高频多品类用户
128525,2,2017-11-30,2,3,稳定复购用户
128527,1,2017-11-25,1,8,低频沉睡用户
128528,3,2017-12-02,3,1,高频多品类用户
128529,2,2017-12-03,2,0,稳定复购用户
128536,1,2017-11-30,1,3,低频沉睡用户
128538,1,2017-11-25,1,8,低频沉睡用户
128539,8,2017-12-03,6,0,高频多品类用户
128541,1,2017-12-02,1,1,新购买用户
128553,2,2017-12-02,2,1,稳定复购用户
128557,2,2017-11-25,2,8,稳定复购用户
128572,3,2017-12-03,3,0,高频多品类用户
128573,2,2017-11-30,2,3,稳定复购用户
128590,4,2017-12-02,4,1,高频多品类用户
128591,2,2017-12-02,2,1,稳定复购用户
128610,7,2017-12-03,7,0,高频多品类用户
128611,3,2017-11-30,3,3,高频多品类用户
128613,3,2017-12-03,2,0,高频多品类用户
128614,11,2017-12-03,9,0,高频多品类用户
128624,4,2017-12-03,4,0,高频多品类用户
128643,1,2017-12-02,1,1,新购买用户
128647,1,2017-11-28,1,5,低频沉睡用户
128657,1,2017-11-25,1,8,低频沉睡用户
128666,4,2017-12-03,3,0,高频多品类用户
128673,2,2017-11-30,2,3,稳定复购用户
128686,16,2017-12-01,13,2,高频多品类用户
128693,1,2017-11-27,1,6,低频沉睡用户
128704,2,2017-12-02,2,1,稳定复购用户
128705,1,2017-11-25,1,8,低频沉睡用户
128708,4,2017-12-03,4,0,高频多品类用户
128709,1,2017-12-01,1,2,低频沉睡用户
128725,1,2017-12-03,1,0,新购买用户
128727,9,2017-12-03,9,0,高频多品类用户
128742,1,2017-11-30,1,3,低频沉睡用户
128754,2,2017-12-02,2,1,稳定复购用户
128755,2,2017-12-01,2,2,稳定复购用户
128775,1,2017-12-01,1,2,低频沉睡用户
128778,2,2017-11-30,1,3,稳定复购用户
128793,3,2017-11-28,3,5,高频多品类用户
128795,5,2017-11-28,5,5,高频多品类用户
128808,1,2017-11-30,1,3,低频沉睡用户
128822,1,2017-11-28,1,5,低频沉睡用户
128827,2,2017-12-02,2,1,稳定复购用户
128829,3,2017-11-30,3,3,高频多品类用户
128838,1,2017-12-01,1,2,低频沉睡用户
128887,2,2017-11-28,2,5,稳定复购用户
128910,2,2017-11-27,2,6,稳定复购用户
128919,4,2017-12-02,4,1,高频多品类用户
128926,3,2017-11-30,2,3,高频多品类用户
128935,4,2017-12-01,2,2,高频多品类用户
128942,3,2017-11-27,1,6,稳定复购用户
128945,2,2017-12-02,2,1,稳定复购用户
128955,1,2017-11-27,1,6,低频沉睡用户
128960,1,2017-12-02,1,1,新购买用户
128962,1,2017-11-26,1,7,低频沉睡用户
128964,3,2017-12-02,3,1,高频多品类用户
128967,4,2017-12-02,4,1,高频多品类用户
128971,3,2017-12-03,3,0,高频多品类用户
128979,4,2017-12-03,4,0,高频多品类用户
128984,1,2017-12-01,1,2,低频沉睡用户
128991,2,2017-12-01,2,2,稳定复购用户
128992,3,2017-12-03,3,0,高频多品类用户
128995,3,2017-12-01,3,2,高频多品类用户
129001,2,2017-11-25,2,8,稳定复购用户
129005,3,2017-12-03,3,0,高频多品类用户
129007,1,2017-11-29,1,4,低频沉睡用户
129013,1,2017-11-26,1,7,低频沉睡用户
129017,2,2017-12-02,2,1,稳定复购用户
129023,2,2017-12-03,2,0,稳定复购用户
129028,1,2017-11-30,1,3,低频沉睡用户
129032,2,2017-11-30,2,3,稳定复购用户
129038,3,2017-12-02,2,1,高频多品类用户
129045,2,2017-11-28,2,5,稳定复购用户
129056,8,2017-12-03,7,0,高频多品类用户
129065,2,2017-11-29,2,4,稳定复购用户
129103,1,2017-12-03,1,0,新购买用户
129113,2,2017-12-02,2,1,稳定复购用户
129120,1,2017-11-29,1,4,低频沉睡用户
129130,4,2017-12-02,4,1,高频多品类用户
129131,3,2017-12-03,2,0,高频多品类用户
129133,5,2017-12-01,4,2,高频多品类用户
129134,3,2017-11-30,2,3,高频多品类用户
129138,2,2017-12-03,2,0,稳定复购用户
129144,2,2017-12-02,2,1,稳定复购用户
129153,5,2017-12-02,5,1,高频多品类用户
129158,1,2017-12-03,1,0,新购买用户
129170,4,2017-11-29,4,4,高频多品类用户
129173,4,2017-12-01,4,2,高频多品类用户
129193,7,2017-12-01,6,2,高频多品类用户
129195,3,2017-12-01,2,2,高频多品类用户
129209,1,2017-12-03,1,0,新购买用户
129211,1,2017-11-29,1,4,低频沉睡用户
129213,5,2017-12-03,5,0,高频多品类用户
129215,1,2017-12-03,1,0,新购买用户
129219,4,2017-11-29,3,4,高频多品类用户
129229,1,2017-12-03,1,0,新购买用户
129235,4,2017-12-03,3,0,高频多品类用户
129239,1,2017-11-30,1,3,低频沉睡用户
129242,1,2017-12-02,1,1,新购买用户
129271,2,2017-11-28,2,5,稳定复购用户
129274,4,2017-11-30,4,3,高频多品类用户
129286,5,2017-11-27,3,6,高频多品类用户
129290,2,2017-11-29,2,4,稳定复购用户
129300,3,2017-11-28,3,5,高频多品类用户
129302,2,2017-11-30,2,3,稳定复购用户
129306,4,2017-12-01,4,2,高频多品类用户
129311,7,2017-11-27,7,6,高频多品类用户
129312,1,2017-11-27,1,6,低频沉睡用户
129313,3,2017-11-28,3,5,高频多品类用户
129327,6,2017-12-03,4,0,高频多品类用户
129337,1,2017-11-28,1,5,低频沉睡用户
129343,5,2017-12-03,4,0,高频多品类用户
129352,1,2017-12-01,1,2,低频沉睡用户
129367,2,2017-12-03,2,0,稳定复购用户
129375,3,2017-12-02,3,1,高频多品类用户
129379,3,2017-11-27,3,6,高频多品类用户
129387,11,2017-12-03,10,0,高频多品类用户
129388,5,2017-12-03,5,0,高频多品类用户
129392,2,2017-12-02,2,1,稳定复购用户
129412,1,2017-12-03,1,0,新购买用户
129423,1,2017-11-29,1,4,低频沉睡用户
129427,1,2017-12-03,1,0,新购买用户
129441,3,2017-11-30,3,3,高频多品类用户
129484,1,2017-12-02,1,1,新购买用户
129494,1,2017-11-30,1,3,低频沉睡用户
129497,3,2017-12-03,3,0,高频多品类用户
129498,3,2017-12-03,3,0,高频多品类用户
129499,4,2017-12-03,4,0,高频多品类用户
129509,7,2017-12-03,6,0,高频多品类用户
129510,2,2017-12-02,2,1,稳定复购用户
129511,2,2017-12-02,2,1,稳定复购用户
129518,4,2017-12-02,4,1,高频多品类用户
129520,3,2017-12-03,3,0,高频多品类用户
129523,5,2017-11-29,2,4,高频多品类用户
129524,4,2017-12-02,4,1,高频多品类用户
129547,1,2017-12-01,1,2,低频沉睡用户
129555,1,2017-12-03,1,0,新购买用户
129559,4,2017-12-03,4,0,高频多品类用户
129568,3,2017-11-25,3,8,高频多品类用户
129572,1,2017-11-29,1,4,低频沉睡用户
129577,8,2017-11-30,6,3,高频多品类用户
129579,3,2017-11-30,3,3,高频多品类用户
129580,7,2017-12-01,3,2,高频多品类用户
129586,2,2017-12-01,2,2,稳定复购用户
129587,4,2017-12-02,4,1,高频多品类用户
129602,1,2017-11-28,1,5,低频沉睡用户
129620,12,2017-12-03,8,0,高频多品类用户
129634,1,2017-11-25,1,8,低频沉睡用户
129642,1,2017-12-02,1,1,新购买用户
129647,2,2017-11-30,2,3,稳定复购用户
129648,3,2017-12-03,3,0,高频多品类用户
129652,1,2017-11-27,1,6,低频沉睡用户
129653,1,2017-11-29,1,4,低频沉睡用户
129654,1,2017-11-26,1,7,低频沉睡用户
129655,2,2017-11-26,2,7,稳定复购用户
129662,1,2017-11-26,1,7,低频沉睡用户
129668,2,2017-11-30,2,3,稳定复购用户
129678,3,2017-12-02,3,1,高频多品类用户
129690,2,2017-12-03,2,0,稳定复购用户
129693,2,2017-11-28,1,5,稳定复购用户
129696,3,2017-11-30,3,3,高频多品类用户
129702,11,2017-12-03,9,0,高频多品类用户
129710,1,2017-12-02,1,1,新购买用户
129714,2,2017-12-02,2,1,稳定复购用户
129718,1,2017-11-27,1,6,低频沉睡用户
129723,2,2017-11-30,2,3,稳定复购用户
129730,3,2017-12-02,3,1,高频多品类用户
129731,1,2017-12-02,1,1,新购买用户
129739,2,2017-11-27,2,6,稳定复购用户
129741,7,2017-12-03,6,0,高频多品类用户
129744,2,2017-11-28,2,5,稳定复购用户
129745,1,2017-12-02,1,1,新购买用户
129758,5,2017-12-02,5,1,高频多品类用户
129769,3,2017-12-02,2,1,高频多品类用户
129771,10,2017-12-03,8,0,高频多品类用户
129776,5,2017-12-03,5,0,高频多品类用户
129783,6,2017-12-02,6,1,高频多品类用户
129786,2,2017-11-25,2,8,稳定复购用户
129794,1,2017-12-02,1,1,新购买用户
129797,1,2017-11-28,1,5,低频沉睡用户
129805,10,2017-12-02,6,1,高频多品类用户
129820,1,2017-12-03,1,0,新购买用户
129823,2,2017-11-30,2,3,稳定复购用户
129840,1,2017-11-30,1,3,低频沉睡用户
129841,1,2017-12-03,1,0,新购买用户
129843,2,2017-12-02,2,1,稳定复购用户
129845,4,2017-11-27,4,6,高频多品类用户
129847,2,2017-11-25,1,8,稳定复购用户
129860,8,2017-12-03,6,0,高频多品类用户
129867,5,2017-11-30,5,3,高频多品类用户
129878,3,2017-12-02,3,1,高频多品类用户
129885,1,2017-11-28,1,5,低频沉睡用户
129908,2,2017-12-01,2,2,稳定复购用户
129919,1,2017-12-03,1,0,新购买用户
129922,4,2017-12-01,4,2,高频多品类用户
129940,5,2017-12-02,4,1,高频多品类用户
129945,2,2017-12-02,2,1,稳定复购用户
129948,6,2017-12-02,5,1,高频多品类用户
129949,2,2017-12-02,2,1,稳定复购用户
129961,5,2017-11-28,4,5,高频多品类用户
129965,1,2017-11-28,1,5,低频沉睡用户
129980,4,2017-11-30,4,3,高频多品类用户
129983,2,2017-11-30,2,3,稳定复购用户
129984,2,2017-12-01,2,2,稳定复购用户
129992,3,2017-11-26,3,7,高频多品类用户
130002,3,2017-12-02,3,1,高频多品类用户
130007,9,2017-12-02,6,1,高频多品类用户
130034,1,2017-12-02,1,1,新购买用户
130035,2,2017-12-02,2,1,稳定复购用户
130036,1,2017-12-01,1,2,低频沉睡用户
130051,3,2017-12-01,3,2,高频多品类用户
130106,3,2017-12-03,2,0,高频多品类用户
130118,1,2017-12-01,1,2,低频沉睡用户
130123,2,2017-12-03,2,0,稳定复购用户
130147,1,2017-12-01,1,2,低频沉睡用户
130153,2,2017-12-03,2,0,稳定复购用户
130161,1,2017-12-02,1,1,新购买用户
130173,1,2017-12-02,1,1,新购买用户
130181,2,2017-12-02,2,1,稳定复购用户
130190,3,2017-11-30,3,3,高频多品类用户
130191,2,2017-12-01,2,2,稳定复购用户
130203,4,2017-12-03,3,0,高频多品类用户
130204,3,2017-12-03,3,0,高频多品类用户
130208,1,2017-11-25,1,8,低频沉睡用户
130212,1,2017-12-01,1,2,低频沉睡用户
130213,3,2017-11-30,3,3,高频多品类用户
130216,5,2017-12-03,3,0,高频多品类用户
130217,1,2017-12-02,1,1,新购买用户
130219,3,2017-12-01,2,2,高频多品类用户
130221,5,2017-12-01,4,2,高频多品类用户
130226,1,2017-12-02,1,1,新购买用户
130227,3,2017-11-30,2,3,高频多品类用户
130243,3,2017-12-03,3,0,高频多品类用户
130246,7,2017-12-03,6,0,高频多品类用户
130249,1,2017-11-28,1,5,低频沉睡用户
130253,1,2017-12-01,1,2,低频沉睡用户
130254,2,2017-11-29,1,4,稳定复购用户
130274,1,2017-11-29,1,4,低频沉睡用户
130284,1,2017-12-03,1,0,新购买用户
130286,2,2017-11-27,2,6,稳定复购用户
130316,3,2017-12-01,3,2,高频多品类用户
130335,2,2017-12-03,2,0,稳定复购用户
130352,2,2017-11-30,2,3,稳定复购用户
130353,2,2017-11-26,2,7,稳定复购用户
130355,5,2017-12-03,3,0,高频多品类用户
130361,1,2017-12-02,1,1,新购买用户
130362,4,2017-12-02,4,1,高频多品类用户
130363,1,2017-12-02,1,1,新购买用户
130382,1,2017-11-30,1,3,低频沉睡用户
130386,1,2017-11-27,1,6,低频沉睡用户
130387,2,2017-11-27,2,6,稳定复购用户
130405,1,2017-12-02,1,1,新购买用户
130420,1,2017-12-03,1,0,新购买用户
130440,1,2017-11-25,1,8,低频沉睡用户
130451,6,2017-12-03,4,0,高频多品类用户
130466,2,2017-12-02,2,1,稳定复购用户
130470,6,2017-12-03,6,0,高频多品类用户
130477,6,2017-12-03,6,0,高频多品类用户
130495,10,2017-12-03,6,0,高频多品类用户
130497,3,2017-12-03,3,0,高频多品类用户
130501,2,2017-12-01,2,2,稳定复购用户
130503,20,2017-12-02,17,1,高频多品类用户
130511,3,2017-12-02,3,1,高频多品类用户
130515,3,2017-12-02,3,1,高频多品类用户
130531,1,2017-12-01,1,2,低频沉睡用户
130540,6,2017-12-03,4,0,高频多品类用户
130558,2,2017-11-25,2,8,稳定复购用户
130559,2,2017-12-01,2,2,稳定复购用户
130561,1,2017-12-03,1,0,新购买用户
130562,2,2017-12-03,2,0,稳定复购用户
130563,4,2017-12-03,4,0,高频多品类用户
130565,3,2017-12-01,3,2,高频多品类用户
130567,2,2017-11-29,2,4,稳定复购用户
130577,8,2017-12-01,7,2,高频多品类用户
130586,7,2017-12-02,7,1,高频多品类用户
130595,17,2017-12-02,13,1,高频多品类用户
130600,1,2017-12-03,1,0,新购买用户
130605,1,2017-12-03,1,0,新购买用户
130616,10,2017-12-03,10,0,高频多品类用户
130626,2,2017-12-02,2,1,稳定复购用户
130666,5,2017-12-01,4,2,高频多品类用户
130667,2,2017-12-02,2,1,稳定复购用户
130675,1,2017-11-28,1,5,低频沉睡用户
130676,1,2017-11-26,1,7,低频沉睡用户
130677,1,2017-12-02,1,1,新购买用户
130687,1,2017-12-03,1,0,新购买用户
130696,4,2017-12-02,4,1,高频多品类用户
130706,21,2017-12-03,17,0,高频多品类用户
130708,3,2017-12-01,3,2,高频多品类用户
130719,3,2017-11-28,3,5,高频多品类用户
130729,3,2017-12-02,2,1,高频多品类用户
130742,1,2017-12-02,1,1,新购买用户
130757,1,2017-12-01,1,2,低频沉睡用户
130763,2,2017-11-29,2,4,稳定复购用户
130765,1,2017-11-28,1,5,低频沉睡用户
130768,6,2017-12-03,6,0,高频多品类用户
130773,2,2017-11-30,2,3,稳定复购用户
130777,1,2017-11-27,1,6,低频沉睡用户
130780,1,2017-12-02,1,1,新购买用户
130783,4,2017-12-02,3,1,高频多品类用户
130785,2,2017-11-28,1,5,稳定复购用户
130800,1,2017-11-30,1,3,低频沉睡用户
130802,2,2017-11-25,2,8,稳定复购用户
130823,1,2017-12-03,1,0,新购买用户
130833,1,2017-11-28,1,5,低频沉睡用户
130868,1,2017-11-26,1,7,低频沉睡用户
130889,1,2017-11-27,1,6,低频沉睡用户
130891,2,2017-11-27,2,6,稳定复购用户
130901,1,2017-11-25,1,8,低频沉睡用户
130907,6,2017-12-03,6,0,高频多品类用户
130917,10,2017-12-03,6,0,高频多品类用户
130938,1,2017-12-01,1,2,低频沉睡用户
130940,7,2017-12-03,4,0,高频多品类用户
130943,8,2017-12-03,5,0,高频多品类用户
130947,1,2017-11-30,1,3,低频沉睡用户
130949,4,2017-12-03,3,0,高频多品类用户
130961,1,2017-12-03,1,0,新购买用户
130962,3,2017-11-28,3,5,高频多品类用户
130976,10,2017-12-01,7,2,高频多品类用户
130978,1,2017-12-03,1,0,新购买用户
130980,2,2017-12-02,2,1,稳定复购用户
130992,2,2017-12-03,2,0,稳定复购用户
131000,2,2017-12-02,2,1,稳定复购用户
131006,2,2017-11-28,2,5,稳定复购用户
131010,2,2017-11-27,2,6,稳定复购用户
131028,2,2017-12-02,2,1,稳定复购用户
131032,2,2017-12-02,2,1,稳定复购用户
131062,2,2017-12-02,2,1,稳定复购用户
131063,4,2017-12-01,4,2,高频多品类用户
131071,2,2017-12-03,2,0,稳定复购用户
131076,8,2017-12-03,7,0,高频多品类用户
131083,5,2017-11-29,2,4,高频多品类用户
131085,1,2017-11-26,1,7,低频沉睡用户
131091,1,2017-11-30,1,3,低频沉睡用户
131106,2,2017-12-02,2,1,稳定复购用户
131113,3,2017-12-01,3,2,高频多品类用户
131115,31,2017-12-03,25,0,高频多品类用户
131119,2,2017-12-03,2,0,稳定复购用户
131124,1,2017-11-28,1,5,低频沉睡用户
131126,2,2017-12-02,1,1,稳定复购用户
131127,1,2017-12-03,1,0,新购买用户
131133,6,2017-12-02,5,1,高频多品类用户
131134,2,2017-11-30,1,3,稳定复购用户
131135,3,2017-12-03,3,0,高频多品类用户
131136,1,2017-12-03,1,0,新购买用户
131147,2,2017-12-01,2,2,稳定复购用户
131150,3,2017-11-30,3,3,高频多品类用户
131157,4,2017-11-29,4,4,高频多品类用户
131158,2,2017-12-03,2,0,稳定复购用户
131176,2,2017-12-03,2,0,稳定复购用户
131184,2,2017-12-01,1,2,稳定复购用户
131186,4,2017-12-01,4,2,高频多品类用户
131194,2,2017-11-29,2,4,稳定复购用户
131208,2,2017-12-02,2,1,稳定复购用户
131211,2,2017-11-30,2,3,稳定复购用户
131212,1,2017-12-03,1,0,新购买用户
131213,2,2017-11-30,2,3,稳定复购用户
131217,2,2017-12-03,2,0,稳定复购用户
131239,3,2017-12-02,3,1,高频多品类用户
131247,1,2017-12-02,1,1,新购买用户
131248,1,2017-11-28,1,5,低频沉睡用户
131257,2,2017-11-29,2,4,稳定复购用户
131276,1,2017-12-02,1,1,新购买用户
131282,1,2017-11-25,1,8,低频沉睡用户
131299,2,2017-12-03,2,0,稳定复购用户
131318,2,2017-11-28,2,5,稳定复购用户
131326,1,2017-12-03,1,0,新购买用户
131329,3,2017-12-01,3,2,高频多品类用户
131336,3,2017-12-01,3,2,高频多品类用户
131337,1,2017-12-02,1,1,新购买用户
131339,1,2017-12-02,1,1,新购买用户
131343,1,2017-11-27,1,6,低频沉睡用户
131345,3,2017-11-29,3,4,高频多品类用户
131348,4,2017-12-03,4,0,高频多品类用户
131356,5,2017-12-01,4,2,高频多品类用户
131363,5,2017-12-02,5,1,高频多品类用户
131368,6,2017-11-30,6,3,高频多品类用户
131375,1,2017-11-27,1,6,低频沉睡用户
131390,5,2017-12-03,4,0,高频多品类用户
131410,6,2017-12-03,4,0,高频多品类用户
131428,6,2017-12-03,4,0,高频多品类用户
131450,2,2017-11-28,2,5,稳定复购用户
131457,2,2017-12-03,2,0,稳定复购用户
131459,5,2017-12-03,5,0,高频多品类用户
131461,1,2017-11-28,1,5,低频沉睡用户
131468,2,2017-12-03,2,0,稳定复购用户
131469,1,2017-12-03,1,0,新购买用户
131483,3,2017-12-03,3,0,高频多品类用户
131498,15,2017-12-03,11,0,高频多品类用户
131505,4,2017-11-28,4,5,高频多品类用户
131507,5,2017-11-28,5,5,高频多品类用户
131512,1,2017-11-25,1,8,低频沉睡用户
131513,1,2017-12-01,1,2,低频沉睡用户
131516,5,2017-11-29,4,4,高频多品类用户
131517,1,2017-12-03,1,0,新购买用户
131519,2,2017-12-03,2,0,稳定复购用户
131522,1,2017-12-03,1,0,新购买用户
131525,2,2017-11-30,2,3,稳定复购用户
131527,3,2017-12-01,3,2,高频多品类用户
131554,1,2017-12-02,1,1,新购买用户
131562,5,2017-12-02,4,1,高频多品类用户
131570,3,2017-12-03,3,0,高频多品类用户
131574,3,2017-12-03,3,0,高频多品类用户
131587,3,2017-11-30,2,3,高频多品类用户
131612,5,2017-12-02,4,1,高频多品类用户
131618,7,2017-12-03,6,0,高频多品类用户
131626,3,2017-12-03,3,0,高频多品类用户
131633,5,2017-11-28,5,5,高频多品类用户
131635,5,2017-12-03,5,0,高频多品类用户
131653,4,2017-12-03,3,0,高频多品类用户
131655,4,2017-12-03,4,0,高频多品类用户
131660,1,2017-11-26,1,7,低频沉睡用户
131683,1,2017-12-02,1,1,新购买用户
131689,1,2017-11-27,1,6,低频沉睡用户
131704,1,2017-12-02,1,1,新购买用户
131706,1,2017-11-29,1,4,低频沉睡用户
131710,1,2017-11-28,1,5,低频沉睡用户
131717,1,2017-11-28,1,5,低频沉睡用户
131719,1,2017-12-02,1,1,新购买用户
131723,3,2017-12-03,3,0,高频多品类用户
131728,5,2017-11-30,5,3,高频多品类用户
131729,2,2017-11-27,2,6,稳定复购用户
131744,1,2017-11-27,1,6,低频沉睡用户
131758,1,2017-12-03,1,0,新购买用户
131762,3,2017-11-27,3,6,高频多品类用户
131766,3,2017-12-02,2,1,高频多品类用户
131773,1,2017-11-25,1,8,低频沉睡用户
131781,1,2017-11-29,1,4,低频沉睡用户
131784,1,2017-11-27,1,6,低频沉睡用户
131801,1,2017-11-26,1,7,低频沉睡用户
131812,1,2017-11-28,1,5,低频沉睡用户
131817,6,2017-12-03,5,0,高频多品类用户
131821,1,2017-11-26,1,7,低频沉睡用户
131830,4,2017-11-28,3,5,高频多品类用户
131837,7,2017-12-03,6,0,高频多品类用户
131838,3,2017-12-01,3,2,高频多品类用户
131849,1,2017-12-02,1,1,新购买用户
131851,7,2017-12-01,5,2,高频多品类用户
131852,3,2017-12-03,1,0,稳定复购用户
131854,1,2017-11-27,1,6,低频沉睡用户
131860,2,2017-11-29,2,4,稳定复购用户
131865,2,2017-12-03,1,0,稳定复购用户
131866,3,2017-12-03,3,0,高频多品类用户
131876,5,2017-12-03,5,0,高频多品类用户
131882,2,2017-11-26,2,7,稳定复购用户
131898,6,2017-12-03,5,0,高频多品类用户
131903,1,2017-12-03,1,0,新购买用户
131908,4,2017-12-03,4,0,高频多品类用户
131912,3,2017-11-30,3,3,高频多品类用户
131913,3,2017-11-26,3,7,高频多品类用户
131915,4,2017-11-29,4,4,高频多品类用户
131921,1,2017-11-30,1,3,低频沉睡用户
131933,7,2017-12-03,7,0,高频多品类用户
131958,5,2017-12-03,5,0,高频多品类用户
131970,6,2017-12-02,6,1,高频多品类用户
131976,1,2017-12-02,1,1,新购买用户
131980,2,2017-12-01,2,2,稳定复购用户
131981,2,2017-12-03,2,0,稳定复购用户
131992,1,2017-11-29,1,4,低频沉睡用户
131996,2,2017-11-25,2,8,稳定复购用户
132004,4,2017-12-01,2,2,高频多品类用户
132010,2,2017-12-02,1,1,稳定复购用户
132018,7,2017-12-03,7,0,高频多品类用户
132019,1,2017-12-03,1,0,新购买用户
132020,1,2017-12-03,1,0,新购买用户
132031,1,2017-12-02,1,1,新购买用户
132037,2,2017-12-03,1,0,稳定复购用户
132038,2,2017-12-03,2,0,稳定复购用户
132041,4,2017-12-02,4,1,高频多品类用户
132050,1,2017-11-26,1,7,低频沉睡用户
132058,2,2017-12-01,1,2,稳定复购用户
132060,5,2017-12-03,5,0,高频多品类用户
132064,3,2017-12-03,3,0,高频多品类用户
132070,1,2017-11-25,1,8,低频沉睡用户
132072,3,2017-12-03,3,0,高频多品类用户
132101,1,2017-12-01,1,2,低频沉睡用户
132107,2,2017-11-26,1,7,稳定复购用户
132117,4,2017-11-30,4,3,高频多品类用户
132121,1,2017-12-01,1,2,低频沉睡用户
132135,5,2017-11-26,4,7,高频多品类用户
132144,1,2017-12-01,1,2,低频沉睡用户
132154,2,2017-12-03,2,0,稳定复购用户
132163,4,2017-11-27,3,6,高频多品类用户
132173,8,2017-12-01,7,2,高频多品类用户
132182,4,2017-12-03,4,0,高频多品类用户
132187,4,2017-12-01,4,2,高频多品类用户
132188,1,2017-11-30,1,3,低频沉睡用户
132193,2,2017-12-03,2,0,稳定复购用户
132232,1,2017-11-28,1,5,低频沉睡用户
132234,3,2017-12-03,3,0,高频多品类用户
132238,3,2017-12-02,2,1,高频多品类用户
132239,3,2017-11-27,2,6,高频多品类用户
132243,5,2017-11-29,5,4,高频多品类用户
132254,2,2017-11-26,2,7,稳定复购用户
132268,2,2017-12-01,2,2,稳定复购用户
132270,7,2017-12-01,2,2,高频多品类用户
132288,4,2017-12-03,3,0,高频多品类用户
132293,1,2017-11-25,1,8,低频沉睡用户
132301,4,2017-12-01,1,2,稳定复购用户
132306,6,2017-12-01,4,2,高频多品类用户
132315,5,2017-11-27,4,6,高频多品类用户
132331,5,2017-12-03,5,0,高频多品类用户
132343,19,2017-12-01,10,2,高频多品类用户
132347,2,2017-12-03,2,0,稳定复购用户
132372,4,2017-12-01,4,2,高频多品类用户
132373,1,2017-11-28,1,5,低频沉睡用户
132384,2,2017-11-25,2,8,稳定复购用户
132388,2,2017-12-03,2,0,稳定复购用户
132398,2,2017-12-01,2,2,稳定复购用户
132401,1,2017-11-25,1,8,低频沉睡用户
132403,5,2017-11-30,2,3,高频多品类用户
132406,1,2017-11-27,1,6,低频沉睡用户
132411,20,2017-12-01,18,2,高频多品类用户
132413,2,2017-11-30,2,3,稳定复购用户
132433,4,2017-11-29,4,4,高频多品类用户
132434,2,2017-12-03,2,0,稳定复购用户
132445,5,2017-12-01,5,2,高频多品类用户
132448,4,2017-12-03,3,0,高频多品类用户
132449,3,2017-12-02,1,1,稳定复购用户
132452,1,2017-11-29,1,4,低频沉睡用户
132455,1,2017-11-27,1,6,低频沉睡用户
132462,2,2017-12-02,2,1,稳定复购用户
132477,4,2017-12-03,3,0,高频多品类用户
132485,1,2017-11-28,1,5,低频沉睡用户
132487,1,2017-11-29,1,4,低频沉睡用户
132488,3,2017-12-03,3,0,高频多品类用户
132499,2,2017-11-25,2,8,稳定复购用户
132501,1,2017-11-28,1,5,低频沉睡用户
132502,1,2017-11-28,1,5,低频沉睡用户
132503,1,2017-11-25,1,8,低频沉睡用户
132539,1,2017-11-25,1,8,低频沉睡用户
132550,1,2017-11-30,1,3,低频沉睡用户
132555,5,2017-12-02,3,1,高频多品类用户
132560,5,2017-12-03,5,0,高频多品类用户
132564,7,2017-12-03,7,0,高频多品类用户
132566,1,2017-11-29,1,4,低频沉睡用户
132568,2,2017-12-02,2,1,稳定复购用户
132576,10,2017-12-02,10,1,高频多品类用户
132577,1,2017-11-25,1,8,低频沉睡用户
132585,2,2017-12-01,2,2,稳定复购用户
132587,3,2017-12-02,3,1,高频多品类用户
132605,2,2017-11-29,2,4,稳定复购用户
132607,1,2017-12-01,1,2,低频沉睡用户
132614,3,2017-12-03,3,0,高频多品类用户
132620,1,2017-11-27,1,6,低频沉睡用户
132626,1,2017-11-28,1,5,低频沉睡用户
132629,2,2017-11-27,2,6,稳定复购用户
132645,14,2017-12-03,12,0,高频多品类用户
132658,3,2017-12-02,3,1,高频多品类用户
132659,3,2017-12-03,3,0,高频多品类用户
132669,6,2017-12-03,5,0,高频多品类用户
132688,2,2017-12-03,2,0,稳定复购用户
132691,1,2017-11-27,1,6,低频沉睡用户
132696,3,2017-12-03,1,0,稳定复购用户
132708,1,2017-11-28,1,5,低频沉睡用户
132715,4,2017-11-30,4,3,高频多品类用户
132717,1,2017-11-28,1,5,低频沉睡用户
132718,5,2017-11-27,5,6,高频多品类用户
132721,1,2017-12-03,1,0,新购买用户
132722,3,2017-11-29,3,4,高频多品类用户
132724,3,2017-11-30,3,3,高频多品类用户
132725,1,2017-11-25,1,8,低频沉睡用户
132738,1,2017-11-28,1,5,低频沉睡用户
132741,2,2017-11-29,2,4,稳定复购用户
132757,10,2017-12-03,9,0,高频多品类用户
132766,1,2017-12-03,1,0,新购买用户
132769,1,2017-12-01,1,2,低频沉睡用户
132772,1,2017-11-28,1,5,低频沉睡用户
132778,1,2017-11-27,1,6,低频沉睡用户
132781,4,2017-12-03,3,0,高频多品类用户
132788,1,2017-11-27,1,6,低频沉睡用户
132794,3,2017-12-03,3,0,高频多品类用户
132796,1,2017-11-26,1,7,低频沉睡用户
132815,4,2017-12-02,4,1,高频多品类用户
132819,8,2017-12-03,7,0,高频多品类用户
132824,4,2017-12-02,4,1,高频多品类用户
132835,1,2017-11-27,1,6,低频沉睡用户
132856,3,2017-11-26,3,7,高频多品类用户
132876,6,2017-12-02,5,1,高频多品类用户
132881,2,2017-11-30,2,3,稳定复购用户
132887,3,2017-12-03,3,0,高频多品类用户
132888,12,2017-11-29,7,4,高频多品类用户
132889,1,2017-12-03,1,0,新购买用户
132894,1,2017-11-27,1,6,低频沉睡用户
132899,4,2017-12-02,3,1,高频多品类用户
132920,2,2017-11-30,2,3,稳定复购用户
132922,2,2017-11-27,2,6,稳定复购用户
132926,4,2017-12-02,3,1,高频多品类用户
132931,10,2017-11-27,9,6,高频多品类用户
132932,5,2017-12-02,5,1,高频多品类用户
132936,3,2017-12-02,3,1,高频多品类用户
132940,1,2017-11-30,1,3,低频沉睡用户
132956,2,2017-12-02,2,1,稳定复购用户
132962,4,2017-11-30,3,3,高频多品类用户
132965,2,2017-11-28,1,5,稳定复购用户
132968,3,2017-11-29,1,4,稳定复购用户
132983,1,2017-12-02,1,1,新购买用户
132984,2,2017-11-28,2,5,稳定复购用户
132996,1,2017-11-28,1,5,低频沉睡用户
132997,2,2017-11-26,2,7,稳定复购用户
133001,1,2017-11-30,1,3,低频沉睡用户
133003,1,2017-11-25,1,8,低频沉睡用户
133020,1,2017-11-27,1,6,低频沉睡用户
133021,4,2017-11-26,4,7,高频多品类用户
133025,1,2017-11-29,1,4,低频沉睡用户
133048,7,2017-12-02,3,1,高频多品类用户
133058,2,2017-12-03,1,0,稳定复购用户
133060,1,2017-11-27,1,6,低频沉睡用户
133074,7,2017-12-03,5,0,高频多品类用户
133086,3,2017-12-03,2,0,高频多品类用户
133087,1,2017-11-26,1,7,低频沉睡用户
133094,2,2017-11-30,2,3,稳定复购用户
133107,4,2017-12-02,3,1,高频多品类用户
133110,4,2017-12-03,4,0,高频多品类用户
133114,2,2017-12-03,1,0,稳定复购用户
133115,7,2017-11-30,5,3,高频多品类用户
133121,1,2017-11-25,1,8,低频沉睡用户
133122,5,2017-12-02,4,1,高频多品类用户
133130,2,2017-12-02,2,1,稳定复购用户
133142,7,2017-12-03,6,0,高频多品类用户
133151,4,2017-12-03,4,0,高频多品类用户
133153,1,2017-11-25,1,8,低频沉睡用户
133167,1,2017-11-26,1,7,低频沉睡用户
133173,2,2017-11-30,2,3,稳定复购用户
133182,5,2017-12-01,4,2,高频多品类用户
133193,1,2017-12-01,1,2,低频沉睡用户
133197,3,2017-12-02,3,1,高频多品类用户
133199,1,2017-11-30,1,3,低频沉睡用户
133222,2,2017-11-27,2,6,稳定复购用户
133237,5,2017-12-02,5,1,高频多品类用户
133243,2,2017-11-29,2,4,稳定复购用户
133270,3,2017-12-02,3,1,高频多品类用户
133283,1,2017-11-29,1,4,低频沉睡用户
133286,9,2017-12-03,8,0,高频多品类用户
133287,2,2017-11-28,1,5,稳定复购用户
133288,2,2017-12-01,2,2,稳定复购用户
133295,2,2017-12-02,2,1,稳定复购用户
133298,2,2017-11-29,2,4,稳定复购用户
133303,4,2017-12-03,3,0,高频多品类用户
133308,3,2017-12-01,3,2,高频多品类用户
133315,4,2017-11-30,4,3,高频多品类用户
133316,1,2017-12-01,1,2,低频沉睡用户
133320,7,2017-11-29,5,4,高频多品类用户
133342,3,2017-12-02,3,1,高频多品类用户
133350,3,2017-12-03,3,0,高频多品类用户
133351,2,2017-12-02,2,1,稳定复购用户
133360,2,2017-12-03,2,0,稳定复购用户
133405,2,2017-12-01,2,2,稳定复购用户
133406,1,2017-12-01,1,2,低频沉睡用户
133410,1,2017-11-27,1,6,低频沉睡用户
133418,5,2017-12-02,3,1,高频多品类用户
133436,3,2017-12-03,3,0,高频多品类用户
133446,2,2017-12-01,2,2,稳定复购用户
133453,5,2017-12-03,3,0,高频多品类用户
133471,2,2017-12-02,2,1,稳定复购用户
133472,3,2017-12-03,3,0,高频多品类用户
133475,1,2017-11-27,1,6,低频沉睡用户
133478,1,2017-11-29,1,4,低频沉睡用户
133479,5,2017-11-29,1,4,稳定复购用户
133488,1,2017-12-03,1,0,新购买用户
133489,1,2017-12-01,1,2,低频沉睡用户
133492,1,2017-12-03,1,0,新购买用户
133496,4,2017-12-03,4,0,高频多品类用户
133498,12,2017-12-03,10,0,高频多品类用户
133507,4,2017-11-29,3,4,高频多品类用户
133510,1,2017-11-26,1,7,低频沉睡用户
133519,2,2017-12-02,2,1,稳定复购用户
133521,2,2017-11-28,2,5,稳定复购用户
133530,3,2017-12-02,2,1,高频多品类用户
133531,5,2017-12-02,5,1,高频多品类用户
133538,5,2017-12-03,5,0,高频多品类用户
133545,2,2017-12-03,2,0,稳定复购用户
133563,1,2017-12-01,1,2,低频沉睡用户
133574,12,2017-12-02,11,1,高频多品类用户
133593,8,2017-12-03,6,0,高频多品类用户
133594,1,2017-11-28,1,5,低频沉睡用户
133606,1,2017-12-03,1,0,新购买用户
133607,8,2017-12-02,5,1,高频多品类用户
133613,2,2017-11-30,2,3,稳定复购用户
133620,11,2017-12-02,10,1,高频多品类用户
133642,2,2017-11-29,2,4,稳定复购用户
133646,1,2017-11-27,1,6,低频沉睡用户
133666,1,2017-11-25,1,8,低频沉睡用户
133675,2,2017-11-30,2,3,稳定复购用户
133681,1,2017-12-03,1,0,新购买用户
133694,1,2017-11-29,1,4,低频沉睡用户
133695,2,2017-12-03,2,0,稳定复购用户
133706,5,2017-12-03,5,0,高频多品类用户
133714,9,2017-12-03,7,0,高频多品类用户
133718,1,2017-11-27,1,6,低频沉睡用户
133719,1,2017-12-02,1,1,新购买用户
133724,7,2017-12-02,7,1,高频多品类用户
133727,4,2017-12-01,4,2,高频多品类用户
133742,1,2017-12-02,1,1,新购买用户
133743,1,2017-11-27,1,6,低频沉睡用户
133744,1,2017-11-25,1,8,低频沉睡用户
133776,2,2017-12-01,2,2,稳定复购用户
133777,2,2017-11-27,2,6,稳定复购用户
133790,3,2017-11-30,3,3,高频多品类用户
133792,8,2017-12-03,8,0,高频多品类用户
133800,1,2017-12-01,1,2,低频沉睡用户
133819,2,2017-11-29,2,4,稳定复购用户
133825,1,2017-11-25,1,8,低频沉睡用户
133834,2,2017-11-30,2,3,稳定复购用户
133845,1,2017-11-29,1,4,低频沉睡用户
133849,1,2017-12-03,1,0,新购买用户
133850,3,2017-12-02,2,1,高频多品类用户
133859,2,2017-12-02,2,1,稳定复购用户
133877,2,2017-11-30,2,3,稳定复购用户
133886,3,2017-12-03,3,0,高频多品类用户
133887,9,2017-12-03,8,0,高频多品类用户
133894,1,2017-12-03,1,0,新购买用户
133900,5,2017-11-27,5,6,高频多品类用户
133917,1,2017-11-29,1,4,低频沉睡用户
133921,3,2017-11-25,3,8,高频多品类用户
133923,2,2017-11-30,2,3,稳定复购用户
133928,3,2017-11-29,3,4,高频多品类用户
133932,1,2017-11-25,1,8,低频沉睡用户
133933,2,2017-11-30,2,3,稳定复购用户
133936,2,2017-11-26,2,7,稳定复购用户
133950,7,2017-11-30,7,3,高频多品类用户
133957,1,2017-11-30,1,3,低频沉睡用户
133975,1,2017-11-27,1,6,低频沉睡用户
133976,5,2017-12-03,4,0,高频多品类用户
133992,2,2017-11-30,2,3,稳定复购用户
133993,3,2017-11-30,3,3,高频多品类用户
134010,1,2017-11-25,1,8,低频沉睡用户
134012,5,2017-12-02,5,1,高频多品类用户
134014,2,2017-12-03,2,0,稳定复购用户
134022,1,2017-12-01,1,2,低频沉睡用户
134027,1,2017-12-01,1,2,低频沉睡用户
134041,3,2017-12-02,3,1,高频多品类用户
134042,1,2017-11-28,1,5,低频沉睡用户
134055,1,2017-12-01,1,2,低频沉睡用户
134059,3,2017-12-02,2,1,高频多品类用户
134066,1,2017-11-29,1,4,低频沉睡用户
134070,2,2017-12-03,2,0,稳定复购用户
134072,4,2017-12-01,2,2,高频多品类用户
134073,1,2017-11-27,1,6,低频沉睡用户
134078,3,2017-11-29,3,4,高频多品类用户
134079,9,2017-12-03,8,0,高频多品类用户
134095,3,2017-11-29,3,4,高频多品类用户
134100,2,2017-12-03,2,0,稳定复购用户
134103,1,2017-11-25,1,8,低频沉睡用户
134115,3,2017-12-02,3,1,高频多品类用户
134119,7,2017-12-01,7,2,高频多品类用户
134122,2,2017-12-03,2,0,稳定复购用户
134125,3,2017-12-02,3,1,高频多品类用户
134133,2,2017-12-02,2,1,稳定复购用户
134134,2,2017-12-03,2,0,稳定复购用户
134150,5,2017-12-01,4,2,高频多品类用户
134153,4,2017-12-02,4,1,高频多品类用户
134162,7,2017-12-01,3,2,高频多品类用户
134163,1,2017-12-03,1,0,新购买用户
134164,4,2017-12-03,4,0,高频多品类用户
134171,3,2017-12-02,3,1,高频多品类用户
134172,4,2017-12-01,4,2,高频多品类用户
134178,2,2017-11-30,2,3,稳定复购用户
134187,1,2017-11-29,1,4,低频沉睡用户
134192,1,2017-11-27,1,6,低频沉睡用户
134205,1,2017-11-27,1,6,低频沉睡用户
134213,17,2017-12-01,13,2,高频多品类用户
134215,8,2017-12-02,8,1,高频多品类用户
134216,1,2017-12-01,1,2,低频沉睡用户
134218,1,2017-12-02,1,1,新购买用户
134228,2,2017-12-02,2,1,稳定复购用户
134237,2,2017-12-03,2,0,稳定复购用户
134256,6,2017-12-01,6,2,高频多品类用户
134258,2,2017-11-29,2,4,稳定复购用户
134260,4,2017-12-02,4,1,高频多品类用户
134281,2,2017-12-03,2,0,稳定复购用户
134286,2,2017-12-03,2,0,稳定复购用户
134290,1,2017-12-02,1,1,新购买用户
134292,1,2017-11-26,1,7,低频沉睡用户
134297,6,2017-12-03,3,0,高频多品类用户
134307,15,2017-11-28,10,5,高频多品类用户
134320,2,2017-11-30,2,3,稳定复购用户
134322,1,2017-11-26,1,7,低频沉睡用户
134337,1,2017-11-25,1,8,低频沉睡用户
134343,2,2017-11-29,2,4,稳定复购用户
134349,4,2017-11-27,4,6,高频多品类用户
134353,1,2017-11-26,1,7,低频沉睡用户
134365,3,2017-11-30,3,3,高频多品类用户
134377,5,2017-11-30,5,3,高频多品类用户
134379,3,2017-11-29,3,4,高频多品类用户
134386,7,2017-11-30,5,3,高频多品类用户
134388,3,2017-12-03,3,0,高频多品类用户
134401,2,2017-11-29,1,4,稳定复购用户
134423,1,2017-11-25,1,8,低频沉睡用户
134432,6,2017-12-02,5,1,高频多品类用户
134445,3,2017-12-02,3,1,高频多品类用户
134446,1,2017-11-30,1,3,低频沉睡用户
134458,3,2017-12-01,3,2,高频多品类用户
134460,4,2017-12-02,2,1,高频多品类用户
134461,1,2017-11-30,1,3,低频沉睡用户
134464,1,2017-12-02,1,1,新购买用户
134466,7,2017-12-02,7,1,高频多品类用户
134473,2,2017-12-02,2,1,稳定复购用户
134476,3,2017-11-27,3,6,高频多品类用户
134486,3,2017-12-03,3,0,高频多品类用户
134488,2,2017-12-03,2,0,稳定复购用户
134489,1,2017-11-29,1,4,低频沉睡用户
134502,3,2017-12-01,3,2,高频多品类用户
134514,8,2017-12-02,4,1,高频多品类用户
134517,1,2017-11-27,1,6,低频沉睡用户
134527,7,2017-12-01,3,2,高频多品类用户
134535,4,2017-12-02,3,1,高频多品类用户
134549,7,2017-12-03,5,0,高频多品类用户
134568,3,2017-11-30,2,3,高频多品类用户
134571,7,2017-12-02,7,1,高频多品类用户
134586,2,2017-11-28,2,5,稳定复购用户
134594,1,2017-11-28,1,5,低频沉睡用户
134596,1,2017-12-02,1,1,新购买用户
134599,2,2017-12-01,1,2,稳定复购用户
134630,2,2017-12-02,2,1,稳定复购用户
134637,2,2017-11-29,1,4,稳定复购用户
134672,2,2017-11-27,2,6,稳定复购用户
134677,1,2017-11-28,1,5,低频沉睡用户
134678,7,2017-12-03,7,0,高频多品类用户
134684,1,2017-11-27,1,6,低频沉睡用户
134692,1,2017-11-26,1,7,低频沉睡用户
134693,2,2017-12-03,2,0,稳定复购用户
134696,1,2017-12-01,1,2,低频沉睡用户
134700,2,2017-11-30,2,3,稳定复购用户
134710,3,2017-12-03,3,0,高频多品类用户
134713,2,2017-11-29,1,4,稳定复购用户
134724,1,2017-11-25,1,8,低频沉睡用户
134736,3,2017-11-29,3,4,高频多品类用户
134763,2,2017-11-30,1,3,稳定复购用户
134773,4,2017-12-01,4,2,高频多品类用户
134791,4,2017-11-29,4,4,高频多品类用户
134793,1,2017-11-27,1,6,低频沉睡用户
134799,4,2017-11-28,4,5,高频多品类用户
134801,6,2017-11-29,6,4,高频多品类用户
134812,4,2017-11-25,2,8,高频多品类用户
134828,3,2017-12-03,3,0,高频多品类用户
134837,1,2017-11-30,1,3,低频沉睡用户
134857,1,2017-11-28,1,5,低频沉睡用户
134865,3,2017-11-26,3,7,高频多品类用户
134869,1,2017-11-26,1,7,低频沉睡用户
134881,2,2017-11-30,2,3,稳定复购用户
134883,3,2017-12-03,3,0,高频多品类用户
134891,8,2017-12-02,8,1,高频多品类用户
134898,3,2017-12-03,3,0,高频多品类用户
134902,2,2017-12-03,2,0,稳定复购用户
134906,4,2017-12-03,2,0,高频多品类用户
134915,1,2017-11-29,1,4,低频沉睡用户
134917,3,2017-12-01,2,2,高频多品类用户
134921,1,2017-11-25,1,8,低频沉睡用户
134925,12,2017-12-03,10,0,高频多品类用户
134927,3,2017-12-03,2,0,高频多品类用户
134933,5,2017-12-03,4,0,高频多品类用户
134939,3,2017-11-30,3,3,高频多品类用户
134944,5,2017-12-02,5,1,高频多品类用户
134959,2,2017-12-01,2,2,稳定复购用户
134961,3,2017-12-01,2,2,高频多品类用户
134970,3,2017-12-01,3,2,高频多品类用户
134975,2,2017-12-01,2,2,稳定复购用户
134976,1,2017-12-02,1,1,新购买用户
134988,1,2017-11-30,1,3,低频沉睡用户
134996,3,2017-12-02,3,1,高频多品类用户
134999,8,2017-12-03,7,0,高频多品类用户
135002,3,2017-12-03,2,0,高频多品类用户
135003,4,2017-12-03,4,0,高频多品类用户
135013,1,2017-12-02,1,1,新购买用户
135024,4,2017-12-02,4,1,高频多品类用户
135026,2,2017-12-03,2,0,稳定复购用户
135028,2,2017-12-02,2,1,稳定复购用户
135056,19,2017-12-03,17,0,高频多品类用户
135081,5,2017-12-02,5,1,高频多品类用户
135084,6,2017-12-03,5,0,高频多品类用户
135086,3,2017-12-03,3,0,高频多品类用户
135097,5,2017-12-02,4,1,高频多品类用户
135103,2,2017-12-01,2,2,稳定复购用户
135104,3,2017-12-02,3,1,高频多品类用户
135109,4,2017-11-29,3,4,高频多品类用户
135112,1,2017-12-01,1,2,低频沉睡用户
135146,2,2017-12-03,2,0,稳定复购用户
135168,1,2017-12-03,1,0,新购买用户
135169,8,2017-12-03,8,0,高频多品类用户
135185,3,2017-11-30,3,3,高频多品类用户
135201,2,2017-11-29,2,4,稳定复购用户
135223,3,2017-12-03,3,0,高频多品类用户
135229,2,2017-11-25,2,8,稳定复购用户
135233,2,2017-12-01,2,2,稳定复购用户
135236,2,2017-11-29,2,4,稳定复购用户
135255,2,2017-12-03,2,0,稳定复购用户
135256,12,2017-12-01,9,2,高频多品类用户
135281,3,2017-11-30,3,3,高频多品类用户
135289,1,2017-12-03,1,0,新购买用户
135317,1,2017-11-27,1,6,低频沉睡用户
135318,1,2017-11-26,1,7,低频沉睡用户
135320,5,2017-12-02,3,1,高频多品类用户
135329,2,2017-12-02,2,1,稳定复购用户
135334,3,2017-12-03,3,0,高频多品类用户
135342,4,2017-12-02,4,1,高频多品类用户
135344,4,2017-11-30,4,3,高频多品类用户
135353,1,2017-12-01,1,2,低频沉睡用户
135364,3,2017-12-01,3,2,高频多品类用户
135366,1,2017-11-29,1,4,低频沉睡用户
135369,1,2017-11-30,1,3,低频沉睡用户
135372,2,2017-12-02,2,1,稳定复购用户
135382,1,2017-11-27,1,6,低频沉睡用户
135394,3,2017-12-02,2,1,高频多品类用户
135397,1,2017-11-26,1,7,低频沉睡用户
135417,2,2017-12-01,2,2,稳定复购用户
135421,1,2017-11-29,1,4,低频沉睡用户
135431,5,2017-12-03,5,0,高频多品类用户
135438,1,2017-11-26,1,7,低频沉睡用户
135446,1,2017-12-02,1,1,新购买用户
135447,1,2017-12-02,1,1,新购买用户
135451,3,2017-11-30,3,3,高频多品类用户
135462,1,2017-12-03,1,0,新购买用户
135466,1,2017-11-30,1,3,低频沉睡用户
135488,2,2017-11-29,2,4,稳定复购用户
135509,1,2017-12-01,1,2,低频沉睡用户
135514,3,2017-11-26,3,7,高频多品类用户
135517,11,2017-12-03,10,0,高频多品类用户
135521,1,2017-12-02,1,1,新购买用户
135532,1,2017-11-26,1,7,低频沉睡用户
135535,3,2017-12-03,3,0,高频多品类用户
135536,2,2017-11-27,2,6,稳定复购用户
135537,3,2017-12-01,3,2,高频多品类用户
135548,3,2017-12-02,3,1,高频多品类用户
135550,1,2017-11-30,1,3,低频沉睡用户
135566,1,2017-12-03,1,0,新购买用户
135567,1,2017-11-27,1,6,低频沉睡用户
135569,2,2017-11-27,1,6,稳定复购用户
135572,3,2017-12-02,3,1,高频多品类用户
135590,2,2017-12-01,2,2,稳定复购用户
135591,2,2017-11-30,2,3,稳定复购用户
135593,3,2017-11-30,3,3,高频多品类用户
135597,2,2017-11-28,2,5,稳定复购用户
135629,2,2017-11-28,2,5,稳定复购用户
135630,1,2017-11-29,1,4,低频沉睡用户
135631,4,2017-12-02,2,1,高频多品类用户
135636,4,2017-12-02,4,1,高频多品类用户
135648,4,2017-12-01,4,2,高频多品类用户
135652,3,2017-12-01,2,2,高频多品类用户
135657,4,2017-12-02,3,1,高频多品类用户
135658,1,2017-12-02,1,1,新购买用户
135660,3,2017-12-01,3,2,高频多品类用户
135677,3,2017-11-30,3,3,高频多品类用户
135684,1,2017-11-29,1,4,低频沉睡用户
135688,2,2017-11-29,2,4,稳定复购用户
135721,3,2017-12-03,2,0,高频多品类用户
135725,1,2017-11-27,1,6,低频沉睡用户
135733,5,2017-11-26,5,7,高频多品类用户
135737,10,2017-12-03,9,0,高频多品类用户
135741,2,2017-11-30,2,3,稳定复购用户
135754,3,2017-12-01,1,2,稳定复购用户
135759,2,2017-11-29,2,4,稳定复购用户
135770,4,2017-12-02,4,1,高频多品类用户
135776,2,2017-11-28,2,5,稳定复购用户
135777,2,2017-12-03,2,0,稳定复购用户
135780,3,2017-11-30,1,3,稳定复购用户
135781,4,2017-11-30,4,3,高频多品类用户
135783,1,2017-12-01,1,2,低频沉睡用户
135784,5,2017-12-03,4,0,高频多品类用户
135795,4,2017-12-03,4,0,高频多品类用户
135802,3,2017-11-29,3,4,高频多品类用户
135805,1,2017-11-29,1,4,低频沉睡用户
135808,3,2017-12-01,2,2,高频多品类用户
135810,1,2017-11-30,1,3,低频沉睡用户
135812,6,2017-12-03,5,0,高频多品类用户
135840,3,2017-12-02,3,1,高频多品类用户
135846,2,2017-11-27,2,6,稳定复购用户
135847,2,2017-11-29,2,4,稳定复购用户
135849,2,2017-11-26,2,7,稳定复购用户
135853,1,2017-11-29,1,4,低频沉睡用户
135859,1,2017-11-30,1,3,低频沉睡用户
135869,1,2017-11-29,1,4,低频沉睡用户
135878,2,2017-11-28,2,5,稳定复购用户
135887,8,2017-12-01,8,2,高频多品类用户
135904,4,2017-11-28,2,5,高频多品类用户
135909,2,2017-12-02,2,1,稳定复购用户
135912,2,2017-12-01,2,2,稳定复购用户
135922,1,2017-11-29,1,4,低频沉睡用户
135927,4,2017-12-03,2,0,高频多品类用户
135947,7,2017-11-30,7,3,高频多品类用户
135955,1,2017-12-02,1,1,新购买用户
135957,1,2017-12-01,1,2,低频沉睡用户
135964,1,2017-11-26,1,7,低频沉睡用户
135970,1,2017-12-01,1,2,低频沉睡用户
135992,3,2017-12-02,3,1,高频多品类用户
135994,2,2017-11-27,2,6,稳定复购用户
135999,4,2017-12-02,2,1,高频多品类用户
136001,1,2017-12-01,1,2,低频沉睡用户
136007,1,2017-12-02,1,1,新购买用户
136019,1,2017-12-01,1,2,低频沉睡用户
136021,5,2017-12-03,5,0,高频多品类用户
136029,1,2017-12-02,1,1,新购买用户
136033,1,2017-12-03,1,0,新购买用户
136037,2,2017-12-03,2,0,稳定复购用户
136039,2,2017-12-03,2,0,稳定复购用户
136042,4,2017-12-02,4,1,高频多品类用户
136043,4,2017-12-03,4,0,高频多品类用户
136059,1,2017-11-28,1,5,低频沉睡用户
136062,2,2017-11-26,2,7,稳定复购用户
136077,2,2017-11-28,2,5,稳定复购用户
136087,1,2017-12-01,1,2,低频沉睡用户
136095,4,2017-12-02,2,1,高频多品类用户
136115,11,2017-12-03,10,0,高频多品类用户
136118,7,2017-12-02,4,1,高频多品类用户
136138,2,2017-12-02,2,1,稳定复购用户
136139,3,2017-12-02,3,1,高频多品类用户
136143,1,2017-12-02,1,1,新购买用户
136145,1,2017-11-26,1,7,低频沉睡用户
136150,1,2017-11-26,1,7,低频沉睡用户
136153,1,2017-11-29,1,4,低频沉睡用户
136154,2,2017-12-01,2,2,稳定复购用户
136156,2,2017-12-02,2,1,稳定复购用户
136189,4,2017-12-02,3,1,高频多品类用户
136209,3,2017-11-30,3,3,高频多品类用户
136215,5,2017-12-02,5,1,高频多品类用户
136218,1,2017-11-25,1,8,低频沉睡用户
136226,4,2017-12-01,4,2,高频多品类用户
136228,2,2017-11-30,2,3,稳定复购用户
136233,1,2017-12-02,1,1,新购买用户
136252,1,2017-11-28,1,5,低频沉睡用户
136256,4,2017-11-30,3,3,高频多品类用户
136260,3,2017-11-29,3,4,高频多品类用户
136268,1,2017-11-30,1,3,低频沉睡用户
136270,11,2017-12-03,11,0,高频多品类用户
136272,1,2017-12-02,1,1,新购买用户
136277,2,2017-11-30,2,3,稳定复购用户
136278,7,2017-11-25,3,8,高频多品类用户
136282,1,2017-12-02,1,1,新购买用户
136293,3,2017-11-29,3,4,高频多品类用户
136301,2,2017-12-03,2,0,稳定复购用户
136305,3,2017-11-28,2,5,高频多品类用户
136323,1,2017-11-29,1,4,低频沉睡用户
136343,1,2017-12-02,1,1,新购买用户
136349,3,2017-11-30,3,3,高频多品类用户
136354,3,2017-12-02,3,1,高频多品类用户
136359,1,2017-11-28,1,5,低频沉睡用户
136361,6,2017-12-02,4,1,高频多品类用户
136370,2,2017-11-26,2,7,稳定复购用户
136377,1,2017-11-26,1,7,低频沉睡用户
136386,2,2017-11-29,1,4,稳定复购用户
136396,2,2017-12-02,2,1,稳定复购用户
136399,1,2017-11-28,1,5,低频沉睡用户
136406,1,2017-12-03,1,0,新购买用户
136414,1,2017-11-28,1,5,低频沉睡用户
136425,3,2017-12-03,3,0,高频多品类用户
136426,1,2017-12-01,1,2,低频沉睡用户
136436,3,2017-11-27,3,6,高频多品类用户
136439,2,2017-11-28,2,5,稳定复购用户
136441,2,2017-12-03,1,0,稳定复购用户
136443,1,2017-11-25,1,8,低频沉睡用户
136448,1,2017-11-29,1,4,低频沉睡用户
136454,2,2017-12-02,2,1,稳定复购用户
136463,3,2017-11-29,1,4,稳定复购用户
136464,1,2017-11-28,1,5,低频沉睡用户
136469,1,2017-12-02,1,1,新购买用户
136475,1,2017-12-02,1,1,新购买用户
136488,3,2017-12-03,3,0,高频多品类用户
136489,1,2017-11-27,1,6,低频沉睡用户
136494,7,2017-12-03,6,0,高频多品类用户
136502,3,2017-12-03,3,0,高频多品类用户
136505,2,2017-12-02,2,1,稳定复购用户
136516,2,2017-11-26,2,7,稳定复购用户
136518,1,2017-11-27,1,6,低频沉睡用户
136520,2,2017-11-29,2,4,稳定复购用户
136531,1,2017-11-27,1,6,低频沉睡用户
136532,1,2017-12-01,1,2,低频沉睡用户
136535,3,2017-12-03,3,0,高频多品类用户
136537,2,2017-12-02,2,1,稳定复购用户
136538,2,2017-11-27,2,6,稳定复购用户
136543,2,2017-12-03,2,0,稳定复购用户
136560,3,2017-12-02,3,1,高频多品类用户
136608,3,2017-11-30,3,3,高频多品类用户
136623,5,2017-12-01,3,2,高频多品类用户
136626,8,2017-12-03,7,0,高频多品类用户
136631,1,2017-11-25,1,8,低频沉睡用户
136647,6,2017-11-30,4,3,高频多品类用户
136662,3,2017-12-01,3,2,高频多品类用户
136664,1,2017-11-30,1,3,低频沉睡用户
136667,2,2017-11-29,2,4,稳定复购用户
136671,4,2017-12-02,3,1,高频多品类用户
136679,1,2017-11-30,1,3,低频沉睡用户
136683,1,2017-11-25,1,8,低频沉睡用户
136689,1,2017-11-30,1,3,低频沉睡用户
136692,6,2017-12-03,4,0,高频多品类用户
136714,6,2017-12-03,5,0,高频多品类用户
136725,1,2017-11-29,1,4,低频沉睡用户
136726,1,2017-11-25,1,8,低频沉睡用户
136740,1,2017-11-30,1,3,低频沉睡用户
136754,1,2017-12-02,1,1,新购买用户
136763,1,2017-11-30,1,3,低频沉睡用户
136778,2,2017-12-01,2,2,稳定复购用户
136784,6,2017-12-01,6,2,高频多品类用户
136792,17,2017-12-03,12,0,高频多品类用户
136795,4,2017-12-03,3,0,高频多品类用户
136797,1,2017-12-03,1,0,新购买用户
136801,6,2017-11-29,5,4,高频多品类用户
136803,2,2017-11-29,2,4,稳定复购用户
136811,2,2017-11-29,2,4,稳定复购用户
136816,1,2017-11-30,1,3,低频沉睡用户
136824,9,2017-12-02,9,1,高频多品类用户
136827,6,2017-12-02,6,1,高频多品类用户
136834,1,2017-11-30,1,3,低频沉睡用户
136839,1,2017-12-02,1,1,新购买用户
136848,8,2017-12-03,4,0,高频多品类用户
136884,4,2017-12-03,3,0,高频多品类用户
136892,3,2017-11-30,3,3,高频多品类用户
136927,6,2017-12-03,4,0,高频多品类用户
136941,6,2017-12-03,5,0,高频多品类用户
136948,1,2017-11-25,1,8,低频沉睡用户
136950,2,2017-12-03,2,0,稳定复购用户
136952,7,2017-12-03,3,0,高频多品类用户
136959,3,2017-12-02,2,1,高频多品类用户
136963,1,2017-11-30,1,3,低频沉睡用户
136966,2,2017-12-03,2,0,稳定复购用户
136975,5,2017-11-28,4,5,高频多品类用户
136981,2,2017-11-25,2,8,稳定复购用户
136996,2,2017-12-03,2,0,稳定复购用户
137000,3,2017-12-02,3,1,高频多品类用户
137007,2,2017-12-01,2,2,稳定复购用户
137028,1,2017-11-27,1,6,低频沉睡用户
137029,9,2017-11-29,7,4,高频多品类用户
137040,1,2017-11-25,1,8,低频沉睡用户
137049,2,2017-11-29,2,4,稳定复购用户
137069,1,2017-11-28,1,5,低频沉睡用户
137071,1,2017-12-01,1,2,低频沉睡用户
137073,2,2017-11-30,2,3,稳定复购用户
137082,1,2017-11-28,1,5,低频沉睡用户
137083,7,2017-11-30,5,3,高频多品类用户
137093,1,2017-12-03,1,0,新购买用户
137098,3,2017-12-02,3,1,高频多品类用户
137104,2,2017-12-02,2,1,稳定复购用户
137110,4,2017-12-02,4,1,高频多品类用户
137112,1,2017-12-03,1,0,新购买用户
137113,1,2017-12-02,1,1,新购买用户
137119,1,2017-12-03,1,0,新购买用户
137123,4,2017-12-03,4,0,高频多品类用户
137127,3,2017-11-28,2,5,高频多品类用户
137132,3,2017-12-03,3,0,高频多品类用户
137138,5,2017-12-02,4,1,高频多品类用户
137150,3,2017-12-02,3,1,高频多品类用户
137153,1,2017-11-29,1,4,低频沉睡用户
137154,2,2017-11-25,2,8,稳定复购用户
137159,2,2017-11-29,2,4,稳定复购用户
137164,1,2017-11-26,1,7,低频沉睡用户
137174,2,2017-11-30,2,3,稳定复购用户
137192,3,2017-12-03,3,0,高频多品类用户
137209,7,2017-11-30,6,3,高频多品类用户
137211,1,2017-11-25,1,8,低频沉睡用户
137212,3,2017-12-02,3,1,高频多品类用户
137227,1,2017-11-29,1,4,低频沉睡用户
137234,2,2017-12-03,2,0,稳定复购用户
137238,1,2017-11-25,1,8,低频沉睡用户
137252,3,2017-12-03,3,0,高频多品类用户
137270,6,2017-12-03,5,0,高频多品类用户
137275,3,2017-12-02,3,1,高频多品类用户
137281,2,2017-11-27,1,6,稳定复购用户
137285,3,2017-12-03,2,0,高频多品类用户
137294,8,2017-12-02,8,1,高频多品类用户
137301,2,2017-11-29,2,4,稳定复购用户
137321,1,2017-12-03,1,0,新购买用户
137335,1,2017-12-01,1,2,低频沉睡用户
137339,2,2017-12-02,2,1,稳定复购用户
137348,2,2017-12-02,2,1,稳定复购用户
137366,4,2017-11-27,3,6,高频多品类用户
137369,1,2017-11-27,1,6,低频沉睡用户
137382,2,2017-12-03,2,0,稳定复购用户
137384,4,2017-12-03,4,0,高频多品类用户
137406,2,2017-12-01,2,2,稳定复购用户
137408,9,2017-12-02,6,1,高频多品类用户
137414,2,2017-12-01,2,2,稳定复购用户
137416,5,2017-12-02,5,1,高频多品类用户
137422,2,2017-11-30,1,3,稳定复购用户
137423,3,2017-12-02,1,1,稳定复购用户
137425,1,2017-11-28,1,5,低频沉睡用户
137427,3,2017-11-30,3,3,高频多品类用户
137448,6,2017-11-29,4,4,高频多品类用户
137466,1,2017-11-29,1,4,低频沉睡用户
137467,4,2017-11-30,3,3,高频多品类用户
137482,1,2017-11-27,1,6,低频沉睡用户
137483,1,2017-11-28,1,5,低频沉睡用户
137489,1,2017-11-25,1,8,低频沉睡用户
137504,6,2017-12-01,5,2,高频多品类用户
137519,3,2017-12-01,2,2,高频多品类用户
137542,1,2017-12-02,1,1,新购买用户
137551,1,2017-11-30,1,3,低频沉睡用户
137555,5,2017-11-28,4,5,高频多品类用户
137566,2,2017-12-01,2,2,稳定复购用户
137567,1,2017-11-27,1,6,低频沉睡用户
137573,4,2017-12-03,4,0,高频多品类用户
137590,15,2017-12-03,14,0,高频多品类用户
137614,4,2017-12-02,4,1,高频多品类用户
137620,1,2017-12-02,1,1,新购买用户
137631,4,2017-11-30,4,3,高频多品类用户
137639,3,2017-12-03,3,0,高频多品类用户
137651,8,2017-11-29,4,4,高频多品类用户
137655,1,2017-11-26,1,7,低频沉睡用户
137661,13,2017-12-03,9,0,高频多品类用户
137666,1,2017-11-25,1,8,低频沉睡用户
137676,4,2017-12-03,3,0,高频多品类用户
137677,4,2017-11-30,4,3,高频多品类用户
137678,2,2017-11-26,2,7,稳定复购用户
137681,1,2017-12-02,1,1,新购买用户
137682,6,2017-12-03,5,0,高频多品类用户
137691,2,2017-11-25,2,8,稳定复购用户
137696,1,2017-11-27,1,6,低频沉睡用户
137699,2,2017-12-03,2,0,稳定复购用户
137707,1,2017-12-03,1,0,新购买用户
137711,4,2017-12-02,4,1,高频多品类用户
137712,6,2017-11-30,6,3,高频多品类用户
137719,2,2017-12-03,2,0,稳定复购用户
137720,1,2017-11-30,1,3,低频沉睡用户
137735,1,2017-11-29,1,4,低频沉睡用户
137736,1,2017-11-26,1,7,低频沉睡用户
137741,4,2017-12-02,4,1,高频多品类用户
137745,1,2017-12-03,1,0,新购买用户
137755,1,2017-12-01,1,2,低频沉睡用户
137756,7,2017-12-02,5,1,高频多品类用户
137765,3,2017-12-01,2,2,高频多品类用户
137766,1,2017-11-28,1,5,低频沉睡用户
137777,1,2017-12-03,1,0,新购买用户
137787,4,2017-12-02,4,1,高频多品类用户
137793,2,2017-12-03,2,0,稳定复购用户
137802,1,2017-11-29,1,4,低频沉睡用户
137810,3,2017-11-30,3,3,高频多品类用户
137817,9,2017-12-02,8,1,高频多品类用户
137820,3,2017-12-03,3,0,高频多品类用户
137822,2,2017-11-27,2,6,稳定复购用户
137824,3,2017-12-01,3,2,高频多品类用户
137828,1,2017-12-02,1,1,新购买用户
137842,4,2017-11-28,4,5,高频多品类用户
137849,1,2017-12-02,1,1,新购买用户
137850,4,2017-11-29,4,4,高频多品类用户
137851,3,2017-12-03,3,0,高频多品类用户
137873,1,2017-11-30,1,3,低频沉睡用户
137876,1,2017-11-29,1,4,低频沉睡用户
137878,3,2017-11-30,2,3,高频多品类用户
137880,4,2017-12-01,4,2,高频多品类用户
137883,2,2017-12-03,2,0,稳定复购用户
137886,1,2017-11-29,1,4,低频沉睡用户
137887,1,2017-12-03,1,0,新购买用户
137894,3,2017-12-02,3,1,高频多品类用户
137896,6,2017-12-01,4,2,高频多品类用户
137912,5,2017-12-02,5,1,高频多品类用户
137926,4,2017-11-29,2,4,高频多品类用户
137928,1,2017-11-28,1,5,低频沉睡用户
137930,4,2017-11-30,4,3,高频多品类用户
137931,3,2017-11-29,3,4,高频多品类用户
137935,2,2017-12-03,1,0,稳定复购用户
137964,3,2017-12-01,2,2,高频多品类用户
137970,3,2017-12-03,3,0,高频多品类用户
137972,4,2017-11-28,3,5,高频多品类用户
137973,6,2017-12-03,5,0,高频多品类用户
137975,1,2017-12-03,1,0,新购买用户
137986,1,2017-11-26,1,7,低频沉睡用户
137987,1,2017-12-02,1,1,新购买用户
137994,2,2017-11-30,2,3,稳定复购用户
138015,3,2017-12-01,3,2,高频多品类用户
138019,3,2017-11-28,3,5,高频多品类用户
138020,2,2017-11-30,2,3,稳定复购用户
138023,4,2017-11-27,3,6,高频多品类用户
138024,2,2017-11-30,2,3,稳定复购用户
138029,2,2017-12-03,2,0,稳定复购用户
138035,1,2017-12-03,1,0,新购买用户
138038,1,2017-12-02,1,1,新购买用户
138040,4,2017-11-28,3,5,高频多品类用户
138042,1,2017-12-02,1,1,新购买用户
138047,2,2017-11-25,1,8,稳定复购用户
138052,2,2017-12-03,2,0,稳定复购用户
138067,3,2017-12-02,3,1,高频多品类用户
138068,5,2017-11-29,4,4,高频多品类用户
138073,1,2017-11-25,1,8,低频沉睡用户
138081,3,2017-11-28,3,5,高频多品类用户
138087,4,2017-11-30,2,3,高频多品类用户
138088,5,2017-12-02,5,1,高频多品类用户
138097,8,2017-12-01,8,2,高频多品类用户
138100,1,2017-11-30,1,3,低频沉睡用户
138113,1,2017-11-30,1,3,低频沉睡用户
138118,1,2017-11-30,1,3,低频沉睡用户
138123,1,2017-12-01,1,2,低频沉睡用户
138130,2,2017-12-02,2,1,稳定复购用户
138139,4,2017-12-03,4,0,高频多品类用户
138147,4,2017-12-01,4,2,高频多品类用户
138148,2,2017-11-28,1,5,稳定复购用户
138152,3,2017-12-03,3,0,高频多品类用户
138165,4,2017-11-25,2,8,高频多品类用户
138167,19,2017-12-02,10,1,高频多品类用户
138171,9,2017-12-03,9,0,高频多品类用户
138174,1,2017-11-27,1,6,低频沉睡用户
138201,2,2017-12-02,2,1,稳定复购用户
138202,3,2017-12-03,3,0,高频多品类用户
138211,3,2017-11-29,2,4,高频多品类用户
138220,7,2017-12-02,4,1,高频多品类用户
138221,5,2017-12-02,3,1,高频多品类用户
138234,1,2017-11-29,1,4,低频沉睡用户
138244,12,2017-12-02,9,1,高频多品类用户
138245,10,2017-12-02,8,1,高频多品类用户
138250,2,2017-12-03,2,0,稳定复购用户
138254,2,2017-12-03,2,0,稳定复购用户
138262,1,2017-11-25,1,8,低频沉睡用户
138267,3,2017-11-27,3,6,高频多品类用户
138271,2,2017-12-01,2,2,稳定复购用户
138278,4,2017-12-01,3,2,高频多品类用户
138290,7,2017-12-03,7,0,高频多品类用户
138294,4,2017-11-29,4,4,高频多品类用户
138312,1,2017-12-01,1,2,低频沉睡用户
138319,11,2017-12-02,9,1,高频多品类用户
138323,2,2017-11-26,2,7,稳定复购用户
138329,1,2017-12-02,1,1,新购买用户
138331,3,2017-12-03,3,0,高频多品类用户
138367,1,2017-11-29,1,4,低频沉睡用户
138371,1,2017-11-26,1,7,低频沉睡用户
138378,2,2017-12-03,2,0,稳定复购用户
138384,2,2017-12-02,2,1,稳定复购用户
138392,1,2017-11-28,1,5,低频沉睡用户
138395,3,2017-12-03,3,0,高频多品类用户
138402,2,2017-11-30,2,3,稳定复购用户
138415,4,2017-11-28,3,5,高频多品类用户
138420,4,2017-12-02,4,1,高频多品类用户
138421,7,2017-11-30,5,3,高频多品类用户
138425,5,2017-12-02,4,1,高频多品类用户
138440,1,2017-11-30,1,3,低频沉睡用户
138443,1,2017-11-30,1,3,低频沉睡用户
138455,3,2017-12-02,3,1,高频多品类用户
138465,1,2017-12-02,1,1,新购买用户
138476,2,2017-12-03,2,0,稳定复购用户
138478,1,2017-12-02,1,1,新购买用户
138481,2,2017-12-02,2,1,稳定复购用户
138542,1,2017-11-28,1,5,低频沉睡用户
138543,1,2017-11-29,1,4,低频沉睡用户
138552,3,2017-12-01,2,2,高频多品类用户
138567,1,2017-11-27,1,6,低频沉睡用户
138568,1,2017-12-01,1,2,低频沉睡用户
138571,3,2017-11-29,3,4,高频多品类用户
138575,4,2017-12-03,4,0,高频多品类用户
138595,4,2017-11-27,4,6,高频多品类用户
138615,3,2017-11-27,3,6,高频多品类用户
138620,1,2017-11-30,1,3,低频沉睡用户
138623,1,2017-11-27,1,6,低频沉睡用户
138636,4,2017-11-30,1,3,稳定复购用户
138657,2,2017-11-26,2,7,稳定复购用户
138665,5,2017-12-02,4,1,高频多品类用户
138677,2,2017-12-02,2,1,稳定复购用户
138683,7,2017-12-03,5,0,高频多品类用户
138688,6,2017-12-03,6,0,高频多品类用户
138692,2,2017-11-28,2,5,稳定复购用户
138695,1,2017-11-30,1,3,低频沉睡用户
138707,1,2017-11-28,1,5,低频沉睡用户
138710,1,2017-12-01,1,2,低频沉睡用户
138714,5,2017-12-02,3,1,高频多品类用户
138715,4,2017-11-30,4,3,高频多品类用户
138721,1,2017-12-02,1,1,新购买用户
138726,2,2017-12-03,2,0,稳定复购用户
138727,1,2017-12-01,1,2,低频沉睡用户
138735,2,2017-12-03,2,0,稳定复购用户
138748,3,2017-11-30,2,3,高频多品类用户
138755,2,2017-12-01,2,2,稳定复购用户
138758,3,2017-11-30,3,3,高频多品类用户
138761,1,2017-11-26,1,7,低频沉睡用户
138765,2,2017-12-01,2,2,稳定复购用户
138774,1,2017-11-30,1,3,低频沉睡用户
138775,4,2017-12-02,2,1,高频多品类用户
138789,4,2017-11-25,2,8,高频多品类用户
138806,1,2017-11-27,1,6,低频沉睡用户
138810,2,2017-12-02,2,1,稳定复购用户
138812,2,2017-12-03,2,0,稳定复购用户
138813,2,2017-12-03,2,0,稳定复购用户
138818,3,2017-12-01,3,2,高频多品类用户
138819,2,2017-11-26,2,7,稳定复购用户
138842,2,2017-12-02,2,1,稳定复购用户
138862,1,2017-12-02,1,1,新购买用户
138867,1,2017-11-30,1,3,低频沉睡用户
138870,2,2017-12-03,2,0,稳定复购用户
138876,4,2017-11-30,4,3,高频多品类用户
138877,4,2017-12-03,4,0,高频多品类用户
138888,8,2017-12-01,7,2,高频多品类用户
138903,3,2017-12-03,2,0,高频多品类用户
138913,2,2017-12-03,2,0,稳定复购用户
138914,3,2017-12-03,3,0,高频多品类用户
138916,1,2017-12-03,1,0,新购买用户
138935,1,2017-11-29,1,4,低频沉睡用户
138950,1,2017-11-25,1,8,低频沉睡用户
138952,1,2017-12-02,1,1,新购买用户
138978,2,2017-12-03,2,0,稳定复购用户
138982,3,2017-12-02,2,1,高频多品类用户
139007,2,2017-12-03,1,0,稳定复购用户
139029,2,2017-12-02,1,1,稳定复购用户
139031,2,2017-12-03,1,0,稳定复购用户
139044,3,2017-11-30,2,3,高频多品类用户
139054,5,2017-12-03,4,0,高频多品类用户
139061,1,2017-11-26,1,7,低频沉睡用户
139063,1,2017-11-29,1,4,低频沉睡用户
139077,1,2017-11-26,1,7,低频沉睡用户
139079,2,2017-12-03,1,0,稳定复购用户
139094,2,2017-11-29,1,4,稳定复购用户
139105,2,2017-11-29,2,4,稳定复购用户
139110,3,2017-12-02,3,1,高频多品类用户
139119,1,2017-12-01,1,2,低频沉睡用户
139125,2,2017-11-28,2,5,稳定复购用户
139132,3,2017-12-03,2,0,高频多品类用户
139146,2,2017-12-03,2,0,稳定复购用户
139147,5,2017-12-02,5,1,高频多品类用户
139162,3,2017-12-03,3,0,高频多品类用户
139163,1,2017-11-25,1,8,低频沉睡用户
139191,3,2017-12-03,3,0,高频多品类用户
139193,1,2017-12-02,1,1,新购买用户
139194,2,2017-11-26,2,7,稳定复购用户
139197,9,2017-12-01,8,2,高频多品类用户
139201,3,2017-11-28,3,5,高频多品类用户
139207,2,2017-12-03,2,0,稳定复购用户
139215,1,2017-11-30,1,3,低频沉睡用户
139227,3,2017-12-03,3,0,高频多品类用户
139235,2,2017-11-30,2,3,稳定复购用户
139242,5,2017-12-02,4,1,高频多品类用户
139243,3,2017-12-03,3,0,高频多品类用户
139265,4,2017-12-03,4,0,高频多品类用户
139280,5,2017-11-30,4,3,高频多品类用户
139286,3,2017-12-02,3,1,高频多品类用户
139297,1,2017-11-29,1,4,低频沉睡用户
139302,1,2017-11-29,1,4,低频沉睡用户
139304,1,2017-12-02,1,1,新购买用户
139305,3,2017-12-02,2,1,高频多品类用户
139326,4,2017-11-30,4,3,高频多品类用户
139327,4,2017-12-01,4,2,高频多品类用户
139331,2,2017-12-01,2,2,稳定复购用户
139336,4,2017-12-03,4,0,高频多品类用户
139354,6,2017-12-02,5,1,高频多品类用户
139355,5,2017-11-26,5,7,高频多品类用户
139369,2,2017-12-03,2,0,稳定复购用户
139370,1,2017-11-27,1,6,低频沉睡用户
139383,1,2017-12-01,1,2,低频沉睡用户
139417,2,2017-12-02,2,1,稳定复购用户
139423,2,2017-12-03,2,0,稳定复购用户
139428,6,2017-12-01,5,2,高频多品类用户
139433,3,2017-12-03,2,0,高频多品类用户
139442,2,2017-12-01,1,2,稳定复购用户
139443,1,2017-11-25,1,8,低频沉睡用户
139444,1,2017-11-30,1,3,低频沉睡用户
139452,5,2017-11-30,4,3,高频多品类用户
139453,3,2017-12-03,2,0,高频多品类用户
139454,1,2017-11-28,1,5,低频沉睡用户
139476,3,2017-12-02,2,1,高频多品类用户
139484,1,2017-12-03,1,0,新购买用户
139488,2,2017-11-27,1,6,稳定复购用户
139491,1,2017-11-29,1,4,低频沉睡用户
139493,5,2017-12-02,5,1,高频多品类用户
139504,1,2017-12-01,1,2,低频沉睡用户
139505,3,2017-11-30,3,3,高频多品类用户
139508,2,2017-12-02,2,1,稳定复购用户
139519,6,2017-12-03,4,0,高频多品类用户
139531,4,2017-12-02,4,1,高频多品类用户
139536,1,2017-11-26,1,7,低频沉睡用户
139541,1,2017-11-30,1,3,低频沉睡用户
139546,3,2017-12-03,3,0,高频多品类用户
139554,4,2017-11-29,4,4,高频多品类用户
139560,3,2017-11-28,3,5,高频多品类用户
139563,1,2017-11-26,1,7,低频沉睡用户
139565,4,2017-11-30,3,3,高频多品类用户
139566,2,2017-12-03,2,0,稳定复购用户
139581,8,2017-12-03,7,0,高频多品类用户
139583,3,2017-12-01,2,2,高频多品类用户
139590,2,2017-12-03,2,0,稳定复购用户
139591,5,2017-12-03,2,0,高频多品类用户
139600,1,2017-12-01,1,2,低频沉睡用户
139605,1,2017-11-30,1,3,低频沉睡用户
139607,2,2017-11-30,2,3,稳定复购用户
139609,1,2017-12-02,1,1,新购买用户
139611,1,2017-11-30,1,3,低频沉睡用户
139625,6,2017-12-03,6,0,高频多品类用户
139632,1,2017-11-26,1,7,低频沉睡用户
139643,1,2017-12-02,1,1,新购买用户
139657,4,2017-12-03,3,0,高频多品类用户
139660,1,2017-11-28,1,5,低频沉睡用户
139662,2,2017-12-02,2,1,稳定复购用户
139667,1,2017-11-25,1,8,低频沉睡用户
139670,1,2017-12-02,1,1,新购买用户
139679,4,2017-12-01,4,2,高频多品类用户
139684,1,2017-11-26,1,7,低频沉睡用户
139688,1,2017-12-01,1,2,低频沉睡用户
139693,1,2017-11-29,1,4,低频沉睡用户
139716,1,2017-11-26,1,7,低频沉睡用户
139718,3,2017-12-03,3,0,高频多品类用户
139736,4,2017-12-02,4,1,高频多品类用户
139739,1,2017-11-26,1,7,低频沉睡用户
139740,8,2017-11-30,7,3,高频多品类用户
139744,1,2017-12-03,1,0,新购买用户
139770,2,2017-12-01,2,2,稳定复购用户
139772,9,2017-12-02,4,1,高频多品类用户
139796,4,2017-11-29,4,4,高频多品类用户
139816,1,2017-11-27,1,6,低频沉睡用户
139826,1,2017-11-29,1,4,低频沉睡用户
139828,4,2017-11-28,4,5,高频多品类用户
139831,2,2017-11-29,2,4,稳定复购用户
139832,1,2017-11-29,1,4,低频沉睡用户
139838,1,2017-12-01,1,2,低频沉睡用户
139845,2,2017-11-29,2,4,稳定复购用户
139850,2,2017-12-03,1,0,稳定复购用户
139851,2,2017-12-03,2,0,稳定复购用户
139864,12,2017-12-03,10,0,高频多品类用户
139876,3,2017-11-30,3,3,高频多品类用户
139877,1,2017-12-03,1,0,新购买用户
139882,4,2017-12-01,4,2,高频多品类用户
139892,1,2017-11-27,1,6,低频沉睡用户
139898,3,2017-11-30,2,3,高频多品类用户
139917,1,2017-11-29,1,4,低频沉睡用户
139939,2,2017-11-28,2,5,稳定复购用户
139943,2,2017-12-01,2,2,稳定复购用户
139946,3,2017-12-02,3,1,高频多品类用户
139953,3,2017-11-25,2,8,高频多品类用户
139959,3,2017-12-02,1,1,稳定复购用户
139973,1,2017-12-01,1,2,低频沉睡用户
139992,1,2017-12-03,1,0,新购买用户
140004,2,2017-11-26,2,7,稳定复购用户
140005,1,2017-12-01,1,2,低频沉睡用户
140010,2,2017-11-29,2,4,稳定复购用户
140014,2,2017-12-02,2,1,稳定复购用户
140019,1,2017-11-26,1,7,低频沉睡用户
140025,4,2017-12-01,4,2,高频多品类用户
140028,11,2017-12-03,4,0,高频多品类用户
140033,7,2017-11-29,4,4,高频多品类用户
140034,1,2017-11-29,1,4,低频沉睡用户
140041,3,2017-12-01,3,2,高频多品类用户
140042,2,2017-12-01,2,2,稳定复购用户
140046,6,2017-12-02,6,1,高频多品类用户
140047,47,2017-12-03,14,0,高频多品类用户
140050,3,2017-11-29,3,4,高频多品类用户
140059,1,2017-12-01,1,2,低频沉睡用户
140063,3,2017-11-29,2,4,高频多品类用户
140076,1,2017-11-26,1,7,低频沉睡用户
140082,5,2017-12-03,4,0,高频多品类用户
140085,2,2017-12-02,2,1,稳定复购用户
140087,1,2017-11-29,1,4,低频沉睡用户
140088,6,2017-12-02,3,1,高频多品类用户
140094,2,2017-12-03,2,0,稳定复购用户
140109,2,2017-12-03,2,0,稳定复购用户
140124,10,2017-12-02,9,1,高频多品类用户
140126,3,2017-11-26,3,7,高频多品类用户
140132,2,2017-12-03,1,0,稳定复购用户
140143,3,2017-12-03,2,0,高频多品类用户
140144,1,2017-11-30,1,3,低频沉睡用户
140145,2,2017-11-26,2,7,稳定复购用户
140189,4,2017-12-02,3,1,高频多品类用户
140200,3,2017-12-01,2,2,高频多品类用户
140228,2,2017-11-26,2,7,稳定复购用户
140231,1,2017-11-28,1,5,低频沉睡用户
140240,3,2017-11-29,1,4,稳定复购用户
140249,3,2017-12-01,2,2,高频多品类用户
140271,1,2017-12-01,1,2,低频沉睡用户
140272,2,2017-11-30,1,3,稳定复购用户
140273,1,2017-11-25,1,8,低频沉睡用户
140281,4,2017-12-03,4,0,高频多品类用户
140308,2,2017-11-30,2,3,稳定复购用户
140329,1,2017-11-27,1,6,低频沉睡用户
140332,1,2017-12-03,1,0,新购买用户
140333,3,2017-12-01,3,2,高频多品类用户
140336,1,2017-12-03,1,0,新购买用户
140344,4,2017-11-29,4,4,高频多品类用户
140345,2,2017-12-02,2,1,稳定复购用户
140354,6,2017-12-03,3,0,高频多品类用户
140369,3,2017-11-26,2,7,高频多品类用户
140371,1,2017-12-02,1,1,新购买用户
140376,1,2017-12-01,1,2,低频沉睡用户
140379,2,2017-11-30,2,3,稳定复购用户
140380,3,2017-12-03,1,0,稳定复购用户
140387,2,2017-11-26,2,7,稳定复购用户
140395,5,2017-12-01,4,2,高频多品类用户
140410,1,2017-12-02,1,1,新购买用户
140412,2,2017-11-30,2,3,稳定复购用户
140414,4,2017-12-03,4,0,高频多品类用户
140416,1,2017-11-30,1,3,低频沉睡用户
140417,2,2017-12-03,2,0,稳定复购用户
140419,2,2017-12-03,2,0,稳定复购用户
140422,1,2017-11-30,1,3,低频沉睡用户
140449,5,2017-11-29,5,4,高频多品类用户
140455,1,2017-11-29,1,4,低频沉睡用户
140461,2,2017-12-03,2,0,稳定复购用户
140471,6,2017-12-03,5,0,高频多品类用户
140476,12,2017-12-01,7,2,高频多品类用户
140489,11,2017-12-03,9,0,高频多品类用户
140492,2,2017-11-29,1,4,稳定复购用户
140495,1,2017-11-30,1,3,低频沉睡用户
140509,5,2017-12-01,5,2,高频多品类用户
140512,5,2017-12-01,5,2,高频多品类用户
140525,1,2017-11-28,1,5,低频沉睡用户
140541,3,2017-12-03,3,0,高频多品类用户
140553,4,2017-11-29,3,4,高频多品类用户
140562,2,2017-11-30,1,3,稳定复购用户
140564,1,2017-11-28,1,5,低频沉睡用户
140571,1,2017-12-01,1,2,低频沉睡用户
140576,4,2017-11-25,2,8,高频多品类用户
140585,2,2017-12-03,2,0,稳定复购用户
140590,1,2017-12-02,1,1,新购买用户
140596,2,2017-11-27,1,6,稳定复购用户
140603,1,2017-11-30,1,3,低频沉睡用户
140612,2,2017-12-03,2,0,稳定复购用户
140613,4,2017-12-01,3,2,高频多品类用户
140614,1,2017-11-25,1,8,低频沉睡用户
140615,2,2017-12-01,2,2,稳定复购用户
140634,2,2017-12-01,2,2,稳定复购用户
140635,2,2017-11-29,2,4,稳定复购用户
140638,1,2017-11-30,1,3,低频沉睡用户
140639,8,2017-11-30,5,3,高频多品类用户
140647,1,2017-11-30,1,3,低频沉睡用户
140651,7,2017-12-01,3,2,高频多品类用户
140656,5,2017-12-01,4,2,高频多品类用户
140657,1,2017-12-02,1,1,新购买用户
140658,4,2017-11-30,3,3,高频多品类用户
140696,1,2017-11-30,1,3,低频沉睡用户
140711,2,2017-11-29,2,4,稳定复购用户
140715,3,2017-12-03,3,0,高频多品类用户
140731,2,2017-12-02,2,1,稳定复购用户
140733,1,2017-11-26,1,7,低频沉睡用户
140737,6,2017-12-01,5,2,高频多品类用户
140743,1,2017-11-27,1,6,低频沉睡用户
140746,2,2017-12-02,2,1,稳定复购用户
140799,2,2017-11-27,2,6,稳定复购用户
140802,2,2017-12-03,2,0,稳定复购用户
140806,1,2017-12-01,1,2,低频沉睡用户
140808,4,2017-11-28,3,5,高频多品类用户
140837,2,2017-12-02,2,1,稳定复购用户
140844,1,2017-11-28,1,5,低频沉睡用户
140853,15,2017-11-26,14,7,高频多品类用户
140855,4,2017-12-03,4,0,高频多品类用户
140859,3,2017-12-02,2,1,高频多品类用户
140864,4,2017-12-01,3,2,高频多品类用户
140876,1,2017-11-29,1,4,低频沉睡用户
140897,2,2017-11-26,2,7,稳定复购用户
140906,1,2017-12-02,1,1,新购买用户
140913,1,2017-11-27,1,6,低频沉睡用户
140917,5,2017-12-03,4,0,高频多品类用户
140934,3,2017-12-03,2,0,高频多品类用户
140942,3,2017-12-03,3,0,高频多品类用户
140946,1,2017-11-27,1,6,低频沉睡用户
140951,7,2017-12-03,6,0,高频多品类用户
140963,3,2017-11-30,3,3,高频多品类用户
140966,2,2017-12-03,2,0,稳定复购用户
140972,1,2017-11-30,1,3,低频沉睡用户
140977,1,2017-12-03,1,0,新购买用户
140993,1,2017-11-26,1,7,低频沉睡用户
140994,2,2017-12-01,2,2,稳定复购用户
140998,4,2017-11-28,4,5,高频多品类用户
140999,3,2017-12-02,3,1,高频多品类用户
141000,2,2017-12-01,2,2,稳定复购用户
141012,4,2017-12-03,2,0,高频多品类用户
141022,2,2017-12-01,2,2,稳定复购用户
141026,1,2017-11-25,1,8,低频沉睡用户
141028,14,2017-12-02,11,1,高频多品类用户
141054,2,2017-12-03,2,0,稳定复购用户
141057,1,2017-11-29,1,4,低频沉睡用户
141059,3,2017-12-01,3,2,高频多品类用户
141060,11,2017-12-02,5,1,高频多品类用户
141062,6,2017-12-01,6,2,高频多品类用户
141075,8,2017-11-30,8,3,高频多品类用户
141082,5,2017-11-29,5,4,高频多品类用户
141092,2,2017-12-01,2,2,稳定复购用户
141095,2,2017-12-03,2,0,稳定复购用户
141108,1,2017-12-01,1,2,低频沉睡用户
141111,2,2017-11-30,2,3,稳定复购用户
141118,3,2017-12-01,3,2,高频多品类用户
141124,3,2017-12-01,3,2,高频多品类用户
141131,2,2017-11-27,1,6,稳定复购用户
141135,1,2017-11-27,1,6,低频沉睡用户
141136,1,2017-11-26,1,7,低频沉睡用户
141146,4,2017-12-02,3,1,高频多品类用户
141152,1,2017-11-27,1,6,低频沉睡用户
141153,3,2017-12-02,3,1,高频多品类用户
141154,3,2017-12-02,3,1,高频多品类用户
141162,2,2017-11-30,2,3,稳定复购用户
141174,3,2017-11-30,3,3,高频多品类用户
141198,2,2017-11-28,2,5,稳定复购用户
141208,1,2017-11-27,1,6,低频沉睡用户
141213,6,2017-12-03,4,0,高频多品类用户
141215,1,2017-11-25,1,8,低频沉睡用户
141220,6,2017-11-30,6,3,高频多品类用户
141235,5,2017-12-03,5,0,高频多品类用户
141245,1,2017-11-30,1,3,低频沉睡用户
141248,14,2017-11-30,13,3,高频多品类用户
141270,1,2017-11-26,1,7,低频沉睡用户
141292,1,2017-11-25,1,8,低频沉睡用户
141299,2,2017-11-26,1,7,稳定复购用户
141305,4,2017-12-03,3,0,高频多品类用户
141310,6,2017-12-02,4,1,高频多品类用户
141321,1,2017-11-26,1,7,低频沉睡用户
141322,7,2017-12-03,7,0,高频多品类用户
141328,1,2017-12-01,1,2,低频沉睡用户
141329,5,2017-12-01,5,2,高频多品类用户
141345,2,2017-12-03,2,0,稳定复购用户
141346,1,2017-11-29,1,4,低频沉睡用户
141350,1,2017-11-27,1,6,低频沉睡用户
141360,4,2017-11-30,4,3,高频多品类用户
141364,1,2017-12-02,1,1,新购买用户
141365,1,2017-12-01,1,2,低频沉睡用户
141366,7,2017-12-03,7,0,高频多品类用户
141372,1,2017-11-28,1,5,低频沉睡用户
141376,1,2017-11-28,1,5,低频沉睡用户
141379,3,2017-11-28,2,5,高频多品类用户
141380,3,2017-12-01,2,2,高频多品类用户
141391,5,2017-12-02,5,1,高频多品类用户
141403,4,2017-12-02,4,1,高频多品类用户
141404,4,2017-12-03,4,0,高频多品类用户
141416,5,2017-12-02,3,1,高频多品类用户
141417,5,2017-12-01,5,2,高频多品类用户
141421,2,2017-12-03,2,0,稳定复购用户
141428,1,2017-12-01,1,2,低频沉睡用户
141441,3,2017-11-28,3,5,高频多品类用户
141443,2,2017-11-28,1,5,稳定复购用户
141449,2,2017-11-30,2,3,稳定复购用户
141451,4,2017-12-01,4,2,高频多品类用户
141455,3,2017-12-02,3,1,高频多品类用户
141460,3,2017-12-03,3,0,高频多品类用户
141466,1,2017-12-02,1,1,新购买用户
141468,2,2017-11-27,2,6,稳定复购用户
141470,2,2017-11-28,2,5,稳定复购用户
141481,4,2017-12-03,2,0,高频多品类用户
141484,1,2017-12-03,1,0,新购买用户
141487,1,2017-12-03,1,0,新购买用户
141497,1,2017-11-27,1,6,低频沉睡用户
141509,5,2017-11-28,4,5,高频多品类用户
141510,10,2017-12-03,10,0,高频多品类用户
141514,2,2017-12-03,2,0,稳定复购用户
141518,1,2017-11-30,1,3,低频沉睡用户
141520,2,2017-11-30,2,3,稳定复购用户
141538,1,2017-12-03,1,0,新购买用户
141541,4,2017-12-02,3,1,高频多品类用户
141543,1,2017-11-30,1,3,低频沉睡用户
141550,7,2017-12-02,6,1,高频多品类用户
141577,5,2017-12-02,4,1,高频多品类用户
141578,2,2017-11-29,2,4,稳定复购用户
141584,2,2017-12-02,2,1,稳定复购用户
141602,7,2017-12-03,6,0,高频多品类用户
141606,3,2017-11-30,3,3,高频多品类用户
141608,3,2017-12-03,1,0,稳定复购用户
141609,1,2017-12-03,1,0,新购买用户
141613,1,2017-12-03,1,0,新购买用户
141618,8,2017-11-29,8,4,高频多品类用户
141633,1,2017-11-27,1,6,低频沉睡用户
141647,1,2017-11-27,1,6,低频沉睡用户
141649,4,2017-12-03,4,0,高频多品类用户
141651,1,2017-11-25,1,8,低频沉睡用户
141658,4,2017-12-02,3,1,高频多品类用户
141665,6,2017-12-03,5,0,高频多品类用户
141668,1,2017-11-30,1,3,低频沉睡用户
141679,4,2017-12-01,4,2,高频多品类用户
141706,3,2017-11-30,3,3,高频多品类用户
141711,3,2017-11-29,3,4,高频多品类用户
141712,1,2017-12-03,1,0,新购买用户
141714,4,2017-12-03,3,0,高频多品类用户
141716,1,2017-11-29,1,4,低频沉睡用户
141733,7,2017-12-03,5,0,高频多品类用户
141734,1,2017-11-26,1,7,低频沉睡用户
141736,3,2017-11-30,3,3,高频多品类用户
141738,2,2017-11-28,2,5,稳定复购用户
141766,7,2017-12-01,7,2,高频多品类用户
141778,3,2017-12-02,3,1,高频多品类用户
141779,5,2017-12-03,3,0,高频多品类用户
141783,10,2017-11-30,6,3,高频多品类用户
141801,3,2017-12-02,2,1,高频多品类用户
141804,3,2017-12-02,3,1,高频多品类用户
141810,10,2017-12-03,9,0,高频多品类用户
141814,1,2017-11-30,1,3,低频沉睡用户
141815,1,2017-12-03,1,0,新购买用户
141825,2,2017-12-03,2,0,稳定复购用户
141828,2,2017-12-02,2,1,稳定复购用户
141844,3,2017-12-01,3,2,高频多品类用户
141851,1,2017-11-29,1,4,低频沉睡用户
141858,3,2017-11-25,3,8,高频多品类用户
141864,3,2017-11-29,3,4,高频多品类用户
141875,5,2017-12-02,4,1,高频多品类用户
141885,2,2017-12-01,2,2,稳定复购用户
141893,1,2017-11-30,1,3,低频沉睡用户
141906,3,2017-11-28,3,5,高频多品类用户
141914,2,2017-12-03,2,0,稳定复购用户
141928,2,2017-11-28,2,5,稳定复购用户
141937,1,2017-11-30,1,3,低频沉睡用户
141943,4,2017-12-01,2,2,高频多品类用户
141948,5,2017-12-02,5,1,高频多品类用户
141967,3,2017-11-29,3,4,高频多品类用户
141998,9,2017-12-02,7,1,高频多品类用户
142008,3,2017-11-29,3,4,高频多品类用户
142009,4,2017-12-02,4,1,高频多品类用户
142015,2,2017-12-02,2,1,稳定复购用户
142016,2,2017-11-30,2,3,稳定复购用户
142019,3,2017-12-03,3,0,高频多品类用户
142020,5,2017-12-03,4,0,高频多品类用户
142022,1,2017-12-02,1,1,新购买用户
142026,1,2017-11-26,1,7,低频沉睡用户
142037,2,2017-12-02,2,1,稳定复购用户
142042,1,2017-12-02,1,1,新购买用户
142046,1,2017-12-02,1,1,新购买用户
142050,2,2017-12-03,2,0,稳定复购用户
142057,4,2017-11-30,3,3,高频多品类用户
142065,2,2017-12-02,2,1,稳定复购用户
142071,4,2017-11-30,2,3,高频多品类用户
142081,4,2017-12-02,4,1,高频多品类用户
142092,6,2017-12-02,6,1,高频多品类用户
142095,2,2017-11-26,1,7,稳定复购用户
142096,2,2017-11-27,2,6,稳定复购用户
142107,3,2017-12-03,3,0,高频多品类用户
142109,5,2017-12-03,5,0,高频多品类用户
142115,11,2017-12-03,7,0,高频多品类用户
142120,2,2017-11-27,2,6,稳定复购用户
142126,5,2017-12-03,5,0,高频多品类用户
142128,2,2017-12-03,2,0,稳定复购用户
142140,3,2017-12-01,3,2,高频多品类用户
142141,2,2017-11-30,2,3,稳定复购用户
142147,2,2017-12-01,2,2,稳定复购用户
142159,1,2017-11-30,1,3,低频沉睡用户
142163,3,2017-12-03,3,0,高频多品类用户
142168,3,2017-12-03,3,0,高频多品类用户
142173,1,2017-12-02,1,1,新购买用户
142174,3,2017-12-01,3,2,高频多品类用户
142188,2,2017-12-03,2,0,稳定复购用户
142198,5,2017-11-27,4,6,高频多品类用户
142203,1,2017-11-27,1,6,低频沉睡用户
142206,8,2017-12-03,7,0,高频多品类用户
142213,2,2017-11-27,2,6,稳定复购用户
142229,4,2017-12-03,4,0,高频多品类用户
142236,4,2017-12-03,4,0,高频多品类用户
142255,4,2017-11-30,3,3,高频多品类用户
142259,7,2017-12-02,7,1,高频多品类用户
142262,8,2017-12-02,7,1,高频多品类用户
142263,6,2017-12-02,5,1,高频多品类用户
142266,1,2017-11-30,1,3,低频沉睡用户
142283,1,2017-12-03,1,0,新购买用户
142295,2,2017-11-27,2,6,稳定复购用户
142322,2,2017-11-30,2,3,稳定复购用户
142336,2,2017-12-03,2,0,稳定复购用户
142346,1,2017-12-02,1,1,新购买用户
142347,2,2017-12-01,2,2,稳定复购用户
142353,1,2017-11-25,1,8,低频沉睡用户
142354,1,2017-11-28,1,5,低频沉睡用户
142357,4,2017-12-03,4,0,高频多品类用户
142363,1,2017-11-27,1,6,低频沉睡用户
142366,1,2017-12-02,1,1,新购买用户
142373,2,2017-12-03,2,0,稳定复购用户
142391,1,2017-11-28,1,5,低频沉睡用户
142393,1,2017-11-29,1,4,低频沉睡用户
142394,2,2017-12-03,2,0,稳定复购用户
142399,1,2017-11-25,1,8,低频沉睡用户
142403,2,2017-11-29,2,4,稳定复购用户
142407,1,2017-11-28,1,5,低频沉睡用户
142413,2,2017-11-27,2,6,稳定复购用户
142430,1,2017-12-02,1,1,新购买用户
142436,1,2017-11-27,1,6,低频沉睡用户
142448,1,2017-11-30,1,3,低频沉睡用户
142452,4,2017-12-03,4,0,高频多品类用户
142458,7,2017-11-30,6,3,高频多品类用户
142461,8,2017-12-03,7,0,高频多品类用户
142488,1,2017-11-29,1,4,低频沉睡用户
142489,2,2017-11-26,2,7,稳定复购用户
142515,4,2017-12-01,4,2,高频多品类用户
142516,5,2017-12-03,5,0,高频多品类用户
142524,3,2017-11-29,3,4,高频多品类用户
142537,2,2017-12-02,2,1,稳定复购用户
142539,3,2017-12-03,3,0,高频多品类用户
142559,1,2017-11-30,1,3,低频沉睡用户
142562,1,2017-11-29,1,4,低频沉睡用户
142576,3,2017-12-03,3,0,高频多品类用户
142579,1,2017-11-28,1,5,低频沉睡用户
142595,1,2017-11-25,1,8,低频沉睡用户
142598,1,2017-12-02,1,1,新购买用户
142601,1,2017-12-02,1,1,新购买用户
142615,2,2017-12-02,2,1,稳定复购用户
142625,4,2017-12-03,4,0,高频多品类用户
142629,4,2017-12-02,2,1,高频多品类用户
142660,1,2017-11-28,1,5,低频沉睡用户
142664,4,2017-12-02,4,1,高频多品类用户
142669,6,2017-12-03,6,0,高频多品类用户
142682,3,2017-12-02,2,1,高频多品类用户
142699,5,2017-12-02,4,1,高频多品类用户
142704,5,2017-12-03,5,0,高频多品类用户
142719,2,2017-12-02,2,1,稳定复购用户
142752,1,2017-11-26,1,7,低频沉睡用户
142757,1,2017-12-01,1,2,低频沉睡用户
142764,4,2017-12-03,3,0,高频多品类用户
142769,4,2017-11-29,4,4,高频多品类用户
142779,1,2017-11-28,1,5,低频沉睡用户
142784,2,2017-12-03,2,0,稳定复购用户
142796,2,2017-11-26,2,7,稳定复购用户
142803,3,2017-11-30,3,3,高频多品类用户
142816,7,2017-12-03,3,0,高频多品类用户
142826,1,2017-12-03,1,0,新购买用户
142834,2,2017-11-26,2,7,稳定复购用户
142842,2,2017-11-29,2,4,稳定复购用户
142844,3,2017-12-03,2,0,高频多品类用户
142849,1,2017-11-27,1,6,低频沉睡用户
142862,2,2017-11-30,2,3,稳定复购用户
142864,1,2017-11-30,1,3,低频沉睡用户
142872,5,2017-12-03,4,0,高频多品类用户
142881,5,2017-12-01,4,2,高频多品类用户
142896,1,2017-11-30,1,3,低频沉睡用户
142910,1,2017-12-01,1,2,低频沉睡用户
142911,3,2017-11-30,3,3,高频多品类用户
142922,23,2017-12-03,16,0,高频多品类用户
142937,1,2017-11-30,1,3,低频沉睡用户
142938,10,2017-12-03,10,0,高频多品类用户
142940,2,2017-12-02,2,1,稳定复购用户
142946,2,2017-11-30,2,3,稳定复购用户
142949,3,2017-11-25,1,8,稳定复购用户
142964,6,2017-12-03,5,0,高频多品类用户
142967,1,2017-11-30,1,3,低频沉睡用户
142973,2,2017-12-02,1,1,稳定复购用户
142981,2,2017-12-02,2,1,稳定复购用户
142992,2,2017-12-02,2,1,稳定复购用户
142994,1,2017-11-29,1,4,低频沉睡用户
143006,2,2017-12-03,2,0,稳定复购用户
143011,1,2017-12-03,1,0,新购买用户
143014,2,2017-11-30,2,3,稳定复购用户
143017,8,2017-12-03,7,0,高频多品类用户
143031,2,2017-12-03,1,0,稳定复购用户
143032,3,2017-12-01,3,2,高频多品类用户
143036,2,2017-12-01,2,2,稳定复购用户
143039,7,2017-12-03,6,0,高频多品类用户
143050,2,2017-12-02,2,1,稳定复购用户
143052,1,2017-11-30,1,3,低频沉睡用户
143055,1,2017-11-27,1,6,低频沉睡用户
143057,7,2017-12-02,6,1,高频多品类用户
143060,4,2017-11-30,4,3,高频多品类用户
143065,3,2017-12-03,2,0,高频多品类用户
143084,3,2017-12-03,3,0,高频多品类用户
143102,2,2017-12-02,2,1,稳定复购用户
143109,2,2017-11-29,2,4,稳定复购用户
143116,2,2017-12-03,1,0,稳定复购用户
143120,2,2017-11-27,2,6,稳定复购用户
143123,3,2017-11-30,3,3,高频多品类用户
143125,2,2017-12-03,2,0,稳定复购用户
143126,6,2017-12-01,6,2,高频多品类用户
143145,4,2017-11-30,3,3,高频多品类用户
143146,7,2017-12-01,6,2,高频多品类用户
143147,3,2017-12-01,3,2,高频多品类用户
143150,3,2017-11-30,2,3,高频多品类用户
143166,3,2017-12-02,3,1,高频多品类用户
143169,2,2017-12-02,2,1,稳定复购用户
143171,1,2017-11-27,1,6,低频沉睡用户
143188,2,2017-11-29,2,4,稳定复购用户
143194,3,2017-12-01,3,2,高频多品类用户
143196,2,2017-11-27,2,6,稳定复购用户
143205,1,2017-11-30,1,3,低频沉睡用户
143206,1,2017-11-29,1,4,低频沉睡用户
143211,14,2017-12-03,11,0,高频多品类用户
143213,2,2017-12-03,2,0,稳定复购用户
143214,2,2017-11-30,2,3,稳定复购用户
143216,5,2017-12-02,5,1,高频多品类用户
143219,3,2017-11-26,3,7,高频多品类用户
143224,1,2017-11-28,1,5,低频沉睡用户
143226,1,2017-11-26,1,7,低频沉睡用户
143239,4,2017-12-01,2,2,高频多品类用户
143245,2,2017-11-30,2,3,稳定复购用户
143246,1,2017-12-02,1,1,新购买用户
143250,3,2017-12-03,3,0,高频多品类用户
143258,5,2017-11-29,4,4,高频多品类用户
143263,1,2017-12-02,1,1,新购买用户
143268,3,2017-12-02,3,1,高频多品类用户
143269,11,2017-11-30,8,3,高频多品类用户
143278,3,2017-11-28,3,5,高频多品类用户
143283,2,2017-12-01,2,2,稳定复购用户
143293,3,2017-12-03,3,0,高频多品类用户
143299,6,2017-12-03,6,0,高频多品类用户
143303,5,2017-11-29,3,4,高频多品类用户
143306,25,2017-12-02,20,1,高频多品类用户
143323,4,2017-12-03,4,0,高频多品类用户
143346,3,2017-11-26,3,7,高频多品类用户
143360,2,2017-12-02,2,1,稳定复购用户
143368,1,2017-12-01,1,2,低频沉睡用户
143372,1,2017-11-30,1,3,低频沉睡用户
143378,3,2017-11-25,2,8,高频多品类用户
143392,5,2017-12-02,5,1,高频多品类用户
143394,2,2017-12-03,2,0,稳定复购用户
143398,3,2017-11-29,2,4,高频多品类用户
143402,6,2017-12-02,5,1,高频多品类用户
143405,2,2017-12-03,2,0,稳定复购用户
143416,2,2017-12-02,2,1,稳定复购用户
143430,2,2017-12-03,2,0,稳定复购用户
143440,1,2017-11-26,1,7,低频沉睡用户
143441,1,2017-12-02,1,1,新购买用户
143442,1,2017-12-02,1,1,新购买用户
143459,1,2017-11-28,1,5,低频沉睡用户
143480,4,2017-11-29,4,4,高频多品类用户
143482,1,2017-11-30,1,3,低频沉睡用户
143484,1,2017-12-02,1,1,新购买用户
143487,1,2017-11-28,1,5,低频沉睡用户
143490,2,2017-12-03,2,0,稳定复购用户
143499,3,2017-12-02,3,1,高频多品类用户
143515,1,2017-11-28,1,5,低频沉睡用户
143522,1,2017-12-03,1,0,新购买用户
143530,2,2017-11-26,2,7,稳定复购用户
143531,3,2017-12-01,2,2,高频多品类用户
143533,2,2017-11-26,2,7,稳定复购用户
143535,1,2017-12-03,1,0,新购买用户
143537,10,2017-12-03,5,0,高频多品类用户
143548,6,2017-12-02,6,1,高频多品类用户
143549,1,2017-12-01,1,2,低频沉睡用户
143557,1,2017-11-26,1,7,低频沉睡用户
143570,1,2017-12-02,1,1,新购买用户
143590,2,2017-11-28,1,5,稳定复购用户
143598,1,2017-11-25,1,8,低频沉睡用户
143600,4,2017-12-03,4,0,高频多品类用户
143613,2,2017-11-28,2,5,稳定复购用户
143628,2,2017-12-03,2,0,稳定复购用户
143634,2,2017-11-29,2,4,稳定复购用户
143639,1,2017-11-25,1,8,低频沉睡用户
143645,2,2017-12-02,2,1,稳定复购用户
143648,2,2017-12-02,2,1,稳定复购用户
143654,2,2017-12-01,2,2,稳定复购用户
143662,21,2017-11-30,16,3,高频多品类用户
143670,3,2017-11-27,3,6,高频多品类用户
143671,2,2017-12-02,2,1,稳定复购用户
143672,1,2017-11-26,1,7,低频沉睡用户
143676,1,2017-11-26,1,7,低频沉睡用户
143693,2,2017-11-30,1,3,稳定复购用户
143707,7,2017-12-01,6,2,高频多品类用户
143722,1,2017-11-25,1,8,低频沉睡用户
143732,4,2017-12-03,4,0,高频多品类用户
143735,5,2017-12-02,4,1,高频多品类用户
143741,2,2017-12-03,2,0,稳定复购用户
143745,1,2017-11-29,1,4,低频沉睡用户
143748,1,2017-11-25,1,8,低频沉睡用户
143754,3,2017-12-02,3,1,高频多品类用户
143762,2,2017-12-03,2,0,稳定复购用户
143765,3,2017-12-03,3,0,高频多品类用户
143773,4,2017-12-01,3,2,高频多品类用户
143782,1,2017-11-26,1,7,低频沉睡用户
143793,1,2017-12-01,1,2,低频沉睡用户
143805,6,2017-12-01,5,2,高频多品类用户
143809,2,2017-12-02,2,1,稳定复购用户
143815,2,2017-12-03,2,0,稳定复购用户
143824,1,2017-11-28,1,5,低频沉睡用户
143841,5,2017-11-28,5,5,高频多品类用户
143852,3,2017-12-02,2,1,高频多品类用户
143861,10,2017-12-03,8,0,高频多品类用户
143883,4,2017-12-02,3,1,高频多品类用户
143889,1,2017-12-03,1,0,新购买用户
143902,1,2017-12-03,1,0,新购买用户
143904,2,2017-12-02,2,1,稳定复购用户
143913,1,2017-12-02,1,1,新购买用户
143934,1,2017-11-25,1,8,低频沉睡用户
143947,1,2017-11-28,1,5,低频沉睡用户
143953,1,2017-12-03,1,0,新购买用户
143970,5,2017-12-02,4,1,高频多品类用户
143989,2,2017-11-26,2,7,稳定复购用户
144007,8,2017-12-02,6,1,高频多品类用户
144017,13,2017-12-03,12,0,高频多品类用户
144018,1,2017-11-28,1,5,低频沉睡用户
144022,5,2017-12-03,5,0,高频多品类用户
144030,1,2017-11-28,1,5,低频沉睡用户
144033,1,2017-11-30,1,3,低频沉睡用户
144048,2,2017-12-01,1,2,稳定复购用户
144055,1,2017-11-29,1,4,低频沉睡用户
144067,1,2017-11-29,1,4,低频沉睡用户
144073,3,2017-12-03,3,0,高频多品类用户
144079,1,2017-12-01,1,2,低频沉睡用户
144083,1,2017-12-03,1,0,新购买用户
144084,2,2017-12-03,2,0,稳定复购用户
144090,1,2017-11-30,1,3,低频沉睡用户
144091,1,2017-11-28,1,5,低频沉睡用户
144099,4,2017-12-02,3,1,高频多品类用户
144104,2,2017-11-25,2,8,稳定复购用户
144114,8,2017-12-03,4,0,高频多品类用户
144116,2,2017-12-03,2,0,稳定复购用户
144119,1,2017-11-30,1,3,低频沉睡用户
144124,5,2017-11-27,3,6,高频多品类用户
144140,7,2017-12-02,7,1,高频多品类用户
144147,1,2017-11-27,1,6,低频沉睡用户
144150,3,2017-12-01,3,2,高频多品类用户
144152,2,2017-12-03,2,0,稳定复购用户
144157,2,2017-12-02,2,1,稳定复购用户
144160,1,2017-12-01,1,2,低频沉睡用户
144179,3,2017-12-02,3,1,高频多品类用户
144189,2,2017-11-29,2,4,稳定复购用户
144190,2,2017-11-26,2,7,稳定复购用户
144193,1,2017-11-25,1,8,低频沉睡用户
144195,3,2017-12-03,3,0,高频多品类用户
144207,9,2017-12-03,7,0,高频多品类用户
144209,1,2017-12-01,1,2,低频沉睡用户
144213,1,2017-12-01,1,2,低频沉睡用户
144214,1,2017-11-26,1,7,低频沉睡用户
144221,5,2017-11-29,5,4,高频多品类用户
144231,5,2017-12-01,4,2,高频多品类用户
144235,2,2017-11-30,2,3,稳定复购用户
144240,11,2017-12-03,9,0,高频多品类用户
144253,2,2017-12-02,2,1,稳定复购用户
144267,6,2017-12-03,6,0,高频多品类用户
144274,3,2017-12-03,2,0,高频多品类用户
144280,5,2017-12-02,4,1,高频多品类用户
144288,9,2017-11-27,7,6,高频多品类用户
144298,1,2017-11-25,1,8,低频沉睡用户
144321,3,2017-11-30,3,3,高频多品类用户
144330,1,2017-11-25,1,8,低频沉睡用户
144342,1,2017-12-03,1,0,新购买用户
144350,1,2017-11-29,1,4,低频沉睡用户
144355,9,2017-12-03,8,0,高频多品类用户
144356,29,2017-12-03,25,0,高频多品类用户
144358,2,2017-12-02,2,1,稳定复购用户
144372,1,2017-12-03,1,0,新购买用户
144373,7,2017-12-01,5,2,高频多品类用户
144377,1,2017-11-25,1,8,低频沉睡用户
144393,2,2017-12-01,2,2,稳定复购用户
144403,1,2017-11-25,1,8,低频沉睡用户
144408,1,2017-11-25,1,8,低频沉睡用户
144419,4,2017-12-03,4,0,高频多品类用户
144421,4,2017-12-02,3,1,高频多品类用户
144424,3,2017-12-03,2,0,高频多品类用户
144430,2,2017-11-27,2,6,稳定复购用户
144446,1,2017-12-03,1,0,新购买用户
144464,3,2017-12-03,3,0,高频多品类用户
144465,4,2017-11-28,4,5,高频多品类用户
144472,2,2017-11-28,2,5,稳定复购用户
144473,3,2017-12-01,3,2,高频多品类用户
144488,6,2017-12-01,4,2,高频多品类用户
144494,3,2017-12-03,3,0,高频多品类用户
144503,4,2017-11-30,3,3,高频多品类用户
144504,1,2017-12-02,1,1,新购买用户
144521,5,2017-11-29,5,4,高频多品类用户
144525,2,2017-12-02,1,1,稳定复购用户
144530,2,2017-11-30,2,3,稳定复购用户
144544,1,2017-12-03,1,0,新购买用户
144550,2,2017-12-02,2,1,稳定复购用户
144553,2,2017-12-03,2,0,稳定复购用户
144564,2,2017-12-03,2,0,稳定复购用户
144568,1,2017-12-02,1,1,新购买用户
144584,6,2017-12-03,4,0,高频多品类用户
144590,5,2017-12-02,5,1,高频多品类用户
144624,3,2017-12-02,3,1,高频多品类用户
144636,2,2017-11-27,1,6,稳定复购用户
144637,2,2017-12-03,2,0,稳定复购用户
144641,2,2017-12-03,2,0,稳定复购用户
144643,5,2017-12-01,4,2,高频多品类用户
144651,1,2017-12-03,1,0,新购买用户
144664,1,2017-11-30,1,3,低频沉睡用户
144672,1,2017-12-01,1,2,低频沉睡用户
144679,1,2017-12-03,1,0,新购买用户
144689,1,2017-11-26,1,7,低频沉睡用户
144690,1,2017-11-25,1,8,低频沉睡用户
144703,5,2017-12-02,5,1,高频多品类用户
144707,1,2017-12-01,1,2,低频沉睡用户
144714,2,2017-12-03,2,0,稳定复购用户
144716,3,2017-12-02,3,1,高频多品类用户
144722,1,2017-12-03,1,0,新购买用户
144723,8,2017-12-01,8,2,高频多品类用户
144741,4,2017-11-28,3,5,高频多品类用户
144743,1,2017-11-29,1,4,低频沉睡用户
144745,5,2017-12-03,5,0,高频多品类用户
144751,5,2017-12-01,5,2,高频多品类用户
144759,2,2017-12-03,2,0,稳定复购用户
144763,1,2017-11-25,1,8,低频沉睡用户
144785,1,2017-11-27,1,6,低频沉睡用户
144786,2,2017-11-30,2,3,稳定复购用户
144803,3,2017-12-01,3,2,高频多品类用户
144817,2,2017-11-29,2,4,稳定复购用户
144818,4,2017-12-03,4,0,高频多品类用户
144820,4,2017-12-03,4,0,高频多品类用户
144821,2,2017-12-02,2,1,稳定复购用户
144844,6,2017-12-02,5,1,高频多品类用户
144867,2,2017-12-03,2,0,稳定复购用户
144869,1,2017-12-01,1,2,低频沉睡用户
144871,5,2017-12-03,3,0,高频多品类用户
144883,3,2017-12-03,3,0,高频多品类用户
144923,10,2017-12-03,3,0,高频多品类用户
144939,3,2017-11-29,2,4,高频多品类用户
144946,1,2017-11-25,1,8,低频沉睡用户
144953,5,2017-12-03,5,0,高频多品类用户
144979,2,2017-11-27,2,6,稳定复购用户
144987,1,2017-11-28,1,5,低频沉睡用户
145006,1,2017-11-25,1,8,低频沉睡用户
145008,1,2017-11-30,1,3,低频沉睡用户
145009,1,2017-11-27,1,6,低频沉睡用户
145016,3,2017-12-03,3,0,高频多品类用户
145018,2,2017-12-01,2,2,稳定复购用户
145028,1,2017-11-30,1,3,低频沉睡用户
145030,2,2017-12-01,2,2,稳定复购用户
145033,2,2017-12-01,2,2,稳定复购用户
145050,6,2017-12-01,2,2,高频多品类用户
145052,3,2017-12-03,2,0,高频多品类用户
145071,3,2017-12-02,2,1,高频多品类用户
145072,1,2017-11-28,1,5,低频沉睡用户
145091,1,2017-11-28,1,5,低频沉睡用户
145094,1,2017-11-25,1,8,低频沉睡用户
145105,7,2017-11-29,7,4,高频多品类用户
145107,2,2017-12-02,2,1,稳定复购用户
145108,6,2017-12-03,6,0,高频多品类用户
145126,3,2017-12-03,3,0,高频多品类用户
145130,1,2017-11-29,1,4,低频沉睡用户
145134,36,2017-12-03,31,0,高频多品类用户
145142,1,2017-11-25,1,8,低频沉睡用户
145149,5,2017-12-03,5,0,高频多品类用户
145158,9,2017-11-30,9,3,高频多品类用户
145174,1,2017-11-25,1,8,低频沉睡用户
145179,4,2017-12-03,3,0,高频多品类用户
145184,4,2017-12-02,4,1,高频多品类用户
145188,3,2017-12-03,2,0,高频多品类用户
145192,4,2017-12-03,4,0,高频多品类用户
145211,2,2017-12-03,2,0,稳定复购用户
145222,5,2017-11-29,4,4,高频多品类用户
145238,3,2017-11-26,3,7,高频多品类用户
145241,4,2017-12-02,2,1,高频多品类用户
145264,1,2017-11-30,1,3,低频沉睡用户
145268,7,2017-12-01,3,2,高频多品类用户
145271,16,2017-12-03,14,0,高频多品类用户
145272,17,2017-12-03,3,0,高频多品类用户
145281,2,2017-12-03,2,0,稳定复购用户
145298,6,2017-11-30,5,3,高频多品类用户
145303,1,2017-11-25,1,8,低频沉睡用户
145304,3,2017-12-02,3,1,高频多品类用户
145314,1,2017-11-27,1,6,低频沉睡用户
145320,4,2017-12-03,4,0,高频多品类用户
145323,1,2017-11-30,1,3,低频沉睡用户
145344,5,2017-12-01,5,2,高频多品类用户
145358,4,2017-12-01,4,2,高频多品类用户
145373,1,2017-11-30,1,3,低频沉睡用户
145374,3,2017-12-03,3,0,高频多品类用户
145384,1,2017-11-30,1,3,低频沉睡用户
145390,1,2017-11-27,1,6,低频沉睡用户
145391,4,2017-12-02,4,1,高频多品类用户
145392,1,2017-11-30,1,3,低频沉睡用户
145417,4,2017-11-29,4,4,高频多品类用户
145426,2,2017-12-03,2,0,稳定复购用户
145429,1,2017-12-02,1,1,新购买用户
145441,8,2017-12-02,7,1,高频多品类用户
145452,3,2017-12-03,3,0,高频多品类用户
145459,2,2017-12-02,2,1,稳定复购用户
145470,3,2017-11-28,3,5,高频多品类用户
145471,5,2017-12-03,5,0,高频多品类用户
145472,4,2017-11-30,4,3,高频多品类用户
145481,1,2017-11-27,1,6,低频沉睡用户
145492,3,2017-11-30,3,3,高频多品类用户
145501,1,2017-11-28,1,5,低频沉睡用户
145512,1,2017-11-25,1,8,低频沉睡用户
145537,2,2017-12-01,2,2,稳定复购用户
145550,3,2017-12-03,3,0,高频多品类用户
145557,6,2017-12-01,5,2,高频多品类用户
145567,3,2017-12-03,3,0,高频多品类用户
145579,3,2017-11-29,3,4,高频多品类用户
145589,1,2017-12-03,1,0,新购买用户
145603,1,2017-11-27,1,6,低频沉睡用户
145606,2,2017-11-29,2,4,稳定复购用户
145609,2,2017-11-29,2,4,稳定复购用户
145611,3,2017-12-03,3,0,高频多品类用户
145612,8,2017-12-03,6,0,高频多品类用户
145617,2,2017-12-02,2,1,稳定复购用户
145618,3,2017-12-03,3,0,高频多品类用户
145628,2,2017-11-29,1,4,稳定复购用户
145635,3,2017-12-02,3,1,高频多品类用户
145639,1,2017-11-28,1,5,低频沉睡用户
145653,1,2017-12-03,1,0,新购买用户
145654,4,2017-12-02,4,1,高频多品类用户
145670,1,2017-11-28,1,5,低频沉睡用户
145682,5,2017-12-02,4,1,高频多品类用户
145690,1,2017-11-29,1,4,低频沉睡用户
145699,1,2017-11-29,1,4,低频沉睡用户
145707,1,2017-12-02,1,1,新购买用户
145739,3,2017-11-29,3,4,高频多品类用户
145742,2,2017-12-02,2,1,稳定复购用户
145773,3,2017-12-03,3,0,高频多品类用户
145777,1,2017-11-28,1,5,低频沉睡用户
145786,5,2017-11-29,4,4,高频多品类用户
145787,4,2017-12-02,4,1,高频多品类用户
145793,2,2017-11-30,1,3,稳定复购用户
145794,2,2017-11-26,2,7,稳定复购用户
145816,3,2017-12-03,3,0,高频多品类用户
145820,4,2017-11-30,2,3,高频多品类用户
145826,4,2017-11-28,4,5,高频多品类用户
145827,2,2017-12-02,2,1,稳定复购用户
145828,1,2017-11-26,1,7,低频沉睡用户
145831,5,2017-12-03,4,0,高频多品类用户
145832,1,2017-12-02,1,1,新购买用户
145835,3,2017-11-29,3,4,高频多品类用户
145836,1,2017-11-26,1,7,低频沉睡用户
145839,1,2017-11-29,1,4,低频沉睡用户
145845,3,2017-12-01,3,2,高频多品类用户
145851,6,2017-11-30,5,3,高频多品类用户
145864,1,2017-12-02,1,1,新购买用户
145865,3,2017-11-27,2,6,高频多品类用户
145866,1,2017-12-03,1,0,新购买用户
145869,1,2017-11-26,1,7,低频沉睡用户
145879,9,2017-12-02,8,1,高频多品类用户
145884,3,2017-12-02,2,1,高频多品类用户
145907,1,2017-12-01,1,2,低频沉睡用户
145908,2,2017-11-26,1,7,稳定复购用户
145910,2,2017-11-30,2,3,稳定复购用户
145927,1,2017-12-03,1,0,新购买用户
145941,6,2017-12-03,6,0,高频多品类用户
145943,1,2017-11-29,1,4,低频沉睡用户
145946,3,2017-12-02,3,1,高频多品类用户
145955,2,2017-11-30,2,3,稳定复购用户
145959,4,2017-11-30,3,3,高频多品类用户
145960,1,2017-11-26,1,7,低频沉睡用户
145980,4,2017-11-28,3,5,高频多品类用户
145987,2,2017-11-30,2,3,稳定复购用户
145989,3,2017-12-03,2,0,高频多品类用户
146028,1,2017-12-03,1,0,新购买用户
146038,1,2017-11-29,1,4,低频沉睡用户
146057,1,2017-12-01,1,2,低频沉睡用户
146059,1,2017-12-01,1,2,低频沉睡用户
146066,1,2017-11-25,1,8,低频沉睡用户
146070,2,2017-11-27,2,6,稳定复购用户
146073,8,2017-12-03,5,0,高频多品类用户
146076,11,2017-12-03,11,0,高频多品类用户
146079,4,2017-12-02,4,1,高频多品类用户
146092,2,2017-11-27,2,6,稳定复购用户
146102,2,2017-12-02,2,1,稳定复购用户
146115,2,2017-12-02,2,1,稳定复购用户
146118,2,2017-12-02,2,1,稳定复购用户
146123,1,2017-12-02,1,1,新购买用户
146132,2,2017-11-30,2,3,稳定复购用户
146134,4,2017-11-30,4,3,高频多品类用户
146140,5,2017-12-03,5,0,高频多品类用户
146144,7,2017-12-03,6,0,高频多品类用户
146151,6,2017-11-30,6,3,高频多品类用户
146153,4,2017-12-01,1,2,稳定复购用户
146156,2,2017-12-02,2,1,稳定复购用户
146157,4,2017-12-03,4,0,高频多品类用户
146164,1,2017-11-30,1,3,低频沉睡用户
146175,2,2017-12-03,2,0,稳定复购用户
146180,1,2017-12-03,1,0,新购买用户
146182,3,2017-11-28,3,5,高频多品类用户
146188,2,2017-12-03,2,0,稳定复购用户
146200,3,2017-12-03,3,0,高频多品类用户
146205,5,2017-12-02,5,1,高频多品类用户
146207,2,2017-12-03,2,0,稳定复购用户
146217,4,2017-12-03,3,0,高频多品类用户
146218,14,2017-12-03,8,0,高频多品类用户
146219,1,2017-11-28,1,5,低频沉睡用户
146223,5,2017-11-29,4,4,高频多品类用户
146226,3,2017-12-02,2,1,高频多品类用户
146237,4,2017-12-03,3,0,高频多品类用户
146241,1,2017-12-01,1,2,低频沉睡用户
146246,2,2017-12-01,2,2,稳定复购用户
146264,1,2017-11-26,1,7,低频沉睡用户
146271,1,2017-11-27,1,6,低频沉睡用户
146281,2,2017-12-01,2,2,稳定复购用户
146302,3,2017-12-03,3,0,高频多品类用户
146306,1,2017-11-28,1,5,低频沉睡用户
146309,8,2017-12-03,8,0,高频多品类用户
146317,1,2017-12-01,1,2,低频沉睡用户
146321,2,2017-12-01,2,2,稳定复购用户
146325,1,2017-11-29,1,4,低频沉睡用户
146327,6,2017-12-01,5,2,高频多品类用户
146329,1,2017-11-29,1,4,低频沉睡用户
146342,3,2017-12-03,2,0,高频多品类用户
146343,2,2017-12-03,2,0,稳定复购用户
146349,2,2017-11-30,1,3,稳定复购用户
146356,4,2017-12-02,3,1,高频多品类用户
146366,2,2017-12-01,2,2,稳定复购用户
146373,1,2017-11-30,1,3,低频沉睡用户
146375,4,2017-11-29,3,4,高频多品类用户
146378,5,2017-12-03,5,0,高频多品类用户
146384,4,2017-12-03,4,0,高频多品类用户
146385,1,2017-12-02,1,1,新购买用户
146399,3,2017-11-27,2,6,高频多品类用户
146400,2,2017-12-02,2,1,稳定复购用户
146401,1,2017-11-27,1,6,低频沉睡用户
146402,6,2017-11-30,6,3,高频多品类用户
146409,3,2017-11-30,3,3,高频多品类用户
146410,2,2017-11-29,2,4,稳定复购用户
146411,3,2017-11-30,3,3,高频多品类用户
146413,2,2017-11-29,2,4,稳定复购用户
146420,3,2017-12-02,3,1,高频多品类用户
146423,5,2017-11-28,4,5,高频多品类用户
146490,3,2017-12-02,3,1,高频多品类用户
146496,3,2017-12-01,3,2,高频多品类用户
146508,5,2017-12-02,4,1,高频多品类用户
146516,2,2017-11-29,1,4,稳定复购用户
146517,4,2017-12-03,4,0,高频多品类用户
146527,9,2017-12-03,8,0,高频多品类用户
146533,1,2017-11-30,1,3,低频沉睡用户
146535,2,2017-11-26,2,7,稳定复购用户
146536,1,2017-11-29,1,4,低频沉睡用户
146551,8,2017-12-02,3,1,高频多品类用户
146552,2,2017-11-30,2,3,稳定复购用户
146558,1,2017-11-30,1,3,低频沉睡用户
146559,1,2017-12-02,1,1,新购买用户
146563,1,2017-12-02,1,1,新购买用户
146568,1,2017-12-03,1,0,新购买用户
146589,1,2017-11-27,1,6,低频沉睡用户
146595,2,2017-12-02,2,1,稳定复购用户
146608,2,2017-11-26,2,7,稳定复购用户
146611,1,2017-12-03,1,0,新购买用户
146613,1,2017-11-30,1,3,低频沉睡用户
146627,3,2017-12-01,3,2,高频多品类用户
146631,2,2017-12-01,2,2,稳定复购用户
146636,4,2017-12-01,4,2,高频多品类用户
146638,6,2017-12-03,5,0,高频多品类用户
146644,2,2017-12-01,2,2,稳定复购用户
146648,7,2017-12-02,7,1,高频多品类用户
146652,2,2017-12-02,2,1,稳定复购用户
146653,9,2017-12-02,7,1,高频多品类用户
146654,1,2017-12-03,1,0,新购买用户
146658,11,2017-12-03,11,0,高频多品类用户
146667,1,2017-11-30,1,3,低频沉睡用户
146676,1,2017-11-26,1,7,低频沉睡用户
146686,2,2017-12-03,2,0,稳定复购用户
146695,1,2017-11-25,1,8,低频沉睡用户
146697,4,2017-12-03,4,0,高频多品类用户
146699,6,2017-12-03,5,0,高频多品类用户
146703,4,2017-12-03,4,0,高频多品类用户
146719,4,2017-12-02,2,1,高频多品类用户
146742,2,2017-11-30,2,3,稳定复购用户
146743,16,2017-12-03,13,0,高频多品类用户
146744,1,2017-12-03,1,0,新购买用户
146746,1,2017-11-25,1,8,低频沉睡用户
146761,1,2017-12-02,1,1,新购买用户
146763,1,2017-11-29,1,4,低频沉睡用户
146766,4,2017-12-01,3,2,高频多品类用户
146772,2,2017-11-29,2,4,稳定复购用户
146774,1,2017-11-30,1,3,低频沉睡用户
146779,5,2017-11-30,5,3,高频多品类用户
146789,1,2017-11-29,1,4,低频沉睡用户
146797,6,2017-12-03,6,0,高频多品类用户
146800,2,2017-11-25,1,8,稳定复购用户
146808,1,2017-12-03,1,0,新购买用户
146810,1,2017-11-25,1,8,低频沉睡用户
146819,8,2017-12-03,5,0,高频多品类用户
146837,1,2017-12-03,1,0,新购买用户
146841,1,2017-11-25,1,8,低频沉睡用户
146846,2,2017-11-29,2,4,稳定复购用户
146851,1,2017-12-02,1,1,新购买用户
146852,3,2017-12-03,3,0,高频多品类用户
146857,3,2017-12-02,3,1,高频多品类用户
146861,3,2017-12-03,3,0,高频多品类用户
146862,3,2017-11-28,3,5,高频多品类用户
146869,2,2017-11-30,2,3,稳定复购用户
146880,1,2017-11-29,1,4,低频沉睡用户
146895,8,2017-12-02,8,1,高频多品类用户
146919,1,2017-11-27,1,6,低频沉睡用户
146944,3,2017-11-29,3,4,高频多品类用户
146948,1,2017-12-02,1,1,新购买用户
146949,1,2017-11-30,1,3,低频沉睡用户
146953,2,2017-12-01,1,2,稳定复购用户
146970,5,2017-11-29,4,4,高频多品类用户
146972,16,2017-12-03,15,0,高频多品类用户
146979,3,2017-12-01,2,2,高频多品类用户
146993,1,2017-11-27,1,6,低频沉睡用户
146995,5,2017-12-01,4,2,高频多品类用户
147007,2,2017-12-01,2,2,稳定复购用户
147010,4,2017-12-03,3,0,高频多品类用户
147016,7,2017-12-02,6,1,高频多品类用户
147023,1,2017-12-01,1,2,低频沉睡用户
147027,2,2017-11-30,2,3,稳定复购用户
147028,3,2017-12-03,3,0,高频多品类用户
147037,1,2017-12-03,1,0,新购买用户
147038,5,2017-12-03,4,0,高频多品类用户
147046,1,2017-12-02,1,1,新购买用户
147050,3,2017-11-30,2,3,高频多品类用户
147060,3,2017-12-01,2,2,高频多品类用户
147083,5,2017-12-03,5,0,高频多品类用户
147086,9,2017-11-29,8,4,高频多品类用户
147088,1,2017-11-27,1,6,低频沉睡用户
147103,3,2017-11-30,3,3,高频多品类用户
147104,6,2017-12-02,6,1,高频多品类用户
147106,4,2017-12-03,4,0,高频多品类用户
147109,4,2017-12-01,3,2,高频多品类用户
147110,5,2017-12-02,4,1,高频多品类用户
147113,2,2017-12-02,2,1,稳定复购用户
147127,4,2017-12-02,4,1,高频多品类用户
147129,1,2017-12-02,1,1,新购买用户
147138,7,2017-12-01,4,2,高频多品类用户
147147,8,2017-11-30,7,3,高频多品类用户
147165,2,2017-11-29,2,4,稳定复购用户
147180,1,2017-12-03,1,0,新购买用户
147181,1,2017-11-27,1,6,低频沉睡用户
147182,1,2017-12-02,1,1,新购买用户
147187,3,2017-12-01,3,2,高频多品类用户
147216,6,2017-12-02,5,1,高频多品类用户
147219,1,2017-12-03,1,0,新购买用户
147220,2,2017-12-01,1,2,稳定复购用户
147222,6,2017-12-02,6,1,高频多品类用户
147224,2,2017-12-01,2,2,稳定复购用户
147226,1,2017-12-02,1,1,新购买用户
147232,6,2017-12-02,5,1,高频多品类用户
147234,1,2017-11-29,1,4,低频沉睡用户
147237,2,2017-12-02,2,1,稳定复购用户
147239,1,2017-12-03,1,0,新购买用户
147243,2,2017-11-29,2,4,稳定复购用户
147249,1,2017-11-25,1,8,低频沉睡用户
147250,2,2017-12-03,2,0,稳定复购用户
147261,1,2017-11-27,1,6,低频沉睡用户
147266,2,2017-11-29,1,4,稳定复购用户
147273,16,2017-12-03,15,0,高频多品类用户
147289,2,2017-12-03,2,0,稳定复购用户
147299,1,2017-11-26,1,7,低频沉睡用户
147312,1,2017-11-26,1,7,低频沉睡用户
147318,3,2017-11-30,3,3,高频多品类用户
147319,10,2017-12-03,10,0,高频多品类用户
147323,4,2017-12-01,3,2,高频多品类用户
147325,2,2017-12-02,2,1,稳定复购用户
147334,3,2017-12-03,3,0,高频多品类用户
147354,1,2017-11-27,1,6,低频沉睡用户
147356,10,2017-12-02,6,1,高频多品类用户
147363,1,2017-12-02,1,1,新购买用户
147375,6,2017-12-02,4,1,高频多品类用户
147379,2,2017-11-27,2,6,稳定复购用户
147381,2,2017-11-28,2,5,稳定复购用户
147389,2,2017-12-03,2,0,稳定复购用户
147406,2,2017-12-03,2,0,稳定复购用户
147409,1,2017-11-26,1,7,低频沉睡用户
147423,7,2017-12-03,4,0,高频多品类用户
147430,5,2017-12-03,4,0,高频多品类用户
147434,1,2017-12-01,1,2,低频沉睡用户
147437,1,2017-11-27,1,6,低频沉睡用户
147444,2,2017-12-03,2,0,稳定复购用户
147451,1,2017-12-02,1,1,新购买用户
147457,1,2017-12-02,1,1,新购买用户
147477,1,2017-12-03,1,0,新购买用户
147487,2,2017-11-30,2,3,稳定复购用户
147499,1,2017-11-27,1,6,低频沉睡用户
147501,3,2017-12-02,3,1,高频多品类用户
147509,3,2017-12-02,3,1,高频多品类用户
147516,5,2017-12-02,5,1,高频多品类用户
147530,2,2017-11-30,1,3,稳定复购用户
147538,6,2017-12-02,6,1,高频多品类用户
147539,1,2017-11-30,1,3,低频沉睡用户
147561,3,2017-12-02,3,1,高频多品类用户
147564,3,2017-12-01,2,2,高频多品类用户
147567,5,2017-12-03,5,0,高频多品类用户
147590,2,2017-11-29,2,4,稳定复购用户
147592,1,2017-11-25,1,8,低频沉睡用户
147598,1,2017-11-27,1,6,低频沉睡用户
147601,3,2017-12-01,3,2,高频多品类用户
147619,1,2017-11-27,1,6,低频沉睡用户
147624,1,2017-11-25,1,8,低频沉睡用户
147643,1,2017-12-01,1,2,低频沉睡用户
147644,2,2017-12-03,2,0,稳定复购用户
147646,1,2017-11-29,1,4,低频沉睡用户
147672,3,2017-11-29,3,4,高频多品类用户
147678,3,2017-12-02,3,1,高频多品类用户
147680,1,2017-11-28,1,5,低频沉睡用户
147685,1,2017-11-26,1,7,低频沉睡用户
147701,3,2017-12-01,3,2,高频多品类用户
147728,1,2017-12-03,1,0,新购买用户
147737,2,2017-11-28,2,5,稳定复购用户
147746,3,2017-12-02,3,1,高频多品类用户
147763,1,2017-12-02,1,1,新购买用户
147767,4,2017-11-30,4,3,高频多品类用户
147787,1,2017-11-25,1,8,低频沉睡用户
147788,1,2017-11-30,1,3,低频沉睡用户
147790,2,2017-12-03,1,0,稳定复购用户
147792,2,2017-11-30,2,3,稳定复购用户
147794,1,2017-11-29,1,4,低频沉睡用户
147798,1,2017-11-29,1,4,低频沉睡用户
147804,2,2017-11-25,2,8,稳定复购用户
147814,5,2017-12-02,5,1,高频多品类用户
147820,2,2017-11-28,2,5,稳定复购用户
147825,6,2017-12-03,5,0,高频多品类用户
147846,1,2017-11-27,1,6,低频沉睡用户
147847,1,2017-12-01,1,2,低频沉睡用户
147855,2,2017-11-29,2,4,稳定复购用户
147856,1,2017-11-28,1,5,低频沉睡用户
147873,11,2017-12-03,11,0,高频多品类用户
147876,4,2017-11-30,3,3,高频多品类用户
147879,7,2017-11-30,6,3,高频多品类用户
147886,1,2017-12-01,1,2,低频沉睡用户
147892,1,2017-11-30,1,3,低频沉睡用户
147897,2,2017-12-03,2,0,稳定复购用户
147899,1,2017-11-27,1,6,低频沉睡用户
147903,3,2017-12-03,3,0,高频多品类用户
147917,3,2017-12-03,3,0,高频多品类用户
147920,3,2017-12-02,3,1,高频多品类用户
147936,1,2017-12-02,1,1,新购买用户
147942,1,2017-12-02,1,1,新购买用户
147949,1,2017-11-25,1,8,低频沉睡用户
147951,1,2017-12-03,1,0,新购买用户
147953,1,2017-11-30,1,3,低频沉睡用户
147974,6,2017-12-02,5,1,高频多品类用户
147980,1,2017-12-03,1,0,新购买用户
147987,1,2017-11-30,1,3,低频沉睡用户
147992,2,2017-11-30,2,3,稳定复购用户
148008,3,2017-12-01,2,2,高频多品类用户
148015,1,2017-11-27,1,6,低频沉睡用户
148022,2,2017-12-02,2,1,稳定复购用户
148023,2,2017-12-03,2,0,稳定复购用户
148024,5,2017-12-02,4,1,高频多品类用户
148043,3,2017-12-03,3,0,高频多品类用户
148047,3,2017-12-01,3,2,高频多品类用户
148052,6,2017-12-01,6,2,高频多品类用户
148076,4,2017-12-02,4,1,高频多品类用户
148078,1,2017-12-03,1,0,新购买用户
148084,5,2017-12-02,5,1,高频多品类用户
148105,7,2017-12-03,2,0,高频多品类用户
148107,3,2017-12-01,3,2,高频多品类用户
148108,10,2017-12-03,8,0,高频多品类用户
148114,3,2017-12-03,3,0,高频多品类用户
148118,12,2017-12-01,10,2,高频多品类用户
148133,1,2017-11-25,1,8,低频沉睡用户
148135,2,2017-11-30,2,3,稳定复购用户
148136,1,2017-11-29,1,4,低频沉睡用户
148139,2,2017-12-03,2,0,稳定复购用户
148140,2,2017-12-01,2,2,稳定复购用户
148149,3,2017-12-01,3,2,高频多品类用户
148170,1,2017-12-02,1,1,新购买用户
148173,2,2017-11-27,2,6,稳定复购用户
148174,1,2017-12-02,1,1,新购买用户
148182,3,2017-12-03,2,0,高频多品类用户
148183,3,2017-11-27,2,6,高频多品类用户
148186,6,2017-11-30,6,3,高频多品类用户
148196,2,2017-11-29,2,4,稳定复购用户
148203,3,2017-12-03,3,0,高频多品类用户
148205,1,2017-11-25,1,8,低频沉睡用户
148217,3,2017-12-03,1,0,稳定复购用户
148221,7,2017-12-03,6,0,高频多品类用户
148247,1,2017-11-26,1,7,低频沉睡用户
148251,1,2017-12-02,1,1,新购买用户
148257,2,2017-12-01,1,2,稳定复购用户
148258,1,2017-12-02,1,1,新购买用户
148263,1,2017-11-27,1,6,低频沉睡用户
148281,1,2017-11-30,1,3,低频沉睡用户
148292,1,2017-11-27,1,6,低频沉睡用户
148294,1,2017-11-25,1,8,低频沉睡用户
148295,1,2017-11-28,1,5,低频沉睡用户
148296,3,2017-12-02,3,1,高频多品类用户
148302,2,2017-11-27,2,6,稳定复购用户
148310,1,2017-11-30,1,3,低频沉睡用户
148321,5,2017-11-29,5,4,高频多品类用户
148322,11,2017-11-29,7,4,高频多品类用户
148336,3,2017-12-01,3,2,高频多品类用户
148347,3,2017-11-30,3,3,高频多品类用户
148352,2,2017-12-03,2,0,稳定复购用户
148363,2,2017-12-02,2,1,稳定复购用户
148373,1,2017-11-27,1,6,低频沉睡用户
148378,2,2017-12-03,2,0,稳定复购用户
148394,7,2017-12-03,5,0,高频多品类用户
148405,1,2017-11-26,1,7,低频沉睡用户
148407,1,2017-11-26,1,7,低频沉睡用户
148415,9,2017-11-30,9,3,高频多品类用户
148420,5,2017-12-03,4,0,高频多品类用户
148429,4,2017-11-26,4,7,高频多品类用户
148433,1,2017-11-29,1,4,低频沉睡用户
148436,4,2017-11-30,3,3,高频多品类用户
148445,15,2017-12-01,8,2,高频多品类用户
148450,3,2017-11-27,3,6,高频多品类用户
148457,2,2017-12-03,2,0,稳定复购用户
148461,1,2017-12-02,1,1,新购买用户
148470,5,2017-12-02,4,1,高频多品类用户
148477,4,2017-11-29,4,4,高频多品类用户
148482,3,2017-12-02,2,1,高频多品类用户
148489,1,2017-12-02,1,1,新购买用户
148505,1,2017-12-01,1,2,低频沉睡用户
148540,2,2017-11-30,2,3,稳定复购用户
148572,2,2017-11-29,2,4,稳定复购用户
148582,2,2017-11-30,1,3,稳定复购用户
148593,2,2017-11-30,2,3,稳定复购用户
148598,2,2017-12-02,2,1,稳定复购用户
148614,2,2017-12-02,2,1,稳定复购用户
148618,10,2017-12-03,7,0,高频多品类用户
148629,9,2017-11-30,6,3,高频多品类用户
148633,1,2017-12-02,1,1,新购买用户
148636,1,2017-12-02,1,1,新购买用户
148649,3,2017-12-03,3,0,高频多品类用户
148656,2,2017-12-02,2,1,稳定复购用户
148659,12,2017-12-03,11,0,高频多品类用户
148670,2,2017-12-02,2,1,稳定复购用户
148672,5,2017-12-01,5,2,高频多品类用户
148686,2,2017-11-28,1,5,稳定复购用户
148691,1,2017-11-27,1,6,低频沉睡用户
148696,6,2017-12-03,6,0,高频多品类用户
148703,2,2017-11-27,2,6,稳定复购用户
148711,2,2017-12-03,2,0,稳定复购用户
148735,1,2017-11-30,1,3,低频沉睡用户
148737,3,2017-12-02,3,1,高频多品类用户
148742,2,2017-12-01,2,2,稳定复购用户
148747,4,2017-12-02,4,1,高频多品类用户
148750,2,2017-12-01,1,2,稳定复购用户
148756,6,2017-12-02,4,1,高频多品类用户
148760,1,2017-11-28,1,5,低频沉睡用户
148766,1,2017-11-29,1,4,低频沉睡用户
148782,1,2017-12-03,1,0,新购买用户
148789,5,2017-12-03,5,0,高频多品类用户
148792,3,2017-12-01,3,2,高频多品类用户
148794,4,2017-12-03,4,0,高频多品类用户
148807,1,2017-11-25,1,8,低频沉睡用户
148809,2,2017-11-28,2,5,稳定复购用户
148811,3,2017-12-02,2,1,高频多品类用户
148819,2,2017-11-29,2,4,稳定复购用户
148831,5,2017-12-03,4,0,高频多品类用户
148832,3,2017-12-03,3,0,高频多品类用户
148839,1,2017-11-27,1,6,低频沉睡用户
148840,2,2017-12-03,2,0,稳定复购用户
148841,5,2017-11-30,5,3,高频多品类用户
148845,2,2017-12-03,1,0,稳定复购用户
148857,4,2017-12-02,4,1,高频多品类用户
148865,7,2017-12-03,6,0,高频多品类用户
148874,3,2017-12-03,3,0,高频多品类用户
148876,4,2017-12-03,2,0,高频多品类用户
148931,2,2017-11-26,2,7,稳定复购用户
148948,5,2017-12-02,5,1,高频多品类用户
148954,1,2017-12-01,1,2,低频沉睡用户
148956,1,2017-12-03,1,0,新购买用户
148968,1,2017-12-03,1,0,新购买用户
148969,1,2017-11-27,1,6,低频沉睡用户
148978,3,2017-11-29,3,4,高频多品类用户
148995,2,2017-11-27,2,6,稳定复购用户
148996,7,2017-12-01,6,2,高频多品类用户
148999,5,2017-12-03,5,0,高频多品类用户
149006,5,2017-12-02,4,1,高频多品类用户
149007,1,2017-11-28,1,5,低频沉睡用户
149015,1,2017-11-30,1,3,低频沉睡用户
149017,16,2017-12-03,12,0,高频多品类用户
149020,1,2017-12-03,1,0,新购买用户
149022,6,2017-12-03,6,0,高频多品类用户
149023,1,2017-11-25,1,8,低频沉睡用户
149033,2,2017-11-30,2,3,稳定复购用户
149042,2,2017-12-03,2,0,稳定复购用户
149045,1,2017-11-28,1,5,低频沉睡用户
149060,3,2017-11-26,3,7,高频多品类用户
149062,7,2017-12-02,4,1,高频多品类用户
149078,2,2017-11-28,2,5,稳定复购用户
149080,5,2017-12-02,4,1,高频多品类用户
149082,2,2017-12-03,2,0,稳定复购用户
149092,2,2017-12-01,2,2,稳定复购用户
149114,1,2017-11-29,1,4,低频沉睡用户
149126,1,2017-11-28,1,5,低频沉睡用户
149127,2,2017-12-02,2,1,稳定复购用户
149129,1,2017-11-25,1,8,低频沉睡用户
149136,3,2017-12-01,3,2,高频多品类用户
149137,1,2017-12-01,1,2,低频沉睡用户
149138,1,2017-11-30,1,3,低频沉睡用户
149140,1,2017-11-25,1,8,低频沉睡用户
149157,2,2017-12-02,1,1,稳定复购用户
149159,2,2017-12-02,2,1,稳定复购用户
149163,1,2017-11-30,1,3,低频沉睡用户
149174,3,2017-12-02,3,1,高频多品类用户
149175,2,2017-12-01,2,2,稳定复购用户
149178,3,2017-12-02,3,1,高频多品类用户
149184,3,2017-12-03,2,0,高频多品类用户
149185,1,2017-12-01,1,2,低频沉睡用户
149211,2,2017-11-30,2,3,稳定复购用户
149221,2,2017-12-02,2,1,稳定复购用户
149226,6,2017-12-01,4,2,高频多品类用户
149230,1,2017-12-03,1,0,新购买用户
149235,2,2017-12-03,2,0,稳定复购用户
149248,1,2017-11-28,1,5,低频沉睡用户
149252,4,2017-12-02,3,1,高频多品类用户
149255,6,2017-12-03,6,0,高频多品类用户
149260,1,2017-12-03,1,0,新购买用户
149262,1,2017-12-02,1,1,新购买用户
149273,1,2017-12-01,1,2,低频沉睡用户
149274,7,2017-12-03,3,0,高频多品类用户
149281,2,2017-12-02,2,1,稳定复购用户
149285,1,2017-11-30,1,3,低频沉睡用户
149288,1,2017-12-02,1,1,新购买用户
149292,1,2017-11-25,1,8,低频沉睡用户
149294,1,2017-12-02,1,1,新购买用户
149301,1,2017-11-28,1,5,低频沉睡用户
149306,5,2017-12-03,5,0,高频多品类用户
149308,2,2017-12-02,2,1,稳定复购用户
149320,3,2017-12-02,3,1,高频多品类用户
149327,2,2017-11-26,2,7,稳定复购用户
149328,2,2017-11-25,2,8,稳定复购用户
149332,1,2017-11-25,1,8,低频沉睡用户
149342,3,2017-12-02,2,1,高频多品类用户
149348,1,2017-11-27,1,6,低频沉睡用户
149351,2,2017-11-27,2,6,稳定复购用户
149356,4,2017-12-03,3,0,高频多品类用户
149360,1,2017-11-28,1,5,低频沉睡用户
149367,1,2017-11-27,1,6,低频沉睡用户
149368,1,2017-11-30,1,3,低频沉睡用户
149379,6,2017-12-02,5,1,高频多品类用户
149383,1,2017-11-28,1,5,低频沉睡用户
149388,2,2017-12-03,2,0,稳定复购用户
149401,1,2017-11-26,1,7,低频沉睡用户
149404,2,2017-11-30,2,3,稳定复购用户
149405,1,2017-12-02,1,1,新购买用户
149410,1,2017-11-29,1,4,低频沉睡用户
149412,3,2017-12-01,3,2,高频多品类用户
149418,1,2017-11-25,1,8,低频沉睡用户
149423,6,2017-11-29,6,4,高频多品类用户
149431,2,2017-11-27,2,6,稳定复购用户
149438,1,2017-12-02,1,1,新购买用户
149452,2,2017-11-28,1,5,稳定复购用户
149457,2,2017-11-30,2,3,稳定复购用户
149475,9,2017-12-03,8,0,高频多品类用户
149490,1,2017-11-26,1,7,低频沉睡用户
149497,1,2017-11-25,1,8,低频沉睡用户
149512,3,2017-11-25,3,8,高频多品类用户
149514,3,2017-12-03,3,0,高频多品类用户
149523,5,2017-11-29,5,4,高频多品类用户
149535,1,2017-11-26,1,7,低频沉睡用户
149549,1,2017-11-28,1,5,低频沉睡用户
149552,5,2017-12-03,5,0,高频多品类用户
149558,1,2017-12-02,1,1,新购买用户
149560,1,2017-11-28,1,5,低频沉睡用户
149567,4,2017-11-29,4,4,高频多品类用户
149569,4,2017-12-01,4,2,高频多品类用户
149570,1,2017-11-26,1,7,低频沉睡用户
149571,3,2017-11-27,2,6,高频多品类用户
149588,1,2017-11-27,1,6,低频沉睡用户
149599,1,2017-11-28,1,5,低频沉睡用户
149606,1,2017-11-30,1,3,低频沉睡用户
149611,13,2017-12-03,11,0,高频多品类用户
149617,5,2017-11-30,4,3,高频多品类用户
149634,1,2017-11-28,1,5,低频沉睡用户
149647,1,2017-11-27,1,6,低频沉睡用户
149656,2,2017-12-03,2,0,稳定复购用户
149668,4,2017-12-02,1,1,稳定复购用户
149669,3,2017-11-29,3,4,高频多品类用户
149671,3,2017-12-03,3,0,高频多品类用户
149678,2,2017-11-28,1,5,稳定复购用户
149679,3,2017-11-29,3,4,高频多品类用户
149681,1,2017-11-29,1,4,低频沉睡用户
149694,1,2017-11-30,1,3,低频沉睡用户
149703,1,2017-11-27,1,6,低频沉睡用户
149715,2,2017-12-02,2,1,稳定复购用户
149740,4,2017-12-03,3,0,高频多品类用户
149748,2,2017-11-29,2,4,稳定复购用户
149751,4,2017-12-03,4,0,高频多品类用户
149753,1,2017-11-27,1,6,低频沉睡用户
149760,1,2017-11-28,1,5,低频沉睡用户
149779,1,2017-11-26,1,7,低频沉睡用户
149789,2,2017-11-27,2,6,稳定复购用户
149800,1,2017-11-27,1,6,低频沉睡用户
149806,5,2017-11-30,2,3,高频多品类用户
149809,1,2017-12-03,1,0,新购买用户
149814,2,2017-12-03,1,0,稳定复购用户
149817,2,2017-12-03,1,0,稳定复购用户
149822,4,2017-12-02,4,1,高频多品类用户
149824,3,2017-11-30,3,3,高频多品类用户
149830,1,2017-11-28,1,5,低频沉睡用户
149832,10,2017-12-02,10,1,高频多品类用户
149833,2,2017-12-01,2,2,稳定复购用户
149836,1,2017-12-01,1,2,低频沉睡用户
149837,4,2017-12-03,4,0,高频多品类用户
149840,1,2017-11-28,1,5,低频沉睡用户
149848,7,2017-12-03,7,0,高频多品类用户
149855,3,2017-12-03,3,0,高频多品类用户
149857,3,2017-11-29,3,4,高频多品类用户
149864,4,2017-12-03,3,0,高频多品类用户
149888,2,2017-12-01,1,2,稳定复购用户
149891,3,2017-12-03,3,0,高频多品类用户
149898,2,2017-12-03,2,0,稳定复购用户
149909,1,2017-12-02,1,1,新购买用户
149918,1,2017-11-30,1,3,低频沉睡用户
149931,2,2017-12-01,1,2,稳定复购用户
149934,6,2017-12-01,5,2,高频多品类用户
149935,1,2017-11-30,1,3,低频沉睡用户
149940,5,2017-12-01,4,2,高频多品类用户
149943,2,2017-11-26,2,7,稳定复购用户
149959,2,2017-12-03,2,0,稳定复购用户
149961,1,2017-11-26,1,7,低频沉睡用户
149974,5,2017-11-29,5,4,高频多品类用户
149994,3,2017-12-03,3,0,高频多品类用户
149996,1,2017-11-30,1,3,低频沉睡用户
149998,7,2017-11-29,7,4,高频多品类用户
150004,1,2017-12-03,1,0,新购买用户
150014,1,2017-12-02,1,1,新购买用户
150034,1,2017-11-29,1,4,低频沉睡用户
150039,1,2017-11-29,1,4,低频沉睡用户
150042,10,2017-12-03,8,0,高频多品类用户
150043,1,2017-11-26,1,7,低频沉睡用户
150056,2,2017-11-30,2,3,稳定复购用户
150060,3,2017-11-27,3,6,高频多品类用户
150064,3,2017-11-30,2,3,高频多品类用户
150073,7,2017-12-03,7,0,高频多品类用户
150074,4,2017-12-02,3,1,高频多品类用户
150077,3,2017-12-01,2,2,高频多品类用户
150078,1,2017-11-29,1,4,低频沉睡用户
150083,1,2017-11-25,1,8,低频沉睡用户
150090,2,2017-11-26,2,7,稳定复购用户
150113,1,2017-11-25,1,8,低频沉睡用户
150123,1,2017-11-25,1,8,低频沉睡用户
150130,1,2017-11-26,1,7,低频沉睡用户
150151,3,2017-12-01,3,2,高频多品类用户
150157,1,2017-12-03,1,0,新购买用户
150166,5,2017-12-03,5,0,高频多品类用户
150167,1,2017-12-02,1,1,新购买用户
150195,1,2017-11-26,1,7,低频沉睡用户
150198,3,2017-12-02,3,1,高频多品类用户
150200,2,2017-11-26,2,7,稳定复购用户
150223,4,2017-12-02,4,1,高频多品类用户
150225,4,2017-12-02,4,1,高频多品类用户
150229,3,2017-12-03,2,0,高频多品类用户
150238,3,2017-11-27,3,6,高频多品类用户
150259,3,2017-12-02,3,1,高频多品类用户
150271,1,2017-11-26,1,7,低频沉睡用户
150279,2,2017-12-02,2,1,稳定复购用户
150284,3,2017-12-01,3,2,高频多品类用户
150294,3,2017-12-01,3,2,高频多品类用户
150297,1,2017-11-25,1,8,低频沉睡用户
150307,2,2017-12-01,2,2,稳定复购用户
150309,2,2017-12-03,2,0,稳定复购用户
150310,1,2017-11-26,1,7,低频沉睡用户
150312,3,2017-12-01,3,2,高频多品类用户
150324,1,2017-12-01,1,2,低频沉睡用户
150330,9,2017-11-27,8,6,高频多品类用户
150353,1,2017-11-30,1,3,低频沉睡用户
150357,1,2017-11-26,1,7,低频沉睡用户
150367,2,2017-11-28,2,5,稳定复购用户
150374,1,2017-11-30,1,3,低频沉睡用户
150375,3,2017-11-29,3,4,高频多品类用户
150377,1,2017-11-25,1,8,低频沉睡用户
150393,2,2017-12-02,2,1,稳定复购用户
150396,1,2017-11-28,1,5,低频沉睡用户
150408,3,2017-12-03,2,0,高频多品类用户
150420,4,2017-12-03,3,0,高频多品类用户
150426,5,2017-12-02,5,1,高频多品类用户
150443,2,2017-12-01,2,2,稳定复购用户
150447,2,2017-11-30,1,3,稳定复购用户
150477,4,2017-12-03,4,0,高频多品类用户
150492,2,2017-11-27,2,6,稳定复购用户
150494,3,2017-12-03,3,0,高频多品类用户
150496,4,2017-11-30,2,3,高频多品类用户
150498,1,2017-11-30,1,3,低频沉睡用户
150499,4,2017-12-03,4,0,高频多品类用户
150500,10,2017-12-03,8,0,高频多品类用户
150501,5,2017-11-29,4,4,高频多品类用户
150511,2,2017-11-29,2,4,稳定复购用户
150513,4,2017-12-02,4,1,高频多品类用户
150515,1,2017-12-03,1,0,新购买用户
150525,3,2017-11-27,2,6,高频多品类用户
150526,1,2017-12-03,1,0,新购买用户
150541,2,2017-12-03,2,0,稳定复购用户
150545,4,2017-12-03,4,0,高频多品类用户
150546,2,2017-11-28,2,5,稳定复购用户
150548,3,2017-11-26,3,7,高频多品类用户
150552,10,2017-12-02,10,1,高频多品类用户
150562,1,2017-11-27,1,6,低频沉睡用户
150566,5,2017-12-02,5,1,高频多品类用户
150573,1,2017-12-02,1,1,新购买用户
150593,1,2017-11-27,1,6,低频沉睡用户
150615,1,2017-11-25,1,8,低频沉睡用户
150616,5,2017-12-02,4,1,高频多品类用户
150618,2,2017-12-03,2,0,稳定复购用户
150633,6,2017-12-03,4,0,高频多品类用户
150635,1,2017-11-25,1,8,低频沉睡用户
150642,3,2017-11-30,2,3,高频多品类用户
150661,3,2017-12-03,3,0,高频多品类用户
150680,8,2017-12-03,8,0,高频多品类用户
150699,7,2017-12-01,5,2,高频多品类用户
150708,1,2017-12-02,1,1,新购买用户
150709,1,2017-11-25,1,8,低频沉睡用户
150718,1,2017-11-26,1,7,低频沉睡用户
150729,5,2017-12-03,3,0,高频多品类用户
150732,3,2017-12-03,3,0,高频多品类用户
150733,3,2017-12-02,3,1,高频多品类用户
150735,12,2017-12-03,7,0,高频多品类用户
150736,3,2017-11-27,3,6,高频多品类用户
150755,2,2017-12-03,2,0,稳定复购用户
150762,1,2017-11-26,1,7,低频沉睡用户
150764,5,2017-12-02,5,1,高频多品类用户
150770,1,2017-11-26,1,7,低频沉睡用户
150772,1,2017-12-02,1,1,新购买用户
150779,3,2017-11-30,3,3,高频多品类用户
150787,1,2017-12-03,1,0,新购买用户
150790,2,2017-11-28,2,5,稳定复购用户
150791,3,2017-11-30,3,3,高频多品类用户
150797,1,2017-11-29,1,4,低频沉睡用户
150800,6,2017-11-29,5,4,高频多品类用户
150822,1,2017-12-03,1,0,新购买用户
150830,16,2017-11-30,8,3,高频多品类用户
150836,1,2017-12-03,1,0,新购买用户
150849,1,2017-11-30,1,3,低频沉睡用户
150856,1,2017-11-27,1,6,低频沉睡用户
150872,2,2017-12-03,2,0,稳定复购用户
150887,1,2017-11-25,1,8,低频沉睡用户
150902,2,2017-12-03,2,0,稳定复购用户
150904,1,2017-12-02,1,1,新购买用户
150917,5,2017-11-29,4,4,高频多品类用户
150920,18,2017-12-03,17,0,高频多品类用户
150928,3,2017-11-29,3,4,高频多品类用户
150929,3,2017-11-30,2,3,高频多品类用户
150936,3,2017-12-03,2,0,高频多品类用户
150943,5,2017-11-28,5,5,高频多品类用户
150944,1,2017-11-29,1,4,低频沉睡用户
150950,1,2017-11-30,1,3,低频沉睡用户
150954,7,2017-12-03,5,0,高频多品类用户
150958,8,2017-12-01,8,2,高频多品类用户
150968,6,2017-12-01,3,2,高频多品类用户
150970,1,2017-12-02,1,1,新购买用户
150971,4,2017-12-03,3,0,高频多品类用户
150974,3,2017-11-28,3,5,高频多品类用户
150980,4,2017-12-03,4,0,高频多品类用户
150987,4,2017-11-29,4,4,高频多品类用户
150988,3,2017-11-28,2,5,高频多品类用户
150998,2,2017-11-27,2,6,稳定复购用户
151006,2,2017-12-01,2,2,稳定复购用户
151007,1,2017-12-03,1,0,新购买用户
151009,10,2017-11-30,9,3,高频多品类用户
151011,1,2017-11-26,1,7,低频沉睡用户
151017,2,2017-12-02,2,1,稳定复购用户
151027,1,2017-11-27,1,6,低频沉睡用户
151041,2,2017-11-29,2,4,稳定复购用户
151045,2,2017-12-03,2,0,稳定复购用户
151050,1,2017-11-27,1,6,低频沉睡用户
151080,2,2017-11-26,2,7,稳定复购用户
151084,3,2017-12-01,2,2,高频多品类用户
151088,4,2017-12-01,4,2,高频多品类用户
151095,1,2017-12-03,1,0,新购买用户
151097,1,2017-12-03,1,0,新购买用户
151100,2,2017-12-01,2,2,稳定复购用户
151129,2,2017-11-28,1,5,稳定复购用户
151137,1,2017-11-29,1,4,低频沉睡用户
151141,9,2017-12-02,8,1,高频多品类用户
151145,5,2017-12-01,5,2,高频多品类用户
151149,6,2017-12-01,6,2,高频多品类用户
151151,5,2017-12-02,5,1,高频多品类用户
151152,1,2017-11-27,1,6,低频沉睡用户
151154,2,2017-12-03,2,0,稳定复购用户
151156,5,2017-12-02,4,1,高频多品类用户
151163,1,2017-11-28,1,5,低频沉睡用户
151164,8,2017-12-01,2,2,高频多品类用户
151195,1,2017-12-02,1,1,新购买用户
151196,2,2017-12-02,2,1,稳定复购用户
151201,1,2017-11-27,1,6,低频沉睡用户
151204,2,2017-11-30,2,3,稳定复购用户
151210,1,2017-11-25,1,8,低频沉睡用户
151222,1,2017-11-27,1,6,低频沉睡用户
151228,2,2017-11-29,2,4,稳定复购用户
151231,12,2017-12-03,5,0,高频多品类用户
151234,5,2017-12-03,5,0,高频多品类用户
151236,2,2017-12-03,2,0,稳定复购用户
151245,2,2017-11-28,2,5,稳定复购用户
151247,4,2017-11-30,4,3,高频多品类用户
151249,1,2017-12-01,1,2,低频沉睡用户
151255,1,2017-12-02,1,1,新购买用户
151260,3,2017-12-02,3,1,高频多品类用户
151263,1,2017-11-27,1,6,低频沉睡用户
151279,3,2017-11-29,3,4,高频多品类用户
151286,1,2017-12-03,1,0,新购买用户
151310,2,2017-12-03,2,0,稳定复购用户
151317,3,2017-12-02,3,1,高频多品类用户
151322,7,2017-12-01,7,2,高频多品类用户
151331,3,2017-11-27,3,6,高频多品类用户
151368,5,2017-12-03,4,0,高频多品类用户
151391,5,2017-12-02,4,1,高频多品类用户
151392,2,2017-11-27,2,6,稳定复购用户
151396,3,2017-12-03,2,0,高频多品类用户
151397,3,2017-11-30,3,3,高频多品类用户
151398,2,2017-12-02,2,1,稳定复购用户
151418,2,2017-11-30,2,3,稳定复购用户
151420,1,2017-12-03,1,0,新购买用户
151422,1,2017-11-29,1,4,低频沉睡用户
151423,1,2017-11-25,1,8,低频沉睡用户
151455,3,2017-11-30,3,3,高频多品类用户
151456,4,2017-12-03,3,0,高频多品类用户
151465,6,2017-12-02,6,1,高频多品类用户
151466,3,2017-12-03,2,0,高频多品类用户
151472,2,2017-12-01,1,2,稳定复购用户
151493,4,2017-12-02,3,1,高频多品类用户
151509,4,2017-12-01,3,2,高频多品类用户
151517,2,2017-12-01,2,2,稳定复购用户
151527,5,2017-12-01,5,2,高频多品类用户
151532,1,2017-11-30,1,3,低频沉睡用户
151535,1,2017-11-30,1,3,低频沉睡用户
151541,4,2017-12-02,3,1,高频多品类用户
151544,3,2017-11-26,2,7,高频多品类用户
151547,2,2017-12-03,2,0,稳定复购用户
151553,2,2017-11-27,2,6,稳定复购用户
151563,3,2017-12-02,3,1,高频多品类用户
151571,2,2017-12-03,2,0,稳定复购用户
151575,5,2017-11-30,3,3,高频多品类用户
151577,3,2017-11-30,2,3,高频多品类用户
151585,5,2017-12-01,5,2,高频多品类用户
151591,2,2017-12-01,2,2,稳定复购用户
151597,6,2017-12-03,3,0,高频多品类用户
151605,11,2017-12-03,9,0,高频多品类用户
151611,3,2017-12-02,3,1,高频多品类用户
151614,1,2017-11-27,1,6,低频沉睡用户
151675,2,2017-12-02,2,1,稳定复购用户
151678,5,2017-12-01,4,2,高频多品类用户
151681,3,2017-11-30,3,3,高频多品类用户
151698,8,2017-11-29,4,4,高频多品类用户
151702,2,2017-12-03,2,0,稳定复购用户
151713,1,2017-12-01,1,2,低频沉睡用户
151718,1,2017-11-26,1,7,低频沉睡用户
151725,2,2017-12-02,2,1,稳定复购用户
151728,4,2017-11-28,4,5,高频多品类用户
151736,5,2017-12-01,4,2,高频多品类用户
151750,2,2017-11-29,2,4,稳定复购用户
151752,1,2017-11-27,1,6,低频沉睡用户
151768,3,2017-11-30,3,3,高频多品类用户
151777,2,2017-12-03,2,0,稳定复购用户
151781,3,2017-12-01,2,2,高频多品类用户
151782,2,2017-11-27,2,6,稳定复购用户
151794,2,2017-12-03,2,0,稳定复购用户
151799,5,2017-12-03,3,0,高频多品类用户
151823,1,2017-12-01,1,2,低频沉睡用户
151833,4,2017-12-03,4,0,高频多品类用户
151835,1,2017-12-02,1,1,新购买用户
151841,1,2017-12-03,1,0,新购买用户
151856,1,2017-11-25,1,8,低频沉睡用户
151860,4,2017-12-01,4,2,高频多品类用户
151868,4,2017-11-30,4,3,高频多品类用户
151871,2,2017-12-03,2,0,稳定复购用户
151873,17,2017-12-01,14,2,高频多品类用户
151897,3,2017-12-02,3,1,高频多品类用户
151901,5,2017-12-02,5,1,高频多品类用户
151904,2,2017-12-01,2,2,稳定复购用户
151905,2,2017-11-25,2,8,稳定复购用户
151906,2,2017-11-28,2,5,稳定复购用户
151919,1,2017-12-01,1,2,低频沉睡用户
151946,1,2017-12-03,1,0,新购买用户
151959,1,2017-11-26,1,7,低频沉睡用户
151962,1,2017-11-30,1,3,低频沉睡用户
151964,2,2017-12-02,2,1,稳定复购用户
151967,1,2017-11-27,1,6,低频沉睡用户
151968,1,2017-11-26,1,7,低频沉睡用户
151969,4,2017-11-30,4,3,高频多品类用户
151984,1,2017-11-25,1,8,低频沉睡用户
152024,1,2017-12-02,1,1,新购买用户
152048,1,2017-11-27,1,6,低频沉睡用户
152058,1,2017-12-02,1,1,新购买用户
152064,5,2017-12-03,5,0,高频多品类用户
152070,1,2017-11-29,1,4,低频沉睡用户
152084,11,2017-12-02,7,1,高频多品类用户
152086,5,2017-12-02,3,1,高频多品类用户
152089,6,2017-11-25,6,8,高频多品类用户
152092,1,2017-11-30,1,3,低频沉睡用户
152093,7,2017-12-03,5,0,高频多品类用户
152095,4,2017-12-03,3,0,高频多品类用户
152123,4,2017-11-30,4,3,高频多品类用户
152125,2,2017-12-02,2,1,稳定复购用户
152150,3,2017-12-03,3,0,高频多品类用户
152159,3,2017-11-30,3,3,高频多品类用户
152162,6,2017-12-03,6,0,高频多品类用户
152166,1,2017-11-28,1,5,低频沉睡用户
152180,3,2017-12-03,2,0,高频多品类用户
152181,1,2017-12-03,1,0,新购买用户
152182,1,2017-12-02,1,1,新购买用户
152183,4,2017-11-29,3,4,高频多品类用户
152205,1,2017-11-27,1,6,低频沉睡用户
152208,1,2017-11-27,1,6,低频沉睡用户
152219,4,2017-12-02,2,1,高频多品类用户
152223,2,2017-11-28,2,5,稳定复购用户
152224,2,2017-12-03,2,0,稳定复购用户
152229,5,2017-12-03,5,0,高频多品类用户
152231,1,2017-12-02,1,1,新购买用户
152242,1,2017-12-02,1,1,新购买用户
152252,3,2017-12-01,2,2,高频多品类用户
152254,4,2017-12-03,4,0,高频多品类用户
152259,2,2017-12-03,2,0,稳定复购用户
152272,1,2017-11-28,1,5,低频沉睡用户
152273,3,2017-12-01,3,2,高频多品类用户
152277,1,2017-12-02,1,1,新购买用户
152283,4,2017-11-30,4,3,高频多品类用户
152300,1,2017-12-03,1,0,新购买用户
152305,1,2017-12-03,1,0,新购买用户
152308,2,2017-11-27,2,6,稳定复购用户
152312,2,2017-11-28,1,5,稳定复购用户
152321,3,2017-12-03,3,0,高频多品类用户
152331,1,2017-12-01,1,2,低频沉睡用户
152354,4,2017-12-02,3,1,高频多品类用户
152361,1,2017-12-03,1,0,新购买用户
152375,1,2017-12-01,1,2,低频沉睡用户
152381,1,2017-12-03,1,0,新购买用户
152394,1,2017-11-28,1,5,低频沉睡用户
152399,2,2017-11-29,2,4,稳定复购用户
152409,4,2017-12-01,4,2,高频多品类用户
152419,1,2017-12-01,1,2,低频沉睡用户
152420,1,2017-11-26,1,7,低频沉睡用户
152429,1,2017-11-29,1,4,低频沉睡用户
152442,3,2017-11-27,3,6,高频多品类用户
152444,3,2017-11-29,3,4,高频多品类用户
152451,2,2017-12-02,2,1,稳定复购用户
152458,2,2017-12-02,2,1,稳定复购用户
152459,1,2017-11-30,1,3,低频沉睡用户
152466,6,2017-12-02,5,1,高频多品类用户
152486,3,2017-12-03,3,0,高频多品类用户
152489,2,2017-12-03,2,0,稳定复购用户
152498,1,2017-11-30,1,3,低频沉睡用户
152521,2,2017-11-30,1,3,稳定复购用户
152535,2,2017-12-01,2,2,稳定复购用户
152549,4,2017-12-02,4,1,高频多品类用户
152552,4,2017-12-02,3,1,高频多品类用户
152556,2,2017-11-30,2,3,稳定复购用户
152559,4,2017-11-29,3,4,高频多品类用户
152560,1,2017-11-29,1,4,低频沉睡用户
152571,1,2017-12-01,1,2,低频沉睡用户
152587,2,2017-12-02,2,1,稳定复购用户
152590,7,2017-12-01,5,2,高频多品类用户
152595,3,2017-12-02,3,1,高频多品类用户
152597,1,2017-11-28,1,5,低频沉睡用户
152601,7,2017-12-03,4,0,高频多品类用户
152603,5,2017-11-29,5,4,高频多品类用户
152611,14,2017-11-29,14,4,高频多品类用户
152629,4,2017-12-01,4,2,高频多品类用户
152635,1,2017-11-30,1,3,低频沉睡用户
152645,2,2017-12-03,2,0,稳定复购用户
152647,3,2017-11-29,2,4,高频多品类用户
152651,9,2017-12-01,3,2,高频多品类用户
152667,5,2017-12-03,5,0,高频多品类用户
152695,2,2017-12-01,2,2,稳定复购用户
152700,1,2017-12-02,1,1,新购买用户
152709,3,2017-12-02,3,1,高频多品类用户
152714,1,2017-11-25,1,8,低频沉睡用户
152719,3,2017-12-01,3,2,高频多品类用户
152732,1,2017-11-28,1,5,低频沉睡用户
152735,1,2017-12-01,1,2,低频沉睡用户
152739,2,2017-12-03,2,0,稳定复购用户
152751,2,2017-11-26,2,7,稳定复购用户
152760,1,2017-12-02,1,1,新购买用户
152776,1,2017-11-25,1,8,低频沉睡用户
152784,2,2017-11-27,2,6,稳定复购用户
152785,2,2017-12-02,2,1,稳定复购用户
152796,4,2017-11-30,3,3,高频多品类用户
152799,2,2017-12-02,2,1,稳定复购用户
152805,8,2017-11-30,7,3,高频多品类用户
152811,4,2017-11-29,3,4,高频多品类用户
152817,1,2017-12-03,1,0,新购买用户
152823,1,2017-11-30,1,3,低频沉睡用户
152824,3,2017-11-29,2,4,高频多品类用户
152828,4,2017-12-03,3,0,高频多品类用户
152832,2,2017-11-29,2,4,稳定复购用户
152839,5,2017-12-03,5,0,高频多品类用户
152848,2,2017-11-30,2,3,稳定复购用户
152850,1,2017-12-02,1,1,新购买用户
152854,5,2017-11-30,3,3,高频多品类用户
152857,2,2017-11-27,2,6,稳定复购用户
152877,1,2017-11-25,1,8,低频沉睡用户
152880,4,2017-12-02,4,1,高频多品类用户
152896,2,2017-12-02,2,1,稳定复购用户
152897,5,2017-12-02,5,1,高频多品类用户
152905,2,2017-12-03,2,0,稳定复购用户
152910,3,2017-12-02,3,1,高频多品类用户
152916,1,2017-12-01,1,2,低频沉睡用户
152921,4,2017-12-03,2,0,高频多品类用户
152926,10,2017-12-01,7,2,高频多品类用户
152930,2,2017-12-01,2,2,稳定复购用户
152938,7,2017-12-02,7,1,高频多品类用户
152941,2,2017-12-03,2,0,稳定复购用户
152945,1,2017-12-02,1,1,新购买用户
152948,4,2017-12-02,4,1,高频多品类用户
152982,2,2017-12-02,1,1,稳定复购用户
152985,3,2017-12-01,3,2,高频多品类用户
152992,10,2017-12-03,7,0,高频多品类用户
152997,1,2017-12-03,1,0,新购买用户
153033,5,2017-12-03,5,0,高频多品类用户
153045,1,2017-12-03,1,0,新购买用户
153047,2,2017-11-30,2,3,稳定复购用户
153062,1,2017-11-26,1,7,低频沉睡用户
153101,9,2017-12-03,8,0,高频多品类用户
153107,2,2017-11-30,2,3,稳定复购用户
153116,2,2017-12-02,1,1,稳定复购用户
153126,6,2017-12-02,5,1,高频多品类用户
153138,3,2017-11-27,2,6,高频多品类用户
153144,7,2017-11-29,4,4,高频多品类用户
153147,11,2017-12-02,5,1,高频多品类用户
153154,1,2017-12-02,1,1,新购买用户
153164,2,2017-12-03,2,0,稳定复购用户
153173,1,2017-12-02,1,1,新购买用户
153183,3,2017-12-03,3,0,高频多品类用户
153186,1,2017-11-30,1,3,低频沉睡用户
153190,1,2017-12-02,1,1,新购买用户
153193,4,2017-11-27,3,6,高频多品类用户
153197,2,2017-12-03,2,0,稳定复购用户
153203,8,2017-12-03,5,0,高频多品类用户
153216,2,2017-12-03,2,0,稳定复购用户
153219,8,2017-11-27,6,6,高频多品类用户
153223,2,2017-11-28,2,5,稳定复购用户
153232,1,2017-11-30,1,3,低频沉睡用户
153237,1,2017-11-30,1,3,低频沉睡用户
153240,7,2017-12-03,6,0,高频多品类用户
153251,2,2017-11-29,2,4,稳定复购用户
153254,4,2017-12-03,3,0,高频多品类用户
153279,2,2017-12-03,2,0,稳定复购用户
153282,1,2017-11-28,1,5,低频沉睡用户
153291,2,2017-11-26,1,7,稳定复购用户
153294,2,2017-12-02,2,1,稳定复购用户
153301,2,2017-12-02,2,1,稳定复购用户
153302,3,2017-12-03,3,0,高频多品类用户
153304,1,2017-11-28,1,5,低频沉睡用户
153305,2,2017-12-02,2,1,稳定复购用户
153306,11,2017-12-03,4,0,高频多品类用户
153313,3,2017-12-01,3,2,高频多品类用户
153321,6,2017-12-02,6,1,高频多品类用户
153322,9,2017-11-30,6,3,高频多品类用户
153340,2,2017-12-02,2,1,稳定复购用户
153342,1,2017-11-28,1,5,低频沉睡用户
153371,6,2017-11-28,5,5,高频多品类用户
153376,3,2017-12-02,3,1,高频多品类用户
153380,1,2017-12-01,1,2,低频沉睡用户
153383,9,2017-12-01,9,2,高频多品类用户
153401,1,2017-11-30,1,3,低频沉睡用户
153408,1,2017-12-02,1,1,新购买用户
153409,3,2017-12-03,3,0,高频多品类用户
153410,1,2017-12-02,1,1,新购买用户
153419,4,2017-11-26,4,7,高频多品类用户
153424,1,2017-12-03,1,0,新购买用户
153433,3,2017-12-03,3,0,高频多品类用户
153435,2,2017-12-01,2,2,稳定复购用户
153438,3,2017-12-03,3,0,高频多品类用户
153457,2,2017-11-29,2,4,稳定复购用户
153471,7,2017-12-03,7,0,高频多品类用户
153475,1,2017-11-30,1,3,低频沉睡用户
153486,3,2017-12-01,3,2,高频多品类用户
153502,1,2017-11-25,1,8,低频沉睡用户
153506,3,2017-11-28,3,5,高频多品类用户
153519,4,2017-11-28,4,5,高频多品类用户
153523,6,2017-11-30,4,3,高频多品类用户
153547,1,2017-11-27,1,6,低频沉睡用户
153560,7,2017-12-02,5,1,高频多品类用户
153570,1,2017-11-28,1,5,低频沉睡用户
153572,1,2017-12-02,1,1,新购买用户
153576,1,2017-11-28,1,5,低频沉睡用户
153585,1,2017-12-01,1,2,低频沉睡用户
153611,1,2017-11-29,1,4,低频沉睡用户
153619,10,2017-12-02,9,1,高频多品类用户
153626,4,2017-12-03,4,0,高频多品类用户
153635,1,2017-12-01,1,2,低频沉睡用户
153639,3,2017-11-29,3,4,高频多品类用户
153652,1,2017-12-01,1,2,低频沉睡用户
153683,8,2017-12-03,7,0,高频多品类用户
153695,4,2017-12-03,2,0,高频多品类用户
153704,10,2017-12-02,9,1,高频多品类用户
153709,2,2017-11-28,2,5,稳定复购用户
153710,1,2017-12-03,1,0,新购买用户
153717,2,2017-12-02,2,1,稳定复购用户
153723,4,2017-12-03,3,0,高频多品类用户
153725,3,2017-12-03,3,0,高频多品类用户
153737,1,2017-12-01,1,2,低频沉睡用户
153741,1,2017-12-01,1,2,低频沉睡用户
153760,2,2017-12-01,2,2,稳定复购用户
153765,1,2017-12-02,1,1,新购买用户
153766,1,2017-12-03,1,0,新购买用户
153780,7,2017-12-02,5,1,高频多品类用户
153811,5,2017-12-02,5,1,高频多品类用户
153836,1,2017-11-25,1,8,低频沉睡用户
153837,4,2017-12-01,4,2,高频多品类用户
153838,1,2017-12-01,1,2,低频沉睡用户
153851,1,2017-12-03,1,0,新购买用户
153868,2,2017-12-03,2,0,稳定复购用户
153869,1,2017-11-30,1,3,低频沉睡用户
153875,3,2017-12-01,3,2,高频多品类用户
153879,3,2017-12-02,3,1,高频多品类用户
153880,7,2017-12-01,4,2,高频多品类用户
153896,3,2017-12-02,3,1,高频多品类用户
153900,1,2017-11-28,1,5,低频沉睡用户
153908,5,2017-12-03,5,0,高频多品类用户
153917,2,2017-12-02,1,1,稳定复购用户
153921,1,2017-11-28,1,5,低频沉睡用户
153924,4,2017-11-27,1,6,稳定复购用户
153929,1,2017-12-01,1,2,低频沉睡用户
153935,1,2017-11-26,1,7,低频沉睡用户
153962,1,2017-12-02,1,1,新购买用户
153975,3,2017-12-03,2,0,高频多品类用户
153984,1,2017-11-26,1,7,低频沉睡用户
153987,1,2017-12-02,1,1,新购买用户
153994,1,2017-11-25,1,8,低频沉睡用户
154011,2,2017-12-03,1,0,稳定复购用户
154015,10,2017-12-03,8,0,高频多品类用户
154019,3,2017-11-30,2,3,高频多品类用户
154025,1,2017-12-03,1,0,新购买用户
154030,4,2017-12-03,4,0,高频多品类用户
154032,3,2017-12-02,3,1,高频多品类用户
154034,1,2017-12-02,1,1,新购买用户
154038,1,2017-11-27,1,6,低频沉睡用户
154043,4,2017-12-03,4,0,高频多品类用户
154049,1,2017-11-30,1,3,低频沉睡用户
154052,6,2017-12-01,6,2,高频多品类用户
154058,1,2017-12-03,1,0,新购买用户
154062,2,2017-12-02,2,1,稳定复购用户
154063,1,2017-12-03,1,0,新购买用户
154065,2,2017-11-26,2,7,稳定复购用户
154071,1,2017-11-30,1,3,低频沉睡用户
154075,7,2017-12-02,7,1,高频多品类用户
154079,4,2017-11-28,4,5,高频多品类用户
154092,2,2017-11-29,1,4,稳定复购用户
154094,7,2017-12-02,6,1,高频多品类用户
154099,1,2017-11-26,1,7,低频沉睡用户
154104,3,2017-12-03,3,0,高频多品类用户
154106,1,2017-11-25,1,8,低频沉睡用户
154107,1,2017-11-29,1,4,低频沉睡用户
154109,2,2017-12-02,2,1,稳定复购用户
154114,2,2017-11-30,2,3,稳定复购用户
154116,3,2017-12-03,3,0,高频多品类用户
154120,2,2017-12-03,2,0,稳定复购用户
154124,1,2017-11-30,1,3,低频沉睡用户
154141,1,2017-11-30,1,3,低频沉睡用户
154147,2,2017-12-03,2,0,稳定复购用户
154154,2,2017-11-28,2,5,稳定复购用户
154163,1,2017-12-01,1,2,低频沉睡用户
154165,1,2017-11-29,1,4,低频沉睡用户
154166,2,2017-11-30,2,3,稳定复购用户
154171,4,2017-12-03,4,0,高频多品类用户
154192,1,2017-11-30,1,3,低频沉睡用户
154201,1,2017-11-28,1,5,低频沉睡用户
154202,1,2017-11-29,1,4,低频沉睡用户
154218,2,2017-11-25,2,8,稳定复购用户
154221,2,2017-12-01,2,2,稳定复购用户
154225,1,2017-11-27,1,6,低频沉睡用户
154229,3,2017-12-02,3,1,高频多品类用户
154239,4,2017-12-03,3,0,高频多品类用户
154247,2,2017-12-02,2,1,稳定复购用户
154248,5,2017-12-03,4,0,高频多品类用户
154260,2,2017-12-03,2,0,稳定复购用户
154261,1,2017-11-28,1,5,低频沉睡用户
154264,1,2017-12-03,1,0,新购买用户
154291,3,2017-11-30,3,3,高频多品类用户
154303,5,2017-12-01,4,2,高频多品类用户
154347,1,2017-11-30,1,3,低频沉睡用户
154356,1,2017-11-30,1,3,低频沉睡用户
154395,1,2017-12-02,1,1,新购买用户
154408,2,2017-11-27,2,6,稳定复购用户
154410,1,2017-12-03,1,0,新购买用户
154412,4,2017-12-03,3,0,高频多品类用户
154420,6,2017-12-03,5,0,高频多品类用户
154421,2,2017-12-02,2,1,稳定复购用户
154430,1,2017-12-02,1,1,新购买用户
154434,4,2017-12-02,3,1,高频多品类用户
154438,1,2017-11-28,1,5,低频沉睡用户
154440,6,2017-11-30,6,3,高频多品类用户
154443,2,2017-11-25,2,8,稳定复购用户
154453,2,2017-12-02,2,1,稳定复购用户
154457,4,2017-12-01,3,2,高频多品类用户
154466,3,2017-11-29,3,4,高频多品类用户
154483,1,2017-12-03,1,0,新购买用户
154485,2,2017-11-30,1,3,稳定复购用户
154489,2,2017-11-27,2,6,稳定复购用户
154492,2,2017-12-02,2,1,稳定复购用户
154500,7,2017-11-30,6,3,高频多品类用户
154501,2,2017-11-28,2,5,稳定复购用户
154512,3,2017-11-29,3,4,高频多品类用户
154515,1,2017-11-28,1,5,低频沉睡用户
154519,1,2017-11-25,1,8,低频沉睡用户
154528,1,2017-11-28,1,5,低频沉睡用户
154530,1,2017-11-27,1,6,低频沉睡用户
154538,4,2017-12-02,4,1,高频多品类用户
154546,3,2017-12-03,2,0,高频多品类用户
154550,1,2017-11-30,1,3,低频沉睡用户
154564,1,2017-11-28,1,5,低频沉睡用户
154569,2,2017-12-02,2,1,稳定复购用户
154574,2,2017-11-26,2,7,稳定复购用户
154592,10,2017-11-28,8,5,高频多品类用户
154600,4,2017-11-27,4,6,高频多品类用户
154605,1,2017-11-28,1,5,低频沉睡用户
154609,1,2017-11-28,1,5,低频沉睡用户
154619,4,2017-11-30,3,3,高频多品类用户
154630,3,2017-12-02,3,1,高频多品类用户
154637,3,2017-11-28,3,5,高频多品类用户
154641,3,2017-11-27,2,6,高频多品类用户
154644,4,2017-12-02,4,1,高频多品类用户
154651,3,2017-12-03,3,0,高频多品类用户
154658,5,2017-12-01,5,2,高频多品类用户
154660,1,2017-11-27,1,6,低频沉睡用户
154663,3,2017-12-01,2,2,高频多品类用户
154666,1,2017-11-29,1,4,低频沉睡用户
154669,1,2017-11-28,1,5,低频沉睡用户
154670,1,2017-11-25,1,8,低频沉睡用户
154675,6,2017-12-01,6,2,高频多品类用户
154688,1,2017-11-26,1,7,低频沉睡用户
154690,6,2017-11-26,5,7,高频多品类用户
154692,4,2017-12-03,3,0,高频多品类用户
154694,1,2017-11-28,1,5,低频沉睡用户
154702,3,2017-12-01,3,2,高频多品类用户
154705,1,2017-12-02,1,1,新购买用户
154706,1,2017-11-27,1,6,低频沉睡用户
154711,3,2017-11-29,2,4,高频多品类用户
154719,1,2017-11-25,1,8,低频沉睡用户
154724,4,2017-11-30,4,3,高频多品类用户
154743,6,2017-12-03,4,0,高频多品类用户
154747,1,2017-11-29,1,4,低频沉睡用户
154767,2,2017-12-03,2,0,稳定复购用户
154769,2,2017-11-30,2,3,稳定复购用户
154775,3,2017-11-28,3,5,高频多品类用户
154780,1,2017-11-26,1,7,低频沉睡用户
154788,3,2017-11-25,1,8,稳定复购用户
154791,1,2017-11-29,1,4,低频沉睡用户
154799,8,2017-12-03,6,0,高频多品类用户
154801,1,2017-11-25,1,8,低频沉睡用户
154805,3,2017-12-03,2,0,高频多品类用户
154823,2,2017-12-03,1,0,稳定复购用户
154828,1,2017-12-02,1,1,新购买用户
154829,2,2017-12-02,2,1,稳定复购用户
154847,1,2017-12-02,1,1,新购买用户
154867,3,2017-12-03,2,0,高频多品类用户
154889,3,2017-12-02,1,1,稳定复购用户
154892,1,2017-11-29,1,4,低频沉睡用户
154896,5,2017-11-30,5,3,高频多品类用户
154932,2,2017-12-03,2,0,稳定复购用户
154946,6,2017-12-03,4,0,高频多品类用户
154950,4,2017-12-02,4,1,高频多品类用户
154973,4,2017-12-02,4,1,高频多品类用户
154982,6,2017-12-03,5,0,高频多品类用户
155004,5,2017-12-03,3,0,高频多品类用户
155006,3,2017-12-01,3,2,高频多品类用户
155013,1,2017-11-28,1,5,低频沉睡用户
155014,1,2017-11-25,1,8,低频沉睡用户
155026,1,2017-11-27,1,6,低频沉睡用户
155029,1,2017-11-28,1,5,低频沉睡用户
155031,2,2017-12-02,2,1,稳定复购用户
155038,2,2017-11-28,1,5,稳定复购用户
155047,2,2017-12-03,2,0,稳定复购用户
155070,3,2017-12-03,3,0,高频多品类用户
155073,1,2017-11-25,1,8,低频沉睡用户
155082,3,2017-11-28,2,5,高频多品类用户
155083,1,2017-11-27,1,6,低频沉睡用户
155084,2,2017-12-01,1,2,稳定复购用户
155090,2,2017-12-02,1,1,稳定复购用户
155093,4,2017-12-01,4,2,高频多品类用户
155103,9,2017-12-02,8,1,高频多品类用户
155110,1,2017-11-28,1,5,低频沉睡用户
155112,1,2017-12-01,1,2,低频沉睡用户
155115,1,2017-11-25,1,8,低频沉睡用户
155117,1,2017-11-30,1,3,低频沉睡用户
155123,1,2017-11-28,1,5,低频沉睡用户
155132,3,2017-12-03,3,0,高频多品类用户
155135,2,2017-11-30,2,3,稳定复购用户
155147,4,2017-12-03,3,0,高频多品类用户
155148,4,2017-12-03,4,0,高频多品类用户
155150,2,2017-12-02,2,1,稳定复购用户
155183,2,2017-11-25,2,8,稳定复购用户
155191,2,2017-12-01,2,2,稳定复购用户
155201,1,2017-11-27,1,6,低频沉睡用户
155203,7,2017-11-30,7,3,高频多品类用户
155213,1,2017-11-27,1,6,低频沉睡用户
155223,5,2017-12-01,5,2,高频多品类用户
155227,2,2017-12-02,2,1,稳定复购用户
155236,1,2017-11-30,1,3,低频沉睡用户
155238,2,2017-11-28,2,5,稳定复购用户
155241,3,2017-12-02,3,1,高频多品类用户
155242,2,2017-12-02,2,1,稳定复购用户
155254,3,2017-11-27,3,6,高频多品类用户
155261,10,2017-12-03,8,0,高频多品类用户
155263,11,2017-12-03,10,0,高频多品类用户
155289,1,2017-12-02,1,1,新购买用户
155292,2,2017-11-28,2,5,稳定复购用户
155325,1,2017-11-25,1,8,低频沉睡用户
155336,3,2017-12-02,3,1,高频多品类用户
155344,6,2017-11-27,3,6,高频多品类用户
155345,8,2017-12-02,7,1,高频多品类用户
155358,1,2017-11-27,1,6,低频沉睡用户
155381,1,2017-12-02,1,1,新购买用户
155394,7,2017-12-03,7,0,高频多品类用户
155396,1,2017-11-27,1,6,低频沉睡用户
155397,1,2017-11-30,1,3,低频沉睡用户
155408,2,2017-11-26,2,7,稳定复购用户
155411,2,2017-12-02,2,1,稳定复购用户
155416,1,2017-11-29,1,4,低频沉睡用户
155420,3,2017-11-27,3,6,高频多品类用户
155438,1,2017-11-28,1,5,低频沉睡用户
155453,1,2017-11-26,1,7,低频沉睡用户
155457,3,2017-11-30,3,3,高频多品类用户
155478,1,2017-11-26,1,7,低频沉睡用户
155484,2,2017-12-03,2,0,稳定复购用户
155486,7,2017-11-30,7,3,高频多品类用户
155491,1,2017-11-29,1,4,低频沉睡用户
155493,3,2017-11-29,3,4,高频多品类用户
155495,1,2017-12-01,1,2,低频沉睡用户
155513,5,2017-12-03,3,0,高频多品类用户
155518,1,2017-11-29,1,4,低频沉睡用户
155526,17,2017-12-02,16,1,高频多品类用户
155531,1,2017-11-25,1,8,低频沉睡用户
155539,4,2017-12-03,4,0,高频多品类用户
155551,4,2017-12-01,3,2,高频多品类用户
155555,1,2017-11-29,1,4,低频沉睡用户
155559,1,2017-12-02,1,1,新购买用户
155562,1,2017-12-03,1,0,新购买用户
155567,1,2017-12-03,1,0,新购买用户
155574,2,2017-11-29,2,4,稳定复购用户
155581,1,2017-12-01,1,2,低频沉睡用户
155586,1,2017-11-29,1,4,低频沉睡用户
155599,3,2017-12-01,3,2,高频多品类用户
155614,7,2017-12-01,6,2,高频多品类用户
155616,4,2017-12-02,4,1,高频多品类用户
155624,3,2017-12-03,3,0,高频多品类用户
155634,1,2017-11-29,1,4,低频沉睡用户
155649,10,2017-12-02,9,1,高频多品类用户
155650,5,2017-12-02,4,1,高频多品类用户
155663,2,2017-11-29,2,4,稳定复购用户
155664,3,2017-12-02,3,1,高频多品类用户
155666,4,2017-12-02,3,1,高频多品类用户
155670,18,2017-12-03,18,0,高频多品类用户
155671,3,2017-12-03,3,0,高频多品类用户
155672,3,2017-11-29,2,4,高频多品类用户
155673,1,2017-11-27,1,6,低频沉睡用户
155677,1,2017-11-27,1,6,低频沉睡用户
155682,3,2017-11-26,3,7,高频多品类用户
155693,2,2017-12-03,2,0,稳定复购用户
155696,2,2017-11-29,2,4,稳定复购用户
155708,1,2017-11-25,1,8,低频沉睡用户
155713,5,2017-11-25,3,8,高频多品类用户
155717,1,2017-12-02,1,1,新购买用户
155724,1,2017-12-02,1,1,新购买用户
155733,5,2017-12-01,3,2,高频多品类用户
155734,2,2017-12-03,2,0,稳定复购用户
155735,6,2017-12-03,5,0,高频多品类用户
155743,1,2017-11-30,1,3,低频沉睡用户
155749,8,2017-12-02,8,1,高频多品类用户
155753,1,2017-11-28,1,5,低频沉睡用户
155754,3,2017-12-03,3,0,高频多品类用户
155766,4,2017-12-02,4,1,高频多品类用户
155771,2,2017-12-03,2,0,稳定复购用户
155775,1,2017-11-30,1,3,低频沉睡用户
155787,4,2017-11-30,4,3,高频多品类用户
155801,4,2017-11-30,4,3,高频多品类用户
155803,7,2017-12-02,7,1,高频多品类用户
155816,1,2017-11-26,1,7,低频沉睡用户
155821,1,2017-12-02,1,1,新购买用户
155834,1,2017-11-29,1,4,低频沉睡用户
155841,2,2017-11-25,2,8,稳定复购用户
155842,1,2017-12-02,1,1,新购买用户
155850,2,2017-12-01,2,2,稳定复购用户
155869,3,2017-11-30,2,3,高频多品类用户
155873,2,2017-12-03,2,0,稳定复购用户
155877,3,2017-12-01,3,2,高频多品类用户
155883,1,2017-12-03,1,0,新购买用户
155891,1,2017-12-03,1,0,新购买用户
155897,2,2017-11-28,2,5,稳定复购用户
155908,1,2017-12-01,1,2,低频沉睡用户
155909,3,2017-11-30,3,3,高频多品类用户
155920,9,2017-12-02,6,1,高频多品类用户
155929,1,2017-12-03,1,0,新购买用户
155933,16,2017-12-02,14,1,高频多品类用户
155957,1,2017-11-30,1,3,低频沉睡用户
155958,1,2017-11-28,1,5,低频沉睡用户
155962,2,2017-12-02,2,1,稳定复购用户
155965,1,2017-11-29,1,4,低频沉睡用户
155966,3,2017-12-02,3,1,高频多品类用户
155967,2,2017-12-01,2,2,稳定复购用户
155982,2,2017-12-01,2,2,稳定复购用户
155989,3,2017-11-27,3,6,高频多品类用户
155994,2,2017-12-03,2,0,稳定复购用户
155995,8,2017-12-03,6,0,高频多品类用户
155998,2,2017-11-28,2,5,稳定复购用户
156009,1,2017-11-27,1,6,低频沉睡用户
156023,1,2017-11-28,1,5,低频沉睡用户
156049,5,2017-11-30,4,3,高频多品类用户
156051,6,2017-12-01,6,2,高频多品类用户
156053,4,2017-11-27,4,6,高频多品类用户
156055,7,2017-12-02,6,1,高频多品类用户
156059,7,2017-11-30,7,3,高频多品类用户
156064,2,2017-12-03,2,0,稳定复购用户
156072,2,2017-12-03,2,0,稳定复购用户
156083,5,2017-11-29,3,4,高频多品类用户
156101,1,2017-11-26,1,7,低频沉睡用户
156104,1,2017-11-25,1,8,低频沉睡用户
156118,1,2017-11-29,1,4,低频沉睡用户
156128,3,2017-12-02,3,1,高频多品类用户
156133,3,2017-11-29,3,4,高频多品类用户
156134,2,2017-12-02,2,1,稳定复购用户
156139,1,2017-12-02,1,1,新购买用户
156152,3,2017-12-01,3,2,高频多品类用户
156170,5,2017-12-03,5,0,高频多品类用户
156186,3,2017-12-03,3,0,高频多品类用户
156187,9,2017-12-03,9,0,高频多品类用户
156202,4,2017-11-29,4,4,高频多品类用户
156222,6,2017-12-02,6,1,高频多品类用户
156236,5,2017-12-03,2,0,高频多品类用户
156264,1,2017-11-30,1,3,低频沉睡用户
156268,2,2017-12-03,2,0,稳定复购用户
156272,1,2017-11-29,1,4,低频沉睡用户
156280,1,2017-11-29,1,4,低频沉睡用户
156287,1,2017-12-03,1,0,新购买用户
156294,1,2017-11-29,1,4,低频沉睡用户
156298,3,2017-12-01,3,2,高频多品类用户
156305,2,2017-12-01,2,2,稳定复购用户
156316,2,2017-12-03,2,0,稳定复购用户
156317,5,2017-12-03,5,0,高频多品类用户
156330,2,2017-12-03,2,0,稳定复购用户
156337,2,2017-12-03,2,0,稳定复购用户
156338,2,2017-12-02,2,1,稳定复购用户
156339,2,2017-12-02,2,1,稳定复购用户
156340,1,2017-12-03,1,0,新购买用户
156347,2,2017-12-01,2,2,稳定复购用户
156357,3,2017-12-03,3,0,高频多品类用户
156358,2,2017-12-03,2,0,稳定复购用户
156374,3,2017-11-29,1,4,稳定复购用户
156375,2,2017-11-27,2,6,稳定复购用户
156394,1,2017-11-29,1,4,低频沉睡用户
156399,1,2017-11-26,1,7,低频沉睡用户
156406,2,2017-12-01,2,2,稳定复购用户
156413,2,2017-12-01,2,2,稳定复购用户
156422,4,2017-11-26,3,7,高频多品类用户
156431,1,2017-12-03,1,0,新购买用户
156437,4,2017-12-03,4,0,高频多品类用户
156441,3,2017-11-29,3,4,高频多品类用户
156448,1,2017-11-28,1,5,低频沉睡用户
156452,2,2017-11-29,2,4,稳定复购用户
156458,1,2017-12-02,1,1,新购买用户
156466,2,2017-12-01,2,2,稳定复购用户
156467,2,2017-11-29,2,4,稳定复购用户
156482,2,2017-12-03,2,0,稳定复购用户
156487,5,2017-11-28,4,5,高频多品类用户
156488,6,2017-12-03,6,0,高频多品类用户
156495,1,2017-12-02,1,1,新购买用户
156497,2,2017-12-02,2,1,稳定复购用户
156518,8,2017-12-02,7,1,高频多品类用户
156520,2,2017-11-27,2,6,稳定复购用户
156539,6,2017-11-27,3,6,高频多品类用户
156540,4,2017-12-03,4,0,高频多品类用户
156544,3,2017-11-28,3,5,高频多品类用户
156547,4,2017-11-30,2,3,高频多品类用户
156550,1,2017-11-28,1,5,低频沉睡用户
156557,1,2017-11-26,1,7,低频沉睡用户
156574,8,2017-12-02,8,1,高频多品类用户
156586,1,2017-12-03,1,0,新购买用户
156597,2,2017-12-02,2,1,稳定复购用户
156598,3,2017-12-02,3,1,高频多品类用户
156616,1,2017-12-02,1,1,新购买用户
156621,4,2017-12-01,4,2,高频多品类用户
156622,6,2017-11-30,6,3,高频多品类用户
156623,2,2017-12-02,2,1,稳定复购用户
156632,2,2017-12-03,2,0,稳定复购用户
156640,1,2017-11-28,1,5,低频沉睡用户
156644,1,2017-11-27,1,6,低频沉睡用户
156647,3,2017-12-02,3,1,高频多品类用户
156648,1,2017-12-01,1,2,低频沉睡用户
156686,2,2017-11-27,2,6,稳定复购用户
156694,1,2017-12-03,1,0,新购买用户
156696,1,2017-11-30,1,3,低频沉睡用户
156714,1,2017-11-25,1,8,低频沉睡用户
156739,3,2017-12-03,3,0,高频多品类用户
156741,1,2017-12-03,1,0,新购买用户
156748,1,2017-11-26,1,7,低频沉睡用户
156763,5,2017-12-03,4,0,高频多品类用户
156768,2,2017-12-02,2,1,稳定复购用户
156785,2,2017-12-03,2,0,稳定复购用户
156803,1,2017-11-28,1,5,低频沉睡用户
156813,1,2017-11-28,1,5,低频沉睡用户
156820,1,2017-11-26,1,7,低频沉睡用户
156824,1,2017-11-30,1,3,低频沉睡用户
156829,1,2017-12-03,1,0,新购买用户
156834,11,2017-12-02,7,1,高频多品类用户
156835,2,2017-12-03,2,0,稳定复购用户
156841,5,2017-12-03,5,0,高频多品类用户
156843,4,2017-11-30,4,3,高频多品类用户
156855,8,2017-12-01,7,2,高频多品类用户
156858,1,2017-11-28,1,5,低频沉睡用户
156859,2,2017-12-01,2,2,稳定复购用户
156875,7,2017-11-29,7,4,高频多品类用户
156876,1,2017-12-01,1,2,低频沉睡用户
156877,8,2017-12-03,7,0,高频多品类用户
156884,1,2017-11-28,1,5,低频沉睡用户
156885,1,2017-11-29,1,4,低频沉睡用户
156887,3,2017-11-30,3,3,高频多品类用户
156891,3,2017-11-30,2,3,高频多品类用户
156899,2,2017-11-28,2,5,稳定复购用户
156931,3,2017-11-25,2,8,高频多品类用户
156939,2,2017-12-02,2,1,稳定复购用户
156947,1,2017-11-27,1,6,低频沉睡用户
156958,2,2017-12-02,2,1,稳定复购用户
156962,4,2017-12-02,3,1,高频多品类用户
156982,2,2017-12-01,1,2,稳定复购用户
156993,3,2017-12-03,3,0,高频多品类用户
157004,6,2017-12-03,6,0,高频多品类用户
157009,4,2017-12-02,3,1,高频多品类用户
157015,1,2017-11-30,1,3,低频沉睡用户
157016,6,2017-12-02,5,1,高频多品类用户
157020,2,2017-12-02,2,1,稳定复购用户
157022,2,2017-12-03,2,0,稳定复购用户
157025,3,2017-11-28,1,5,稳定复购用户
157050,2,2017-12-03,2,0,稳定复购用户
157057,4,2017-11-30,3,3,高频多品类用户
157062,1,2017-11-30,1,3,低频沉睡用户
157069,2,2017-11-28,2,5,稳定复购用户
157070,1,2017-11-26,1,7,低频沉睡用户
157071,1,2017-12-03,1,0,新购买用户
157074,4,2017-12-02,4,1,高频多品类用户
157083,3,2017-11-30,3,3,高频多品类用户
157087,4,2017-12-02,3,1,高频多品类用户
157097,3,2017-12-01,3,2,高频多品类用户
157101,1,2017-12-02,1,1,新购买用户
157105,1,2017-11-26,1,7,低频沉睡用户
157107,5,2017-12-03,5,0,高频多品类用户
157117,2,2017-12-03,2,0,稳定复购用户
157121,1,2017-12-02,1,1,新购买用户
157124,1,2017-11-28,1,5,低频沉睡用户
157126,1,2017-12-02,1,1,新购买用户
157128,1,2017-11-29,1,4,低频沉睡用户
157137,1,2017-12-03,1,0,新购买用户
157141,5,2017-11-30,5,3,高频多品类用户
157142,4,2017-12-01,4,2,高频多品类用户
157155,2,2017-11-27,2,6,稳定复购用户
157165,2,2017-11-26,2,7,稳定复购用户
157166,2,2017-11-26,2,7,稳定复购用户
157171,1,2017-11-25,1,8,低频沉睡用户
157186,3,2017-12-02,3,1,高频多品类用户
157187,1,2017-12-03,1,0,新购买用户
157188,1,2017-11-27,1,6,低频沉睡用户
157206,1,2017-12-03,1,0,新购买用户
157212,4,2017-12-02,4,1,高频多品类用户
157220,2,2017-11-30,2,3,稳定复购用户
157233,3,2017-12-02,3,1,高频多品类用户
157237,1,2017-12-01,1,2,低频沉睡用户
157246,4,2017-12-01,1,2,稳定复购用户
157259,10,2017-12-03,6,0,高频多品类用户
157260,5,2017-11-28,4,5,高频多品类用户
157262,6,2017-12-03,5,0,高频多品类用户
157272,6,2017-12-02,5,1,高频多品类用户
157273,3,2017-12-01,3,2,高频多品类用户
157292,2,2017-11-25,2,8,稳定复购用户
157293,2,2017-12-01,2,2,稳定复购用户
157302,1,2017-12-03,1,0,新购买用户
157310,3,2017-11-29,3,4,高频多品类用户
157316,2,2017-11-28,2,5,稳定复购用户
157324,2,2017-12-03,2,0,稳定复购用户
157327,3,2017-11-29,3,4,高频多品类用户
157335,5,2017-12-02,4,1,高频多品类用户
157341,2,2017-11-27,2,6,稳定复购用户
157346,1,2017-11-25,1,8,低频沉睡用户
157354,1,2017-12-03,1,0,新购买用户
157363,5,2017-11-30,3,3,高频多品类用户
157366,1,2017-11-27,1,6,低频沉睡用户
157375,1,2017-11-26,1,7,低频沉睡用户
157376,11,2017-12-03,10,0,高频多品类用户
157392,4,2017-12-03,4,0,高频多品类用户
157398,2,2017-12-02,2,1,稳定复购用户
157425,13,2017-11-27,12,6,高频多品类用户
157427,2,2017-11-29,2,4,稳定复购用户
157433,1,2017-11-29,1,4,低频沉睡用户
157437,2,2017-11-29,2,4,稳定复购用户
157440,1,2017-12-01,1,2,低频沉睡用户
157455,1,2017-11-26,1,7,低频沉睡用户
157465,1,2017-11-30,1,3,低频沉睡用户
157467,1,2017-12-03,1,0,新购买用户
157495,1,2017-11-27,1,6,低频沉睡用户
157498,2,2017-11-29,2,4,稳定复购用户
157510,1,2017-12-02,1,1,新购买用户
157511,16,2017-11-29,7,4,高频多品类用户
157526,1,2017-11-26,1,7,低频沉睡用户
157530,6,2017-12-01,6,2,高频多品类用户
157538,2,2017-12-01,2,2,稳定复购用户
157541,3,2017-12-03,3,0,高频多品类用户
157563,3,2017-11-27,2,6,高频多品类用户
157565,4,2017-12-03,4,0,高频多品类用户
157598,5,2017-12-03,5,0,高频多品类用户
157601,4,2017-12-02,4,1,高频多品类用户
157602,2,2017-11-28,2,5,稳定复购用户
157606,3,2017-11-30,3,3,高频多品类用户
157610,3,2017-12-03,3,0,高频多品类用户
157620,2,2017-11-28,2,5,稳定复购用户
157647,2,2017-11-26,2,7,稳定复购用户
157664,1,2017-11-28,1,5,低频沉睡用户
157674,2,2017-11-27,2,6,稳定复购用户
157678,1,2017-11-28,1,5,低频沉睡用户
157683,1,2017-11-28,1,5,低频沉睡用户
157687,4,2017-12-02,4,1,高频多品类用户
157690,2,2017-11-28,2,5,稳定复购用户
157711,3,2017-12-01,3,2,高频多品类用户
157731,2,2017-11-29,1,4,稳定复购用户
157740,2,2017-12-03,2,0,稳定复购用户
157745,5,2017-12-02,5,1,高频多品类用户
157768,3,2017-11-29,3,4,高频多品类用户
157787,3,2017-12-03,3,0,高频多品类用户
157791,1,2017-11-30,1,3,低频沉睡用户
157793,15,2017-12-03,11,0,高频多品类用户
157814,2,2017-11-29,2,4,稳定复购用户
157823,4,2017-12-03,4,0,高频多品类用户
157834,2,2017-12-01,2,2,稳定复购用户
157836,6,2017-12-03,4,0,高频多品类用户
157849,1,2017-11-27,1,6,低频沉睡用户
157851,4,2017-12-01,4,2,高频多品类用户
157854,4,2017-11-30,4,3,高频多品类用户
157856,1,2017-11-29,1,4,低频沉睡用户
157860,2,2017-12-03,2,0,稳定复购用户
157862,2,2017-12-01,1,2,稳定复购用户
157868,1,2017-11-29,1,4,低频沉睡用户
157872,1,2017-11-26,1,7,低频沉睡用户
157880,3,2017-12-02,2,1,高频多品类用户
157881,1,2017-11-26,1,7,低频沉睡用户
157887,2,2017-12-01,2,2,稳定复购用户
157894,4,2017-12-03,4,0,高频多品类用户
157897,4,2017-12-02,3,1,高频多品类用户
157902,1,2017-12-03,1,0,新购买用户
157907,2,2017-11-28,2,5,稳定复购用户
157911,3,2017-12-02,3,1,高频多品类用户
157940,1,2017-11-27,1,6,低频沉睡用户
157941,4,2017-11-30,3,3,高频多品类用户
157945,3,2017-11-30,3,3,高频多品类用户
157946,1,2017-12-03,1,0,新购买用户
157955,5,2017-12-02,4,1,高频多品类用户
157956,2,2017-11-27,1,6,稳定复购用户
157964,5,2017-11-28,4,5,高频多品类用户
157971,4,2017-12-02,3,1,高频多品类用户
157983,2,2017-11-30,2,3,稳定复购用户
157988,7,2017-12-02,6,1,高频多品类用户
157996,1,2017-11-25,1,8,低频沉睡用户
158010,5,2017-12-03,4,0,高频多品类用户
158016,2,2017-12-02,1,1,稳定复购用户
158017,3,2017-11-27,2,6,高频多品类用户
158027,2,2017-12-03,2,0,稳定复购用户
158028,2,2017-11-29,2,4,稳定复购用户
158035,1,2017-11-30,1,3,低频沉睡用户
158039,1,2017-11-26,1,7,低频沉睡用户
158050,1,2017-12-01,1,2,低频沉睡用户
158059,1,2017-11-28,1,5,低频沉睡用户
158060,2,2017-11-29,1,4,稳定复购用户
158061,4,2017-12-02,4,1,高频多品类用户
158072,1,2017-12-02,1,1,新购买用户
158082,1,2017-11-30,1,3,低频沉睡用户
158093,1,2017-11-28,1,5,低频沉睡用户
158094,5,2017-12-01,4,2,高频多品类用户
158096,1,2017-11-27,1,6,低频沉睡用户
158097,2,2017-11-29,2,4,稳定复购用户
158102,1,2017-12-01,1,2,低频沉睡用户
158103,1,2017-11-28,1,5,低频沉睡用户
158114,14,2017-12-02,8,1,高频多品类用户
158116,1,2017-11-28,1,5,低频沉睡用户
158122,2,2017-12-02,2,1,稳定复购用户
158130,5,2017-12-01,3,2,高频多品类用户
158138,1,2017-11-26,1,7,低频沉睡用户
158140,1,2017-11-27,1,6,低频沉睡用户
158147,1,2017-11-26,1,7,低频沉睡用户
158153,2,2017-12-03,2,0,稳定复购用户
158176,8,2017-12-03,7,0,高频多品类用户
158181,2,2017-11-30,2,3,稳定复购用户
158190,1,2017-11-25,1,8,低频沉睡用户
158201,1,2017-12-02,1,1,新购买用户
158205,4,2017-12-01,4,2,高频多品类用户
158216,3,2017-12-02,2,1,高频多品类用户
158220,1,2017-11-25,1,8,低频沉睡用户
158232,3,2017-12-02,3,1,高频多品类用户
158235,2,2017-12-01,2,2,稳定复购用户
158239,4,2017-12-02,4,1,高频多品类用户
158244,3,2017-11-26,3,7,高频多品类用户
158246,3,2017-12-02,3,1,高频多品类用户
158251,2,2017-12-01,2,2,稳定复购用户
158256,4,2017-12-02,3,1,高频多品类用户
158261,10,2017-12-02,8,1,高频多品类用户
158271,1,2017-12-01,1,2,低频沉睡用户
158288,3,2017-11-30,3,3,高频多品类用户
158296,7,2017-12-02,7,1,高频多品类用户
158303,5,2017-12-03,5,0,高频多品类用户
158310,1,2017-11-30,1,3,低频沉睡用户
158312,1,2017-11-26,1,7,低频沉睡用户
158343,2,2017-11-26,2,7,稳定复购用户
158348,3,2017-11-30,3,3,高频多品类用户
158353,5,2017-12-03,5,0,高频多品类用户
158361,3,2017-12-03,3,0,高频多品类用户
158364,3,2017-11-26,3,7,高频多品类用户
158366,2,2017-12-03,2,0,稳定复购用户
158387,1,2017-11-30,1,3,低频沉睡用户
158401,3,2017-12-03,3,0,高频多品类用户
158403,3,2017-11-27,3,6,高频多品类用户
158442,1,2017-12-02,1,1,新购买用户
158444,6,2017-12-02,5,1,高频多品类用户
158449,5,2017-11-30,4,3,高频多品类用户
158475,2,2017-12-01,2,2,稳定复购用户
158476,5,2017-12-03,4,0,高频多品类用户
158487,2,2017-12-03,2,0,稳定复购用户
158502,3,2017-11-30,2,3,高频多品类用户
158515,1,2017-12-01,1,2,低频沉睡用户
158521,2,2017-11-26,2,7,稳定复购用户
158529,7,2017-12-02,4,1,高频多品类用户
158530,1,2017-11-27,1,6,低频沉睡用户
158534,1,2017-11-29,1,4,低频沉睡用户
158539,3,2017-12-02,2,1,高频多品类用户
158540,3,2017-12-01,3,2,高频多品类用户
158541,1,2017-12-01,1,2,低频沉睡用户
158566,1,2017-12-03,1,0,新购买用户
158569,1,2017-12-01,1,2,低频沉睡用户
158574,1,2017-11-28,1,5,低频沉睡用户
158576,1,2017-12-03,1,0,新购买用户
158580,1,2017-11-30,1,3,低频沉睡用户
158595,2,2017-11-27,2,6,稳定复购用户
158597,4,2017-11-30,4,3,高频多品类用户
158603,6,2017-12-02,5,1,高频多品类用户
158611,6,2017-11-30,6,3,高频多品类用户
158612,1,2017-11-28,1,5,低频沉睡用户
158636,4,2017-12-03,3,0,高频多品类用户
158637,2,2017-12-02,1,1,稳定复购用户
158646,3,2017-12-01,3,2,高频多品类用户
158651,1,2017-11-26,1,7,低频沉睡用户
158662,1,2017-12-01,1,2,低频沉睡用户
158675,1,2017-11-28,1,5,低频沉睡用户
158678,6,2017-11-30,5,3,高频多品类用户
158683,3,2017-11-30,2,3,高频多品类用户
158686,3,2017-12-02,2,1,高频多品类用户
158697,4,2017-12-03,3,0,高频多品类用户
158698,3,2017-12-03,3,0,高频多品类用户
158706,12,2017-12-01,8,2,高频多品类用户
158722,4,2017-12-03,4,0,高频多品类用户
158724,5,2017-11-30,5,3,高频多品类用户
158731,4,2017-12-01,3,2,高频多品类用户
158734,11,2017-12-02,7,1,高频多品类用户
158752,5,2017-12-03,3,0,高频多品类用户
158760,2,2017-12-01,1,2,稳定复购用户
158766,5,2017-12-03,4,0,高频多品类用户
158786,1,2017-11-25,1,8,低频沉睡用户
158803,42,2017-11-28,13,5,高频多品类用户
158822,4,2017-12-03,4,0,高频多品类用户
158823,1,2017-11-25,1,8,低频沉睡用户
158835,4,2017-11-29,4,4,高频多品类用户
158845,3,2017-11-29,3,4,高频多品类用户
158847,8,2017-12-01,3,2,高频多品类用户
158851,2,2017-12-02,2,1,稳定复购用户
158853,8,2017-12-01,5,2,高频多品类用户
158855,3,2017-12-01,3,2,高频多品类用户
158857,1,2017-11-27,1,6,低频沉睡用户
158884,7,2017-11-29,7,4,高频多品类用户
158915,1,2017-11-30,1,3,低频沉睡用户
158918,4,2017-12-02,4,1,高频多品类用户
158923,1,2017-12-02,1,1,新购买用户
158925,1,2017-11-25,1,8,低频沉睡用户
158947,4,2017-12-02,4,1,高频多品类用户
158950,1,2017-11-26,1,7,低频沉睡用户
158965,1,2017-12-03,1,0,新购买用户
158966,1,2017-12-01,1,2,低频沉睡用户
158991,4,2017-12-02,4,1,高频多品类用户
159004,9,2017-12-02,6,1,高频多品类用户
159007,2,2017-11-28,2,5,稳定复购用户
159025,3,2017-11-25,3,8,高频多品类用户
159026,1,2017-11-30,1,3,低频沉睡用户
159029,1,2017-11-30,1,3,低频沉睡用户
159048,4,2017-11-25,4,8,高频多品类用户
159050,4,2017-12-03,3,0,高频多品类用户
159053,1,2017-12-01,1,2,低频沉睡用户
159064,2,2017-12-03,2,0,稳定复购用户
159075,3,2017-12-01,3,2,高频多品类用户
159086,2,2017-11-30,2,3,稳定复购用户
159090,1,2017-11-29,1,4,低频沉睡用户
159093,1,2017-12-03,1,0,新购买用户
159096,3,2017-12-01,3,2,高频多品类用户
159123,1,2017-11-27,1,6,低频沉睡用户
159126,4,2017-12-03,4,0,高频多品类用户
159134,11,2017-12-03,10,0,高频多品类用户
159136,18,2017-12-03,17,0,高频多品类用户
159139,7,2017-12-02,6,1,高频多品类用户
159146,2,2017-12-02,2,1,稳定复购用户
159157,2,2017-11-30,2,3,稳定复购用户
159169,1,2017-12-02,1,1,新购买用户
159170,1,2017-12-02,1,1,新购买用户
159171,1,2017-12-01,1,2,低频沉睡用户
159179,1,2017-11-27,1,6,低频沉睡用户
159184,3,2017-12-02,3,1,高频多品类用户
159185,2,2017-11-30,2,3,稳定复购用户
159196,1,2017-12-01,1,2,低频沉睡用户
159215,4,2017-12-02,2,1,高频多品类用户
159237,7,2017-11-28,7,5,高频多品类用户
159269,2,2017-11-29,2,4,稳定复购用户
159274,6,2017-11-27,4,6,高频多品类用户
159284,2,2017-11-25,2,8,稳定复购用户
159291,11,2017-12-03,11,0,高频多品类用户
159292,3,2017-11-30,3,3,高频多品类用户
159301,2,2017-12-02,2,1,稳定复购用户
159305,1,2017-11-28,1,5,低频沉睡用户
159322,4,2017-11-27,4,6,高频多品类用户
159325,3,2017-12-03,3,0,高频多品类用户
159334,1,2017-11-27,1,6,低频沉睡用户
159338,4,2017-11-29,3,4,高频多品类用户
159350,1,2017-12-03,1,0,新购买用户
159359,2,2017-12-03,2,0,稳定复购用户
159362,4,2017-12-03,4,0,高频多品类用户
159379,3,2017-12-02,3,1,高频多品类用户
159382,1,2017-11-25,1,8,低频沉睡用户
159383,10,2017-11-27,9,6,高频多品类用户
159385,2,2017-12-03,2,0,稳定复购用户
159387,5,2017-12-03,4,0,高频多品类用户
159399,2,2017-12-03,2,0,稳定复购用户
159411,1,2017-12-01,1,2,低频沉睡用户
159424,1,2017-12-02,1,1,新购买用户
159455,8,2017-12-01,5,2,高频多品类用户
159474,3,2017-12-03,2,0,高频多品类用户
159475,1,2017-11-29,1,4,低频沉睡用户
159501,1,2017-12-02,1,1,新购买用户
159517,3,2017-11-28,3,5,高频多品类用户
159521,1,2017-11-27,1,6,低频沉睡用户
159523,1,2017-11-26,1,7,低频沉睡用户
159534,2,2017-12-02,2,1,稳定复购用户
159545,5,2017-12-03,5,0,高频多品类用户
159551,9,2017-12-03,9,0,高频多品类用户
159560,1,2017-12-03,1,0,新购买用户
159570,2,2017-12-02,2,1,稳定复购用户
159577,6,2017-12-02,6,1,高频多品类用户
159588,1,2017-11-25,1,8,低频沉睡用户
159589,2,2017-12-01,2,2,稳定复购用户
159598,4,2017-12-03,3,0,高频多品类用户
159608,1,2017-11-27,1,6,低频沉睡用户
159619,2,2017-12-02,2,1,稳定复购用户
159620,4,2017-12-02,3,1,高频多品类用户
159634,1,2017-11-27,1,6,低频沉睡用户
159641,2,2017-12-03,2,0,稳定复购用户
159661,3,2017-11-30,2,3,高频多品类用户
159664,1,2017-12-02,1,1,新购买用户
159692,1,2017-12-02,1,1,新购买用户
159705,2,2017-12-02,2,1,稳定复购用户
159708,2,2017-11-30,1,3,稳定复购用户
159709,2,2017-11-29,2,4,稳定复购用户
159710,2,2017-12-02,2,1,稳定复购用户
159716,1,2017-11-25,1,8,低频沉睡用户
159717,21,2017-12-02,15,1,高频多品类用户
159723,2,2017-11-28,2,5,稳定复购用户
159727,3,2017-11-28,2,5,高频多品类用户
159746,2,2017-11-29,2,4,稳定复购用户
159747,5,2017-12-02,3,1,高频多品类用户
159748,2,2017-11-30,2,3,稳定复购用户
159757,2,2017-11-25,2,8,稳定复购用户
159763,3,2017-11-28,3,5,高频多品类用户
159770,2,2017-12-02,2,1,稳定复购用户
159774,3,2017-12-01,2,2,高频多品类用户
159776,1,2017-11-30,1,3,低频沉睡用户
159781,3,2017-12-02,3,1,高频多品类用户
159802,2,2017-12-03,2,0,稳定复购用户
159823,2,2017-12-01,2,2,稳定复购用户
159830,2,2017-11-29,2,4,稳定复购用户
159834,2,2017-12-02,1,1,稳定复购用户
159852,2,2017-12-03,2,0,稳定复购用户
159855,3,2017-11-28,3,5,高频多品类用户
159860,3,2017-12-02,3,1,高频多品类用户
159871,1,2017-11-30,1,3,低频沉睡用户
159886,1,2017-12-03,1,0,新购买用户
159887,2,2017-12-03,2,0,稳定复购用户
159891,1,2017-12-02,1,1,新购买用户
159893,5,2017-12-02,4,1,高频多品类用户
159895,3,2017-12-01,3,2,高频多品类用户
159911,6,2017-12-02,6,1,高频多品类用户
159914,1,2017-11-28,1,5,低频沉睡用户
159915,2,2017-11-28,2,5,稳定复购用户
159927,1,2017-12-03,1,0,新购买用户
159928,2,2017-11-26,2,7,稳定复购用户
159931,5,2017-12-01,5,2,高频多品类用户
159932,3,2017-11-30,2,3,高频多品类用户
159933,4,2017-11-30,4,3,高频多品类用户
159940,3,2017-12-02,3,1,高频多品类用户
159949,2,2017-11-25,2,8,稳定复购用户
159966,1,2017-11-28,1,5,低频沉睡用户
159971,6,2017-11-30,5,3,高频多品类用户
159983,1,2017-12-03,1,0,新购买用户
159986,4,2017-12-03,4,0,高频多品类用户
159992,3,2017-12-02,3,1,高频多品类用户
159999,2,2017-12-02,2,1,稳定复购用户
160015,2,2017-11-30,2,3,稳定复购用户
160021,2,2017-12-03,2,0,稳定复购用户
160024,1,2017-12-02,1,1,新购买用户
160032,1,2017-11-29,1,4,低频沉睡用户
160034,5,2017-12-03,5,0,高频多品类用户
160045,5,2017-11-30,5,3,高频多品类用户
160059,1,2017-11-30,1,3,低频沉睡用户
160066,2,2017-11-27,2,6,稳定复购用户
160070,3,2017-11-29,3,4,高频多品类用户
160093,5,2017-12-01,5,2,高频多品类用户
160100,1,2017-11-28,1,5,低频沉睡用户
160107,3,2017-11-29,2,4,高频多品类用户
160109,5,2017-12-02,5,1,高频多品类用户
160114,3,2017-12-02,3,1,高频多品类用户
160119,2,2017-12-02,2,1,稳定复购用户
160134,2,2017-12-02,2,1,稳定复购用户
160135,2,2017-12-02,2,1,稳定复购用户
160139,3,2017-12-01,1,2,稳定复购用户
160140,2,2017-12-02,2,1,稳定复购用户
160148,12,2017-12-02,10,1,高频多品类用户
160149,1,2017-11-25,1,8,低频沉睡用户
160153,1,2017-12-03,1,0,新购买用户
160157,4,2017-11-29,3,4,高频多品类用户
160169,4,2017-12-03,2,0,高频多品类用户
160175,1,2017-11-28,1,5,低频沉睡用户
160187,1,2017-12-01,1,2,低频沉睡用户
160192,2,2017-11-30,2,3,稳定复购用户
160197,4,2017-11-28,3,5,高频多品类用户
160202,4,2017-12-03,4,0,高频多品类用户
160210,2,2017-11-27,2,6,稳定复购用户
160237,6,2017-12-03,5,0,高频多品类用户
160241,3,2017-11-30,3,3,高频多品类用户
160242,1,2017-12-01,1,2,低频沉睡用户
160249,2,2017-12-01,2,2,稳定复购用户
160250,3,2017-12-02,3,1,高频多品类用户
160258,2,2017-12-02,2,1,稳定复购用户
160271,4,2017-12-01,4,2,高频多品类用户
160273,2,2017-12-01,2,2,稳定复购用户
160279,4,2017-11-28,4,5,高频多品类用户
160284,4,2017-11-28,4,5,高频多品类用户
160313,1,2017-11-29,1,4,低频沉睡用户
160318,1,2017-11-30,1,3,低频沉睡用户
160327,1,2017-11-28,1,5,低频沉睡用户
160343,4,2017-11-27,4,6,高频多品类用户
160350,9,2017-12-03,7,0,高频多品类用户
160351,5,2017-12-01,5,2,高频多品类用户
160357,6,2017-12-03,6,0,高频多品类用户
160365,1,2017-12-01,1,2,低频沉睡用户
160366,1,2017-11-30,1,3,低频沉睡用户
160368,8,2017-12-03,8,0,高频多品类用户
160372,3,2017-11-27,3,6,高频多品类用户
160373,3,2017-11-30,3,3,高频多品类用户
160380,1,2017-12-03,1,0,新购买用户
160387,1,2017-11-30,1,3,低频沉睡用户
160418,1,2017-11-28,1,5,低频沉睡用户
160422,1,2017-12-03,1,0,新购买用户
160426,1,2017-11-28,1,5,低频沉睡用户
160443,5,2017-11-30,2,3,高频多品类用户
160451,2,2017-12-03,2,0,稳定复购用户
160457,1,2017-12-03,1,0,新购买用户
160467,1,2017-11-28,1,5,低频沉睡用户
160473,5,2017-12-03,3,0,高频多品类用户
160484,2,2017-11-27,2,6,稳定复购用户
160490,5,2017-12-03,4,0,高频多品类用户
160494,2,2017-12-02,2,1,稳定复购用户
160495,2,2017-12-01,2,2,稳定复购用户
160498,1,2017-12-03,1,0,新购买用户
160499,3,2017-11-30,2,3,高频多品类用户
160511,1,2017-11-28,1,5,低频沉睡用户
160512,3,2017-12-02,3,1,高频多品类用户
160514,1,2017-11-27,1,6,低频沉睡用户
160516,6,2017-11-30,6,3,高频多品类用户
160524,3,2017-11-29,3,4,高频多品类用户
160525,1,2017-12-01,1,2,低频沉睡用户
160528,2,2017-11-28,2,5,稳定复购用户
160530,1,2017-11-29,1,4,低频沉睡用户
160533,2,2017-11-29,2,4,稳定复购用户
160540,8,2017-12-03,5,0,高频多品类用户
160546,3,2017-12-03,3,0,高频多品类用户
160548,1,2017-11-30,1,3,低频沉睡用户
160549,1,2017-11-29,1,4,低频沉睡用户
160556,2,2017-12-03,2,0,稳定复购用户
160559,2,2017-11-30,1,3,稳定复购用户
160560,3,2017-12-01,3,2,高频多品类用户
160564,1,2017-12-01,1,2,低频沉睡用户
160569,1,2017-12-03,1,0,新购买用户
160573,1,2017-12-03,1,0,新购买用户
160585,15,2017-12-03,14,0,高频多品类用户
160602,3,2017-11-30,2,3,高频多品类用户
160607,3,2017-12-03,3,0,高频多品类用户
160614,1,2017-12-03,1,0,新购买用户
160627,1,2017-11-25,1,8,低频沉睡用户
160628,2,2017-12-01,1,2,稳定复购用户
160636,8,2017-12-02,8,1,高频多品类用户
160637,1,2017-11-28,1,5,低频沉睡用户
160645,6,2017-11-30,6,3,高频多品类用户
160647,3,2017-12-03,3,0,高频多品类用户
160658,2,2017-12-02,2,1,稳定复购用户
160662,10,2017-11-25,1,8,稳定复购用户
160671,4,2017-12-01,4,2,高频多品类用户
160675,5,2017-12-03,5,0,高频多品类用户
160687,1,2017-12-02,1,1,新购买用户
160706,4,2017-12-03,4,0,高频多品类用户
160707,1,2017-11-28,1,5,低频沉睡用户
160712,1,2017-11-25,1,8,低频沉睡用户
160721,2,2017-11-27,2,6,稳定复购用户
160735,1,2017-11-25,1,8,低频沉睡用户
160741,3,2017-12-03,2,0,高频多品类用户
160743,6,2017-12-03,4,0,高频多品类用户
160754,2,2017-12-03,1,0,稳定复购用户
160766,1,2017-11-28,1,5,低频沉睡用户
160768,5,2017-12-02,4,1,高频多品类用户
160774,1,2017-11-30,1,3,低频沉睡用户
160777,3,2017-12-03,2,0,高频多品类用户
160782,3,2017-12-03,3,0,高频多品类用户
160784,4,2017-11-29,4,4,高频多品类用户
160788,2,2017-12-02,2,1,稳定复购用户
160797,2,2017-12-01,2,2,稳定复购用户
160812,3,2017-11-27,3,6,高频多品类用户
160814,3,2017-12-03,3,0,高频多品类用户
160817,2,2017-11-26,2,7,稳定复购用户
160830,6,2017-12-02,5,1,高频多品类用户
160837,3,2017-12-03,2,0,高频多品类用户
160838,3,2017-11-30,1,3,稳定复购用户
160844,5,2017-12-03,3,0,高频多品类用户
160849,1,2017-11-30,1,3,低频沉睡用户
160852,2,2017-11-30,2,3,稳定复购用户
160855,1,2017-12-02,1,1,新购买用户
160889,7,2017-12-03,2,0,高频多品类用户
160891,2,2017-12-03,2,0,稳定复购用户
160893,1,2017-12-02,1,1,新购买用户
160894,5,2017-11-30,5,3,高频多品类用户
160897,1,2017-11-25,1,8,低频沉睡用户
160899,2,2017-11-30,2,3,稳定复购用户
160904,10,2017-12-03,9,0,高频多品类用户
160911,2,2017-12-03,2,0,稳定复购用户
160916,2,2017-12-03,2,0,稳定复购用户
160924,1,2017-12-02,1,1,新购买用户
160928,1,2017-11-29,1,4,低频沉睡用户
160934,1,2017-12-02,1,1,新购买用户
160940,4,2017-12-03,4,0,高频多品类用户
160958,8,2017-12-03,6,0,高频多品类用户
160984,1,2017-12-01,1,2,低频沉睡用户
161005,3,2017-12-02,3,1,高频多品类用户
161024,1,2017-12-01,1,2,低频沉睡用户
161028,1,2017-11-27,1,6,低频沉睡用户
161031,3,2017-12-03,3,0,高频多品类用户
161039,3,2017-11-29,3,4,高频多品类用户
161054,2,2017-11-28,2,5,稳定复购用户
161055,1,2017-12-02,1,1,新购买用户
161069,8,2017-12-03,8,0,高频多品类用户
161075,1,2017-11-25,1,8,低频沉睡用户
161076,2,2017-12-03,2,0,稳定复购用户
161090,4,2017-11-30,3,3,高频多品类用户
161098,6,2017-12-02,5,1,高频多品类用户
161105,2,2017-11-30,2,3,稳定复购用户
161109,1,2017-12-03,1,0,新购买用户
161112,3,2017-12-02,2,1,高频多品类用户
161114,2,2017-11-28,2,5,稳定复购用户
161115,1,2017-12-01,1,2,低频沉睡用户
161119,19,2017-12-03,14,0,高频多品类用户
161133,6,2017-12-03,5,0,高频多品类用户
161141,3,2017-12-03,3,0,高频多品类用户
161142,2,2017-12-03,1,0,稳定复购用户
161144,4,2017-12-03,2,0,高频多品类用户
161145,2,2017-11-27,1,6,稳定复购用户
161148,4,2017-12-02,4,1,高频多品类用户
161150,1,2017-12-01,1,2,低频沉睡用户
161155,2,2017-12-01,2,2,稳定复购用户
161156,3,2017-12-03,3,0,高频多品类用户
161158,1,2017-12-03,1,0,新购买用户
161164,5,2017-12-01,4,2,高频多品类用户
161172,2,2017-12-03,2,0,稳定复购用户
161197,3,2017-11-30,3,3,高频多品类用户
161198,2,2017-12-01,2,2,稳定复购用户
161199,4,2017-12-02,2,1,高频多品类用户
161202,1,2017-11-29,1,4,低频沉睡用户
161214,1,2017-12-02,1,1,新购买用户
161217,3,2017-12-03,3,0,高频多品类用户
161243,4,2017-11-29,4,4,高频多品类用户
161245,1,2017-11-28,1,5,低频沉睡用户
161246,1,2017-11-30,1,3,低频沉睡用户
161268,1,2017-11-30,1,3,低频沉睡用户
161286,3,2017-12-03,2,0,高频多品类用户
161298,3,2017-12-03,2,0,高频多品类用户
161309,2,2017-11-30,2,3,稳定复购用户
161310,1,2017-12-02,1,1,新购买用户
161326,1,2017-11-25,1,8,低频沉睡用户
161327,10,2017-12-03,8,0,高频多品类用户
161331,4,2017-11-30,4,3,高频多品类用户
161337,4,2017-12-03,4,0,高频多品类用户
161349,3,2017-12-01,3,2,高频多品类用户
161354,1,2017-12-03,1,0,新购买用户
161358,4,2017-12-02,3,1,高频多品类用户
161381,1,2017-11-27,1,6,低频沉睡用户
161384,2,2017-12-02,2,1,稳定复购用户
161395,20,2017-12-03,14,0,高频多品类用户
161401,2,2017-12-01,2,2,稳定复购用户
161405,3,2017-12-01,3,2,高频多品类用户
161417,2,2017-12-02,2,1,稳定复购用户
161425,2,2017-12-03,2,0,稳定复购用户
161438,4,2017-11-29,2,4,高频多品类用户
161439,2,2017-11-29,2,4,稳定复购用户
161450,1,2017-11-28,1,5,低频沉睡用户
161460,1,2017-12-03,1,0,新购买用户
161470,1,2017-11-25,1,8,低频沉睡用户
161471,3,2017-11-27,3,6,高频多品类用户
161480,11,2017-12-03,11,0,高频多品类用户
161486,1,2017-11-25,1,8,低频沉睡用户
161489,2,2017-11-27,2,6,稳定复购用户
161498,6,2017-12-02,3,1,高频多品类用户
161508,3,2017-12-03,2,0,高频多品类用户
161510,1,2017-12-03,1,0,新购买用户
161512,2,2017-12-01,2,2,稳定复购用户
161513,7,2017-12-02,6,1,高频多品类用户
161516,1,2017-12-03,1,0,新购买用户
161522,1,2017-12-03,1,0,新购买用户
161528,4,2017-12-01,4,2,高频多品类用户
161533,2,2017-11-29,2,4,稳定复购用户
161542,1,2017-11-29,1,4,低频沉睡用户
161544,2,2017-11-25,2,8,稳定复购用户
161558,2,2017-12-03,2,0,稳定复购用户
161562,1,2017-12-01,1,2,低频沉睡用户
161565,3,2017-12-02,3,1,高频多品类用户
161571,1,2017-12-02,1,1,新购买用户
161586,8,2017-12-01,2,2,高频多品类用户
161590,1,2017-12-01,1,2,低频沉睡用户
161594,3,2017-12-01,3,2,高频多品类用户
161595,1,2017-11-27,1,6,低频沉睡用户
161600,2,2017-12-03,2,0,稳定复购用户
161601,2,2017-11-29,2,4,稳定复购用户
161603,3,2017-12-02,3,1,高频多品类用户
161607,2,2017-11-30,2,3,稳定复购用户
161632,5,2017-12-03,3,0,高频多品类用户
161642,1,2017-11-30,1,3,低频沉睡用户
161657,15,2017-12-03,11,0,高频多品类用户
161662,7,2017-12-03,6,0,高频多品类用户
161673,1,2017-12-03,1,0,新购买用户
161674,2,2017-12-01,2,2,稳定复购用户
161681,5,2017-12-01,5,2,高频多品类用户
161684,1,2017-12-03,1,0,新购买用户
161693,4,2017-12-03,4,0,高频多品类用户
161703,3,2017-12-01,3,2,高频多品类用户
161704,3,2017-12-02,3,1,高频多品类用户
161710,1,2017-12-01,1,2,低频沉睡用户
161713,1,2017-12-03,1,0,新购买用户
161734,5,2017-12-02,5,1,高频多品类用户
161736,6,2017-12-03,6,0,高频多品类用户
161758,1,2017-11-30,1,3,低频沉睡用户
161766,4,2017-11-30,4,3,高频多品类用户
161767,3,2017-11-29,2,4,高频多品类用户
161776,2,2017-12-03,2,0,稳定复购用户
161777,1,2017-12-03,1,0,新购买用户
161785,2,2017-11-28,1,5,稳定复购用户
161790,1,2017-11-29,1,4,低频沉睡用户
161796,1,2017-12-02,1,1,新购买用户
161801,5,2017-12-03,5,0,高频多品类用户
161806,1,2017-11-27,1,6,低频沉睡用户
161813,6,2017-11-28,6,5,高频多品类用户
161815,1,2017-12-01,1,2,低频沉睡用户
161818,4,2017-11-28,4,5,高频多品类用户
161834,1,2017-12-03,1,0,新购买用户
161836,2,2017-12-03,2,0,稳定复购用户
161838,2,2017-12-01,2,2,稳定复购用户
161845,4,2017-12-03,4,0,高频多品类用户
161848,5,2017-11-30,3,3,高频多品类用户
161854,1,2017-12-02,1,1,新购买用户
161876,1,2017-12-02,1,1,新购买用户
161877,4,2017-11-30,3,3,高频多品类用户
161889,7,2017-12-02,6,1,高频多品类用户
161893,1,2017-12-02,1,1,新购买用户
161898,3,2017-12-02,2,1,高频多品类用户
161903,4,2017-12-02,3,1,高频多品类用户
161910,1,2017-11-25,1,8,低频沉睡用户
161925,1,2017-12-02,1,1,新购买用户
161962,1,2017-12-03,1,0,新购买用户
161966,1,2017-12-03,1,0,新购买用户
161971,5,2017-12-03,5,0,高频多品类用户
161985,5,2017-12-03,3,0,高频多品类用户
161988,1,2017-11-29,1,4,低频沉睡用户
161989,1,2017-12-01,1,2,低频沉睡用户
162012,4,2017-11-30,3,3,高频多品类用户
162022,7,2017-12-03,5,0,高频多品类用户
162034,4,2017-12-03,4,0,高频多品类用户
162046,3,2017-11-30,3,3,高频多品类用户
162052,3,2017-11-29,3,4,高频多品类用户
162055,1,2017-12-01,1,2,低频沉睡用户
162065,3,2017-11-30,3,3,高频多品类用户
162067,1,2017-11-25,1,8,低频沉睡用户
162070,3,2017-11-30,2,3,高频多品类用户
162073,2,2017-11-30,2,3,稳定复购用户
162077,1,2017-12-03,1,0,新购买用户
162078,2,2017-11-28,2,5,稳定复购用户
162086,1,2017-11-25,1,8,低频沉睡用户
162087,10,2017-12-03,8,0,高频多品类用户
162089,1,2017-12-02,1,1,新购买用户
162096,1,2017-11-26,1,7,低频沉睡用户
162100,1,2017-11-27,1,6,低频沉睡用户
162101,2,2017-12-03,2,0,稳定复购用户
162107,2,2017-12-01,2,2,稳定复购用户
162108,1,2017-11-28,1,5,低频沉睡用户
162109,2,2017-12-03,2,0,稳定复购用户
162116,2,2017-11-30,2,3,稳定复购用户
162139,6,2017-12-02,5,1,高频多品类用户
162152,3,2017-12-02,2,1,高频多品类用户
162156,8,2017-12-03,8,0,高频多品类用户
162161,1,2017-11-25,1,8,低频沉睡用户
162170,4,2017-12-01,4,2,高频多品类用户
162178,5,2017-12-02,2,1,高频多品类用户
162202,2,2017-11-26,2,7,稳定复购用户
162218,1,2017-12-01,1,2,低频沉睡用户
162223,3,2017-11-30,3,3,高频多品类用户
162229,2,2017-12-02,2,1,稳定复购用户
162233,1,2017-12-03,1,0,新购买用户
162235,2,2017-12-01,2,2,稳定复购用户
162244,3,2017-12-03,2,0,高频多品类用户
162247,2,2017-12-03,2,0,稳定复购用户
162253,4,2017-12-03,3,0,高频多品类用户
162258,5,2017-12-02,4,1,高频多品类用户
162259,2,2017-11-29,2,4,稳定复购用户
162274,5,2017-12-03,5,0,高频多品类用户
162280,5,2017-12-01,5,2,高频多品类用户
162285,3,2017-12-02,3,1,高频多品类用户
162286,1,2017-11-27,1,6,低频沉睡用户
162298,14,2017-12-01,5,2,高频多品类用户
162316,1,2017-11-28,1,5,低频沉睡用户
162320,3,2017-11-28,3,5,高频多品类用户
162328,1,2017-12-03,1,0,新购买用户
162334,3,2017-12-02,3,1,高频多品类用户
162342,13,2017-12-03,12,0,高频多品类用户
162345,1,2017-11-30,1,3,低频沉睡用户
162347,2,2017-11-28,2,5,稳定复购用户
162365,8,2017-12-02,7,1,高频多品类用户
162380,2,2017-11-28,2,5,稳定复购用户
162407,2,2017-11-30,2,3,稳定复购用户
162410,1,2017-12-01,1,2,低频沉睡用户
162415,1,2017-12-02,1,1,新购买用户
162423,9,2017-11-30,7,3,高频多品类用户
162426,2,2017-12-03,1,0,稳定复购用户
162427,4,2017-12-02,3,1,高频多品类用户
162431,12,2017-12-02,10,1,高频多品类用户
162433,5,2017-11-30,5,3,高频多品类用户
162443,5,2017-12-01,5,2,高频多品类用户
162445,2,2017-12-03,2,0,稳定复购用户
162452,5,2017-12-01,5,2,高频多品类用户
162460,1,2017-11-30,1,3,低频沉睡用户
162461,5,2017-12-01,3,2,高频多品类用户
162482,2,2017-12-03,2,0,稳定复购用户
162497,1,2017-12-02,1,1,新购买用户
162504,1,2017-12-02,1,1,新购买用户
162513,2,2017-11-26,2,7,稳定复购用户
162523,3,2017-12-02,3,1,高频多品类用户
162527,2,2017-12-02,2,1,稳定复购用户
162529,1,2017-12-02,1,1,新购买用户
162533,2,2017-11-30,2,3,稳定复购用户
162542,1,2017-11-26,1,7,低频沉睡用户
162545,6,2017-12-02,6,1,高频多品类用户
162548,3,2017-11-30,3,3,高频多品类用户
162550,1,2017-12-02,1,1,新购买用户
162554,3,2017-12-03,3,0,高频多品类用户
162557,4,2017-12-01,4,2,高频多品类用户
162572,2,2017-11-29,1,4,稳定复购用户
162575,4,2017-11-30,3,3,高频多品类用户
162577,3,2017-11-29,3,4,高频多品类用户
162580,2,2017-11-25,2,8,稳定复购用户
162589,1,2017-12-01,1,2,低频沉睡用户
162599,2,2017-11-29,1,4,稳定复购用户
162627,1,2017-11-26,1,7,低频沉睡用户
162628,1,2017-12-03,1,0,新购买用户
162634,1,2017-11-27,1,6,低频沉睡用户
162664,1,2017-11-27,1,6,低频沉睡用户
162677,9,2017-12-03,7,0,高频多品类用户
162684,2,2017-12-02,1,1,稳定复购用户
162692,1,2017-11-28,1,5,低频沉睡用户
162694,3,2017-11-27,3,6,高频多品类用户
162702,1,2017-12-03,1,0,新购买用户
162727,1,2017-12-01,1,2,低频沉睡用户
162744,4,2017-11-29,4,4,高频多品类用户
162749,1,2017-11-25,1,8,低频沉睡用户
162757,1,2017-11-28,1,5,低频沉睡用户
162760,4,2017-12-02,3,1,高频多品类用户
162762,3,2017-11-30,2,3,高频多品类用户
162771,4,2017-11-28,4,5,高频多品类用户
162776,1,2017-12-02,1,1,新购买用户
162802,3,2017-12-03,3,0,高频多品类用户
162805,1,2017-11-28,1,5,低频沉睡用户
162826,3,2017-12-02,3,1,高频多品类用户
162839,3,2017-11-28,3,5,高频多品类用户
162850,3,2017-12-02,3,1,高频多品类用户
162858,2,2017-11-26,2,7,稳定复购用户
162859,2,2017-12-01,2,2,稳定复购用户
162862,2,2017-12-02,2,1,稳定复购用户
162870,2,2017-11-30,2,3,稳定复购用户
162871,6,2017-12-02,4,1,高频多品类用户
162873,3,2017-11-30,2,3,高频多品类用户
162878,1,2017-11-30,1,3,低频沉睡用户
162883,1,2017-11-26,1,7,低频沉睡用户
162887,1,2017-11-30,1,3,低频沉睡用户
162895,2,2017-11-29,2,4,稳定复购用户
162900,1,2017-12-01,1,2,低频沉睡用户
162909,3,2017-12-01,3,2,高频多品类用户
162922,3,2017-12-03,2,0,高频多品类用户
162924,1,2017-12-01,1,2,低频沉睡用户
162927,1,2017-11-28,1,5,低频沉睡用户
162931,2,2017-11-26,2,7,稳定复购用户
162934,4,2017-12-03,3,0,高频多品类用户
162936,5,2017-12-03,5,0,高频多品类用户
162941,1,2017-11-30,1,3,低频沉睡用户
162944,2,2017-12-01,2,2,稳定复购用户
162953,6,2017-12-03,5,0,高频多品类用户
162958,2,2017-11-30,2,3,稳定复购用户
162965,8,2017-12-03,4,0,高频多品类用户
162967,13,2017-12-03,12,0,高频多品类用户
162975,2,2017-11-30,2,3,稳定复购用户
162977,3,2017-12-03,3,0,高频多品类用户
162978,1,2017-12-02,1,1,新购买用户
162983,5,2017-12-03,4,0,高频多品类用户
162991,2,2017-12-02,2,1,稳定复购用户
162998,4,2017-12-03,4,0,高频多品类用户
163021,4,2017-11-29,3,4,高频多品类用户
163034,2,2017-11-29,2,4,稳定复购用户
163043,2,2017-12-02,2,1,稳定复购用户
163053,1,2017-11-25,1,8,低频沉睡用户
163062,2,2017-12-01,2,2,稳定复购用户
163067,4,2017-11-27,4,6,高频多品类用户
163073,3,2017-12-01,3,2,高频多品类用户
163113,2,2017-11-26,2,7,稳定复购用户
163131,2,2017-11-29,2,4,稳定复购用户
163132,1,2017-12-02,1,1,新购买用户
163143,6,2017-12-03,6,0,高频多品类用户
163157,1,2017-11-30,1,3,低频沉睡用户
163161,1,2017-11-25,1,8,低频沉睡用户
163163,7,2017-12-03,7,0,高频多品类用户
163179,1,2017-11-25,1,8,低频沉睡用户
163184,1,2017-11-25,1,8,低频沉睡用户
163190,5,2017-12-03,5,0,高频多品类用户
163214,1,2017-11-29,1,4,低频沉睡用户
163218,1,2017-11-28,1,5,低频沉睡用户
163235,4,2017-12-03,4,0,高频多品类用户
163279,3,2017-12-02,2,1,高频多品类用户
163281,1,2017-12-02,1,1,新购买用户
163283,1,2017-11-29,1,4,低频沉睡用户
163285,2,2017-12-02,2,1,稳定复购用户
163293,4,2017-12-02,3,1,高频多品类用户
163296,7,2017-11-27,7,6,高频多品类用户
163298,2,2017-11-27,2,6,稳定复购用户
163310,4,2017-11-30,4,3,高频多品类用户
163320,1,2017-11-28,1,5,低频沉睡用户
163333,1,2017-11-26,1,7,低频沉睡用户
163354,4,2017-12-02,4,1,高频多品类用户
163358,2,2017-12-02,2,1,稳定复购用户
163368,5,2017-12-02,5,1,高频多品类用户
163370,3,2017-12-01,2,2,高频多品类用户
163379,5,2017-12-01,3,2,高频多品类用户
163384,3,2017-11-27,3,6,高频多品类用户
163390,1,2017-11-27,1,6,低频沉睡用户
163393,2,2017-11-27,2,6,稳定复购用户
163407,2,2017-11-30,2,3,稳定复购用户
163416,6,2017-12-02,6,1,高频多品类用户
163421,1,2017-11-26,1,7,低频沉睡用户
163431,5,2017-12-02,5,1,高频多品类用户
163440,1,2017-11-29,1,4,低频沉睡用户
163445,5,2017-11-28,5,5,高频多品类用户
163451,4,2017-12-02,4,1,高频多品类用户
163467,2,2017-12-02,2,1,稳定复购用户
163473,3,2017-12-03,2,0,高频多品类用户
163476,1,2017-11-27,1,6,低频沉睡用户
163481,3,2017-12-02,2,1,高频多品类用户
163486,9,2017-12-03,9,0,高频多品类用户
163499,1,2017-11-28,1,5,低频沉睡用户
163505,1,2017-11-30,1,3,低频沉睡用户
163542,1,2017-11-29,1,4,低频沉睡用户
163550,1,2017-12-02,1,1,新购买用户
163553,1,2017-12-02,1,1,新购买用户
163564,2,2017-12-03,2,0,稳定复购用户
163567,2,2017-11-27,2,6,稳定复购用户
163568,4,2017-11-29,4,4,高频多品类用户
163571,4,2017-12-01,4,2,高频多品类用户
163579,6,2017-12-03,5,0,高频多品类用户
163581,2,2017-12-02,2,1,稳定复购用户
163588,4,2017-12-02,4,1,高频多品类用户
163594,1,2017-12-02,1,1,新购买用户
163618,1,2017-11-30,1,3,低频沉睡用户
163624,2,2017-11-28,2,5,稳定复购用户
163627,1,2017-11-28,1,5,低频沉睡用户
163634,1,2017-11-25,1,8,低频沉睡用户
163647,1,2017-11-30,1,3,低频沉睡用户
163648,5,2017-12-03,5,0,高频多品类用户
163651,1,2017-12-02,1,1,新购买用户
163652,4,2017-12-03,4,0,高频多品类用户
163656,1,2017-11-27,1,6,低频沉睡用户
163658,1,2017-12-03,1,0,新购买用户
163660,1,2017-12-03,1,0,新购买用户
163661,1,2017-11-27,1,6,低频沉睡用户
163666,1,2017-11-26,1,7,低频沉睡用户
163673,2,2017-11-26,1,7,稳定复购用户
163682,2,2017-11-28,2,5,稳定复购用户
163693,2,2017-12-02,2,1,稳定复购用户
163709,2,2017-11-28,2,5,稳定复购用户
163716,2,2017-12-03,2,0,稳定复购用户
163718,1,2017-11-30,1,3,低频沉睡用户
163719,4,2017-12-02,4,1,高频多品类用户
163721,4,2017-11-27,3,6,高频多品类用户
163730,1,2017-11-29,1,4,低频沉睡用户
163731,3,2017-12-02,3,1,高频多品类用户
163732,2,2017-12-02,2,1,稳定复购用户
163753,1,2017-11-28,1,5,低频沉睡用户
163757,3,2017-11-27,3,6,高频多品类用户
163758,4,2017-12-03,3,0,高频多品类用户
163761,1,2017-11-29,1,4,低频沉睡用户
163771,1,2017-12-02,1,1,新购买用户
163775,5,2017-11-29,4,4,高频多品类用户
163779,1,2017-11-25,1,8,低频沉睡用户
163806,2,2017-12-03,2,0,稳定复购用户
163808,1,2017-11-30,1,3,低频沉睡用户
163813,1,2017-11-27,1,6,低频沉睡用户
163818,4,2017-12-03,4,0,高频多品类用户
163859,1,2017-11-27,1,6,低频沉睡用户
163860,6,2017-12-02,6,1,高频多品类用户
163863,1,2017-11-29,1,4,低频沉睡用户
163864,6,2017-12-03,4,0,高频多品类用户
163869,1,2017-11-28,1,5,低频沉睡用户
163877,1,2017-11-25,1,8,低频沉睡用户
163891,5,2017-12-03,5,0,高频多品类用户
163896,3,2017-12-03,3,0,高频多品类用户
163903,1,2017-11-28,1,5,低频沉睡用户
163906,2,2017-11-27,2,6,稳定复购用户
163911,2,2017-12-02,2,1,稳定复购用户
163918,2,2017-12-03,2,0,稳定复购用户
163920,4,2017-12-02,4,1,高频多品类用户
163921,2,2017-11-29,2,4,稳定复购用户
163946,1,2017-11-28,1,5,低频沉睡用户
163947,8,2017-12-01,8,2,高频多品类用户
163952,3,2017-12-03,3,0,高频多品类用户
163960,1,2017-12-02,1,1,新购买用户
163969,2,2017-11-30,2,3,稳定复购用户
163979,4,2017-12-02,2,1,高频多品类用户
163987,3,2017-12-01,3,2,高频多品类用户
163988,2,2017-12-02,1,1,稳定复购用户
164007,4,2017-12-01,3,2,高频多品类用户
164017,1,2017-11-26,1,7,低频沉睡用户
164025,1,2017-11-29,1,4,低频沉睡用户
164037,5,2017-12-03,5,0,高频多品类用户
164047,10,2017-11-30,10,3,高频多品类用户
164056,4,2017-12-01,4,2,高频多品类用户
164082,1,2017-11-26,1,7,低频沉睡用户
164091,3,2017-12-03,3,0,高频多品类用户
164104,3,2017-11-29,3,4,高频多品类用户
164115,3,2017-12-02,3,1,高频多品类用户
164127,2,2017-11-25,2,8,稳定复购用户
164145,9,2017-12-01,7,2,高频多品类用户
164148,3,2017-12-03,3,0,高频多品类用户
164155,4,2017-11-30,4,3,高频多品类用户
164158,1,2017-11-30,1,3,低频沉睡用户
164167,1,2017-11-26,1,7,低频沉睡用户
164176,2,2017-12-02,2,1,稳定复购用户
164185,2,2017-11-28,2,5,稳定复购用户
164204,3,2017-12-01,3,2,高频多品类用户
164210,4,2017-12-02,4,1,高频多品类用户
164216,1,2017-12-03,1,0,新购买用户
164218,2,2017-11-29,1,4,稳定复购用户
164241,4,2017-12-03,4,0,高频多品类用户
164243,7,2017-11-30,6,3,高频多品类用户
164244,4,2017-12-01,3,2,高频多品类用户
164267,1,2017-11-29,1,4,低频沉睡用户
164271,7,2017-11-30,3,3,高频多品类用户
164274,2,2017-12-02,1,1,稳定复购用户
164288,3,2017-12-01,3,2,高频多品类用户
164289,1,2017-12-01,1,2,低频沉睡用户
164295,5,2017-12-01,5,2,高频多品类用户
164303,4,2017-12-01,4,2,高频多品类用户
164324,1,2017-12-01,1,2,低频沉睡用户
164325,2,2017-12-02,2,1,稳定复购用户
164336,2,2017-12-02,2,1,稳定复购用户
164376,3,2017-12-03,3,0,高频多品类用户
164386,1,2017-11-25,1,8,低频沉睡用户
164406,2,2017-12-03,2,0,稳定复购用户
164414,3,2017-12-02,3,1,高频多品类用户
164419,1,2017-12-02,1,1,新购买用户
164436,4,2017-12-01,4,2,高频多品类用户
164444,3,2017-12-02,3,1,高频多品类用户
164448,2,2017-12-02,1,1,稳定复购用户
164454,4,2017-11-30,3,3,高频多品类用户
164456,3,2017-12-03,3,0,高频多品类用户
164459,2,2017-12-02,2,1,稳定复购用户
164463,2,2017-12-03,2,0,稳定复购用户
164464,1,2017-11-30,1,3,低频沉睡用户
164469,1,2017-12-02,1,1,新购买用户
164472,5,2017-12-01,3,2,高频多品类用户
164481,4,2017-12-02,3,1,高频多品类用户
164488,2,2017-12-02,2,1,稳定复购用户
164493,3,2017-12-03,3,0,高频多品类用户
164495,1,2017-11-27,1,6,低频沉睡用户
164501,3,2017-11-30,3,3,高频多品类用户
164504,1,2017-11-25,1,8,低频沉睡用户
164510,3,2017-12-02,2,1,高频多品类用户
164519,3,2017-12-03,3,0,高频多品类用户
164525,3,2017-11-30,3,3,高频多品类用户
164529,17,2017-12-03,15,0,高频多品类用户
164530,1,2017-11-26,1,7,低频沉睡用户
164536,1,2017-11-30,1,3,低频沉睡用户
164542,4,2017-12-02,4,1,高频多品类用户
164544,1,2017-11-29,1,4,低频沉睡用户
164547,1,2017-11-25,1,8,低频沉睡用户
164565,2,2017-11-26,2,7,稳定复购用户
164584,1,2017-11-27,1,6,低频沉睡用户
164587,5,2017-12-02,4,1,高频多品类用户
164590,2,2017-12-03,2,0,稳定复购用户
164593,2,2017-11-30,2,3,稳定复购用户
164594,2,2017-12-03,2,0,稳定复购用户
164606,1,2017-12-01,1,2,低频沉睡用户
164610,2,2017-12-01,2,2,稳定复购用户
164611,2,2017-12-03,2,0,稳定复购用户
164639,2,2017-12-03,2,0,稳定复购用户
164646,1,2017-11-29,1,4,低频沉睡用户
164662,1,2017-11-28,1,5,低频沉睡用户
164721,1,2017-11-26,1,7,低频沉睡用户
164741,4,2017-12-02,4,1,高频多品类用户
164751,29,2017-11-29,11,4,高频多品类用户
164757,3,2017-11-29,3,4,高频多品类用户
164761,2,2017-12-03,2,0,稳定复购用户
164781,3,2017-12-01,3,2,高频多品类用户
164789,2,2017-12-02,2,1,稳定复购用户
164802,1,2017-11-27,1,6,低频沉睡用户
164814,1,2017-12-02,1,1,新购买用户
164821,1,2017-11-28,1,5,低频沉睡用户
164822,2,2017-12-02,2,1,稳定复购用户
164826,2,2017-11-30,1,3,稳定复购用户
164843,3,2017-11-29,3,4,高频多品类用户
164860,15,2017-12-03,6,0,高频多品类用户
164862,1,2017-11-28,1,5,低频沉睡用户
164863,3,2017-11-25,3,8,高频多品类用户
164877,2,2017-12-02,2,1,稳定复购用户
164886,1,2017-11-26,1,7,低频沉睡用户
164888,1,2017-11-26,1,7,低频沉睡用户
164895,11,2017-12-03,11,0,高频多品类用户
164905,4,2017-12-02,4,1,高频多品类用户
164907,4,2017-12-03,4,0,高频多品类用户
164909,1,2017-11-29,1,4,低频沉睡用户
164938,2,2017-12-02,1,1,稳定复购用户
164941,7,2017-11-28,3,5,高频多品类用户
164958,2,2017-11-30,2,3,稳定复购用户
164960,4,2017-12-03,4,0,高频多品类用户
164967,2,2017-12-02,2,1,稳定复购用户
164972,2,2017-12-03,2,0,稳定复购用户
164983,6,2017-12-03,5,0,高频多品类用户
164984,1,2017-11-29,1,4,低频沉睡用户
164987,5,2017-11-30,2,3,高频多品类用户
165009,1,2017-11-27,1,6,低频沉睡用户
165015,3,2017-12-02,3,1,高频多品类用户
165031,3,2017-12-03,2,0,高频多品类用户
165049,5,2017-11-30,5,3,高频多品类用户
165051,4,2017-11-27,4,6,高频多品类用户
165053,8,2017-12-02,1,1,稳定复购用户
165057,3,2017-12-01,3,2,高频多品类用户
165065,1,2017-11-25,1,8,低频沉睡用户
165101,1,2017-11-25,1,8,低频沉睡用户
165128,5,2017-12-03,5,0,高频多品类用户
165142,3,2017-12-03,2,0,高频多品类用户
165149,1,2017-12-01,1,2,低频沉睡用户
165151,1,2017-11-27,1,6,低频沉睡用户
165157,3,2017-12-03,3,0,高频多品类用户
165176,6,2017-11-28,4,5,高频多品类用户
165185,2,2017-12-02,1,1,稳定复购用户
165186,3,2017-11-29,3,4,高频多品类用户
165196,2,2017-11-27,2,6,稳定复购用户
165205,1,2017-11-29,1,4,低频沉睡用户
165221,2,2017-12-03,2,0,稳定复购用户
165222,48,2017-12-03,18,0,高频多品类用户
165229,2,2017-12-03,2,0,稳定复购用户
165230,2,2017-12-02,2,1,稳定复购用户
165233,1,2017-12-03,1,0,新购买用户
165238,2,2017-11-30,2,3,稳定复购用户
165240,1,2017-11-29,1,4,低频沉睡用户
165249,2,2017-12-03,2,0,稳定复购用户
165253,2,2017-12-01,1,2,稳定复购用户
165266,4,2017-11-29,3,4,高频多品类用户
165268,1,2017-12-01,1,2,低频沉睡用户
165273,2,2017-11-27,2,6,稳定复购用户
165281,1,2017-11-27,1,6,低频沉睡用户
165285,3,2017-12-01,2,2,高频多品类用户
165295,1,2017-11-27,1,6,低频沉睡用户
165317,2,2017-11-30,2,3,稳定复购用户
165338,1,2017-12-02,1,1,新购买用户
165340,5,2017-12-03,5,0,高频多品类用户
165343,9,2017-12-01,7,2,高频多品类用户
165345,3,2017-12-03,3,0,高频多品类用户
165363,1,2017-12-02,1,1,新购买用户
165369,1,2017-11-25,1,8,低频沉睡用户
165384,2,2017-12-03,2,0,稳定复购用户
165392,3,2017-12-02,2,1,高频多品类用户
165400,2,2017-12-02,2,1,稳定复购用户
165405,1,2017-11-28,1,5,低频沉睡用户
165407,5,2017-11-29,4,4,高频多品类用户
165412,1,2017-11-28,1,5,低频沉睡用户
165416,1,2017-12-03,1,0,新购买用户
165420,2,2017-12-03,2,0,稳定复购用户
165428,1,2017-12-01,1,2,低频沉睡用户
165432,1,2017-11-27,1,6,低频沉睡用户
165442,1,2017-12-03,1,0,新购买用户
165443,4,2017-12-01,4,2,高频多品类用户
165455,4,2017-12-02,4,1,高频多品类用户
165470,3,2017-11-29,3,4,高频多品类用户
165475,3,2017-11-30,3,3,高频多品类用户
165482,6,2017-12-03,5,0,高频多品类用户
165508,2,2017-12-02,2,1,稳定复购用户
165515,2,2017-12-03,2,0,稳定复购用户
165530,1,2017-11-29,1,4,低频沉睡用户
165536,2,2017-12-03,2,0,稳定复购用户
165538,3,2017-12-03,3,0,高频多品类用户
165546,3,2017-12-02,3,1,高频多品类用户
165547,2,2017-12-02,2,1,稳定复购用户
165572,3,2017-11-27,3,6,高频多品类用户
165573,1,2017-12-02,1,1,新购买用户
165602,1,2017-12-03,1,0,新购买用户
165605,3,2017-11-30,3,3,高频多品类用户
165607,5,2017-12-03,5,0,高频多品类用户
165611,4,2017-12-01,2,2,高频多品类用户
165620,2,2017-11-30,2,3,稳定复购用户
165621,2,2017-11-26,1,7,稳定复购用户
165626,4,2017-12-03,4,0,高频多品类用户
165628,1,2017-11-26,1,7,低频沉睡用户
165643,1,2017-11-26,1,7,低频沉睡用户
165654,3,2017-12-02,3,1,高频多品类用户
165657,1,2017-11-25,1,8,低频沉睡用户
165663,2,2017-12-03,2,0,稳定复购用户
165666,11,2017-12-03,10,0,高频多品类用户
165672,2,2017-12-03,2,0,稳定复购用户
165680,4,2017-11-30,4,3,高频多品类用户
165682,6,2017-12-03,4,0,高频多品类用户
165697,1,2017-12-03,1,0,新购买用户
165704,2,2017-12-02,2,1,稳定复购用户
165709,1,2017-11-30,1,3,低频沉睡用户
165717,3,2017-12-02,3,1,高频多品类用户
165727,1,2017-12-02,1,1,新购买用户
165733,9,2017-11-30,9,3,高频多品类用户
165753,7,2017-12-01,5,2,高频多品类用户
165770,1,2017-12-01,1,2,低频沉睡用户
165787,2,2017-11-30,2,3,稳定复购用户
165788,6,2017-12-01,3,2,高频多品类用户
165796,1,2017-11-29,1,4,低频沉睡用户
165798,3,2017-12-02,3,1,高频多品类用户
165804,2,2017-12-03,2,0,稳定复购用户
165805,3,2017-12-02,2,1,高频多品类用户
165809,2,2017-12-01,2,2,稳定复购用户
165828,2,2017-11-26,2,7,稳定复购用户
165836,1,2017-11-27,1,6,低频沉睡用户
165838,2,2017-12-03,2,0,稳定复购用户
165843,5,2017-11-30,5,3,高频多品类用户
165845,2,2017-12-02,1,1,稳定复购用户
165856,1,2017-11-27,1,6,低频沉睡用户
165873,1,2017-11-27,1,6,低频沉睡用户
165884,1,2017-12-03,1,0,新购买用户
165886,4,2017-12-03,4,0,高频多品类用户
165889,2,2017-12-02,2,1,稳定复购用户
165890,7,2017-11-30,7,3,高频多品类用户
165893,3,2017-12-02,3,1,高频多品类用户
165914,2,2017-11-26,2,7,稳定复购用户
165915,3,2017-11-26,3,7,高频多品类用户
165918,1,2017-12-01,1,2,低频沉睡用户
165923,4,2017-12-01,3,2,高频多品类用户
165927,3,2017-11-30,3,3,高频多品类用户
165934,1,2017-11-27,1,6,低频沉睡用户
165939,17,2017-12-02,12,1,高频多品类用户
165947,3,2017-12-03,3,0,高频多品类用户
165964,3,2017-12-03,3,0,高频多品类用户
165972,4,2017-11-30,4,3,高频多品类用户
165975,5,2017-12-02,4,1,高频多品类用户
165978,4,2017-12-03,4,0,高频多品类用户
165984,2,2017-12-01,1,2,稳定复购用户
165996,4,2017-12-03,4,0,高频多品类用户
165997,1,2017-11-28,1,5,低频沉睡用户
165998,1,2017-11-30,1,3,低频沉睡用户
166003,2,2017-12-01,2,2,稳定复购用户
166019,1,2017-12-02,1,1,新购买用户
166020,1,2017-12-03,1,0,新购买用户
166039,2,2017-12-03,2,0,稳定复购用户
166041,3,2017-12-03,3,0,高频多品类用户
166043,5,2017-11-27,5,6,高频多品类用户
166044,1,2017-11-28,1,5,低频沉睡用户
166051,1,2017-12-01,1,2,低频沉睡用户
166058,4,2017-12-02,4,1,高频多品类用户
166075,5,2017-11-29,4,4,高频多品类用户
166090,3,2017-11-28,1,5,稳定复购用户
166104,2,2017-12-03,2,0,稳定复购用户
166105,6,2017-12-03,6,0,高频多品类用户
166106,2,2017-12-02,2,1,稳定复购用户
166116,5,2017-12-02,4,1,高频多品类用户
166129,3,2017-12-01,3,2,高频多品类用户
166135,1,2017-11-26,1,7,低频沉睡用户
166156,5,2017-11-26,5,7,高频多品类用户
166164,1,2017-11-28,1,5,低频沉睡用户
166167,2,2017-12-02,2,1,稳定复购用户
166168,1,2017-11-26,1,7,低频沉睡用户
166184,1,2017-11-26,1,7,低频沉睡用户
166200,2,2017-11-30,1,3,稳定复购用户
166203,2,2017-12-03,2,0,稳定复购用户
166207,3,2017-11-28,2,5,高频多品类用户
166209,7,2017-11-30,7,3,高频多品类用户
166224,1,2017-12-03,1,0,新购买用户
166245,12,2017-11-28,3,5,高频多品类用户
166251,6,2017-12-03,6,0,高频多品类用户
166253,1,2017-11-30,1,3,低频沉睡用户
166255,12,2017-12-02,7,1,高频多品类用户
166264,3,2017-11-29,3,4,高频多品类用户
166270,16,2017-12-03,12,0,高频多品类用户
166272,4,2017-11-28,4,5,高频多品类用户
166282,5,2017-12-02,5,1,高频多品类用户
166285,2,2017-12-03,2,0,稳定复购用户
166289,1,2017-12-02,1,1,新购买用户
166310,1,2017-12-03,1,0,新购买用户
166320,1,2017-12-01,1,2,低频沉睡用户
166325,1,2017-11-27,1,6,低频沉睡用户
166329,1,2017-11-30,1,3,低频沉睡用户
166339,3,2017-12-03,3,0,高频多品类用户
166341,8,2017-11-30,6,3,高频多品类用户
166356,4,2017-12-03,4,0,高频多品类用户
166362,4,2017-12-02,4,1,高频多品类用户
166363,3,2017-11-27,2,6,高频多品类用户
166369,4,2017-12-03,3,0,高频多品类用户
166375,4,2017-12-02,2,1,高频多品类用户
166378,8,2017-12-03,8,0,高频多品类用户
166385,8,2017-12-01,7,2,高频多品类用户
166387,2,2017-11-28,2,5,稳定复购用户
166388,1,2017-11-26,1,7,低频沉睡用户
166394,4,2017-12-03,3,0,高频多品类用户
166415,1,2017-11-26,1,7,低频沉睡用户
166423,1,2017-11-25,1,8,低频沉睡用户
166430,1,2017-11-26,1,7,低频沉睡用户
166436,5,2017-12-02,5,1,高频多品类用户
166449,4,2017-12-03,4,0,高频多品类用户
166467,2,2017-11-29,2,4,稳定复购用户
166469,2,2017-11-27,2,6,稳定复购用户
166473,1,2017-12-03,1,0,新购买用户
166483,3,2017-12-03,3,0,高频多品类用户
166484,1,2017-11-29,1,4,低频沉睡用户
166488,1,2017-12-01,1,2,低频沉睡用户
166493,1,2017-12-02,1,1,新购买用户
166501,2,2017-12-03,2,0,稳定复购用户
166508,1,2017-11-30,1,3,低频沉睡用户
166514,9,2017-12-03,9,0,高频多品类用户
166522,3,2017-12-02,3,1,高频多品类用户
166531,1,2017-11-30,1,3,低频沉睡用户
166534,2,2017-11-26,2,7,稳定复购用户
166535,1,2017-12-01,1,2,低频沉睡用户
166539,3,2017-12-03,2,0,高频多品类用户
166541,1,2017-11-26,1,7,低频沉睡用户
166543,2,2017-11-30,2,3,稳定复购用户
166544,2,2017-12-03,2,0,稳定复购用户
166550,2,2017-12-01,2,2,稳定复购用户
166555,4,2017-12-02,2,1,高频多品类用户
166557,1,2017-11-26,1,7,低频沉睡用户
166559,2,2017-12-02,1,1,稳定复购用户
166561,1,2017-12-01,1,2,低频沉睡用户
166571,1,2017-12-02,1,1,新购买用户
166573,1,2017-12-01,1,2,低频沉睡用户
166574,2,2017-11-25,2,8,稳定复购用户
166580,3,2017-12-01,3,2,高频多品类用户
166583,1,2017-11-26,1,7,低频沉睡用户
166587,3,2017-12-02,3,1,高频多品类用户
166592,1,2017-11-30,1,3,低频沉睡用户
166597,2,2017-11-30,2,3,稳定复购用户
166602,1,2017-12-03,1,0,新购买用户
166609,2,2017-11-26,2,7,稳定复购用户
166610,1,2017-12-03,1,0,新购买用户
166612,12,2017-11-27,8,6,高频多品类用户
166620,1,2017-11-29,1,4,低频沉睡用户
166623,1,2017-11-25,1,8,低频沉睡用户
166631,2,2017-11-26,1,7,稳定复购用户
166632,1,2017-12-02,1,1,新购买用户
166642,1,2017-12-01,1,2,低频沉睡用户
166661,3,2017-12-03,3,0,高频多品类用户
166665,3,2017-12-02,3,1,高频多品类用户
166669,2,2017-11-30,2,3,稳定复购用户
166671,28,2017-11-30,21,3,高频多品类用户
166675,1,2017-11-28,1,5,低频沉睡用户
166692,2,2017-12-03,2,0,稳定复购用户
166702,2,2017-12-02,2,1,稳定复购用户
166722,1,2017-11-25,1,8,低频沉睡用户
166725,3,2017-11-25,3,8,高频多品类用户
166754,1,2017-12-02,1,1,新购买用户
166764,9,2017-12-01,7,2,高频多品类用户
166782,4,2017-11-30,3,3,高频多品类用户
166786,1,2017-11-30,1,3,低频沉睡用户
166788,3,2017-11-29,3,4,高频多品类用户
166793,5,2017-12-03,5,0,高频多品类用户
166796,1,2017-12-02,1,1,新购买用户
166798,6,2017-12-03,6,0,高频多品类用户
166802,1,2017-11-30,1,3,低频沉睡用户
166829,1,2017-11-25,1,8,低频沉睡用户
166834,7,2017-12-03,7,0,高频多品类用户
166835,8,2017-12-03,8,0,高频多品类用户
166858,2,2017-12-01,2,2,稳定复购用户
166860,5,2017-11-29,4,4,高频多品类用户
166863,1,2017-12-01,1,2,低频沉睡用户
166864,13,2017-12-01,8,2,高频多品类用户
166868,3,2017-11-29,3,4,高频多品类用户
166882,1,2017-11-27,1,6,低频沉睡用户
166884,5,2017-12-01,5,2,高频多品类用户
166885,7,2017-12-01,6,2,高频多品类用户
166886,1,2017-11-29,1,4,低频沉睡用户
166888,3,2017-11-26,1,7,稳定复购用户
166897,5,2017-12-03,4,0,高频多品类用户
166898,2,2017-11-28,2,5,稳定复购用户
166912,5,2017-12-03,4,0,高频多品类用户
166923,2,2017-12-02,2,1,稳定复购用户
166924,1,2017-11-28,1,5,低频沉睡用户
166927,8,2017-12-01,6,2,高频多品类用户
166928,2,2017-11-28,2,5,稳定复购用户
166930,1,2017-11-28,1,5,低频沉睡用户
166932,3,2017-11-27,3,6,高频多品类用户
166938,1,2017-12-01,1,2,低频沉睡用户
166941,2,2017-12-02,2,1,稳定复购用户
166946,1,2017-12-02,1,1,新购买用户
166947,1,2017-12-03,1,0,新购买用户
166952,2,2017-11-29,2,4,稳定复购用户
166958,4,2017-12-03,1,0,稳定复购用户
166976,2,2017-12-01,2,2,稳定复购用户
166979,4,2017-12-02,4,1,高频多品类用户
166984,2,2017-12-03,2,0,稳定复购用户
166985,4,2017-12-01,4,2,高频多品类用户
166992,1,2017-11-27,1,6,低频沉睡用户
167021,3,2017-11-27,1,6,稳定复购用户
167027,1,2017-11-25,1,8,低频沉睡用户
167028,1,2017-11-30,1,3,低频沉睡用户
167042,1,2017-12-03,1,0,新购买用户
167047,1,2017-12-01,1,2,低频沉睡用户
167056,1,2017-12-02,1,1,新购买用户
167059,4,2017-12-03,3,0,高频多品类用户
167063,1,2017-11-28,1,5,低频沉睡用户
167094,3,2017-12-01,3,2,高频多品类用户
167103,1,2017-11-29,1,4,低频沉睡用户
167108,5,2017-12-02,5,1,高频多品类用户
167112,3,2017-11-28,3,5,高频多品类用户
167117,2,2017-11-27,2,6,稳定复购用户
167120,3,2017-12-01,2,2,高频多品类用户
167122,2,2017-12-03,2,0,稳定复购用户
167125,1,2017-11-26,1,7,低频沉睡用户
167155,2,2017-12-01,2,2,稳定复购用户
167158,1,2017-12-02,1,1,新购买用户
167173,5,2017-12-02,4,1,高频多品类用户
167174,2,2017-12-03,2,0,稳定复购用户
167175,3,2017-12-03,3,0,高频多品类用户
167183,1,2017-11-25,1,8,低频沉睡用户
167190,1,2017-11-25,1,8,低频沉睡用户
167197,3,2017-11-25,3,8,高频多品类用户
167200,1,2017-11-28,1,5,低频沉睡用户
167210,12,2017-12-03,10,0,高频多品类用户
167230,2,2017-12-03,1,0,稳定复购用户
167232,6,2017-12-02,5,1,高频多品类用户
167250,1,2017-11-27,1,6,低频沉睡用户
167259,7,2017-12-03,7,0,高频多品类用户
167265,5,2017-12-02,4,1,高频多品类用户
167269,1,2017-11-25,1,8,低频沉睡用户
167274,8,2017-11-29,6,4,高频多品类用户
167276,2,2017-11-30,2,3,稳定复购用户
167279,1,2017-11-27,1,6,低频沉睡用户
167295,1,2017-11-28,1,5,低频沉睡用户
167296,8,2017-12-03,7,0,高频多品类用户
167304,1,2017-11-28,1,5,低频沉睡用户
167310,6,2017-11-30,5,3,高频多品类用户
167313,1,2017-12-02,1,1,新购买用户
167317,2,2017-12-02,2,1,稳定复购用户
167326,1,2017-11-29,1,4,低频沉睡用户
167330,11,2017-12-02,8,1,高频多品类用户
167346,2,2017-12-03,2,0,稳定复购用户
167354,3,2017-12-02,3,1,高频多品类用户
167365,4,2017-12-02,4,1,高频多品类用户
167370,3,2017-11-30,3,3,高频多品类用户
167375,1,2017-11-30,1,3,低频沉睡用户
167377,1,2017-11-26,1,7,低频沉睡用户
167387,1,2017-12-01,1,2,低频沉睡用户
167392,3,2017-12-03,3,0,高频多品类用户
167397,2,2017-11-27,2,6,稳定复购用户
167410,1,2017-11-28,1,5,低频沉睡用户
167426,6,2017-12-03,6,0,高频多品类用户
167432,2,2017-12-03,2,0,稳定复购用户
167436,2,2017-12-03,2,0,稳定复购用户
167448,1,2017-11-25,1,8,低频沉睡用户
167451,6,2017-12-02,6,1,高频多品类用户
167466,2,2017-12-01,2,2,稳定复购用户
167479,1,2017-11-28,1,5,低频沉睡用户
167482,1,2017-11-29,1,4,低频沉睡用户
167485,2,2017-12-02,2,1,稳定复购用户
167492,2,2017-12-02,2,1,稳定复购用户
167494,1,2017-11-29,1,4,低频沉睡用户
167497,1,2017-12-02,1,1,新购买用户
167503,1,2017-12-02,1,1,新购买用户
167516,1,2017-12-01,1,2,低频沉睡用户
167517,2,2017-11-27,2,6,稳定复购用户
167525,2,2017-12-02,2,1,稳定复购用户
167529,2,2017-11-26,2,7,稳定复购用户
167530,1,2017-11-30,1,3,低频沉睡用户
167536,1,2017-11-25,1,8,低频沉睡用户
167540,3,2017-11-28,3,5,高频多品类用户
167541,1,2017-11-28,1,5,低频沉睡用户
167542,3,2017-12-03,2,0,高频多品类用户
167546,1,2017-12-02,1,1,新购买用户
167547,2,2017-12-01,2,2,稳定复购用户
167557,1,2017-12-03,1,0,新购买用户
167563,2,2017-11-29,2,4,稳定复购用户
167565,4,2017-12-01,3,2,高频多品类用户
167569,2,2017-12-03,2,0,稳定复购用户
167577,3,2017-11-29,3,4,高频多品类用户
167579,2,2017-11-29,2,4,稳定复购用户
167591,9,2017-12-01,8,2,高频多品类用户
167592,2,2017-12-02,2,1,稳定复购用户
167621,3,2017-12-03,2,0,高频多品类用户
167640,2,2017-11-29,1,4,稳定复购用户
167643,2,2017-11-26,2,7,稳定复购用户
167645,1,2017-11-28,1,5,低频沉睡用户
167663,7,2017-12-02,5,1,高频多品类用户
167664,1,2017-12-02,1,1,新购买用户
167665,2,2017-12-01,1,2,稳定复购用户
167670,7,2017-12-03,5,0,高频多品类用户
167686,1,2017-12-01,1,2,低频沉睡用户
167695,8,2017-12-02,8,1,高频多品类用户
167696,3,2017-12-01,3,2,高频多品类用户
167698,1,2017-12-01,1,2,低频沉睡用户
167700,1,2017-11-28,1,5,低频沉睡用户
167706,3,2017-11-29,3,4,高频多品类用户
167713,3,2017-11-25,3,8,高频多品类用户
167733,10,2017-12-02,9,1,高频多品类用户
167741,1,2017-12-03,1,0,新购买用户
167752,1,2017-12-02,1,1,新购买用户
167763,1,2017-11-26,1,7,低频沉睡用户
167772,2,2017-11-28,2,5,稳定复购用户
167775,3,2017-12-03,2,0,高频多品类用户
167784,8,2017-12-03,8,0,高频多品类用户
167792,1,2017-11-28,1,5,低频沉睡用户
167800,1,2017-12-02,1,1,新购买用户
167809,1,2017-12-02,1,1,新购买用户
167820,4,2017-11-27,3,6,高频多品类用户
167839,3,2017-11-26,2,7,高频多品类用户
167848,1,2017-11-29,1,4,低频沉睡用户
167856,3,2017-12-02,2,1,高频多品类用户
167861,3,2017-12-03,3,0,高频多品类用户
167883,5,2017-12-03,4,0,高频多品类用户
167900,5,2017-12-03,3,0,高频多品类用户
167902,4,2017-12-03,3,0,高频多品类用户
167905,5,2017-12-02,2,1,高频多品类用户
167908,2,2017-11-30,2,3,稳定复购用户
167934,4,2017-12-03,4,0,高频多品类用户
167937,1,2017-11-29,1,4,低频沉睡用户
167945,16,2017-12-03,12,0,高频多品类用户
167949,1,2017-11-28,1,5,低频沉睡用户
167958,4,2017-12-03,4,0,高频多品类用户
167968,5,2017-11-28,4,5,高频多品类用户
167969,2,2017-12-01,2,2,稳定复购用户
167984,4,2017-12-03,4,0,高频多品类用户
167987,1,2017-11-27,1,6,低频沉睡用户
167996,1,2017-12-01,1,2,低频沉睡用户
168000,2,2017-11-28,2,5,稳定复购用户
168017,1,2017-12-01,1,2,低频沉睡用户
168021,2,2017-12-01,1,2,稳定复购用户
168029,1,2017-12-02,1,1,新购买用户
168038,1,2017-11-27,1,6,低频沉睡用户
168048,2,2017-12-02,2,1,稳定复购用户
168061,3,2017-11-26,3,7,高频多品类用户
168066,2,2017-11-30,1,3,稳定复购用户
168102,1,2017-11-27,1,6,低频沉睡用户
168106,4,2017-12-03,4,0,高频多品类用户
168117,1,2017-12-02,1,1,新购买用户
168130,2,2017-11-27,2,6,稳定复购用户
168132,1,2017-12-01,1,2,低频沉睡用户
168135,1,2017-11-29,1,4,低频沉睡用户
168136,3,2017-12-03,3,0,高频多品类用户
168140,2,2017-12-01,2,2,稳定复购用户
168149,7,2017-12-03,7,0,高频多品类用户
168151,9,2017-11-30,9,3,高频多品类用户
168153,1,2017-11-27,1,6,低频沉睡用户
168156,2,2017-12-01,2,2,稳定复购用户
168183,3,2017-12-02,3,1,高频多品类用户
168185,4,2017-11-29,4,4,高频多品类用户
168190,2,2017-11-28,2,5,稳定复购用户
168198,1,2017-11-25,1,8,低频沉睡用户
168202,6,2017-11-30,6,3,高频多品类用户
168206,2,2017-12-02,2,1,稳定复购用户
168217,4,2017-12-02,3,1,高频多品类用户
168225,1,2017-12-03,1,0,新购买用户
168231,3,2017-12-03,3,0,高频多品类用户
168249,1,2017-11-27,1,6,低频沉睡用户
168250,8,2017-12-01,7,2,高频多品类用户
168263,2,2017-12-01,1,2,稳定复购用户
168264,9,2017-12-03,7,0,高频多品类用户
168272,2,2017-11-29,2,4,稳定复购用户
168273,2,2017-11-30,2,3,稳定复购用户
168285,2,2017-11-30,2,3,稳定复购用户
168286,5,2017-12-03,4,0,高频多品类用户
168291,2,2017-11-29,2,4,稳定复购用户
168294,3,2017-11-26,3,7,高频多品类用户
168295,1,2017-11-26,1,7,低频沉睡用户
168310,2,2017-12-01,2,2,稳定复购用户
168316,3,2017-12-03,3,0,高频多品类用户
168318,1,2017-11-29,1,4,低频沉睡用户
168319,1,2017-11-30,1,3,低频沉睡用户
168328,2,2017-11-26,2,7,稳定复购用户
168329,1,2017-11-27,1,6,低频沉睡用户
168342,1,2017-12-03,1,0,新购买用户
168351,1,2017-12-02,1,1,新购买用户
168356,1,2017-11-26,1,7,低频沉睡用户
168360,1,2017-12-02,1,1,新购买用户
168373,4,2017-12-03,3,0,高频多品类用户
168391,3,2017-11-29,3,4,高频多品类用户
168396,1,2017-11-29,1,4,低频沉睡用户
168402,6,2017-11-27,6,6,高频多品类用户
168404,2,2017-12-03,2,0,稳定复购用户
168408,5,2017-12-03,4,0,高频多品类用户
168412,1,2017-12-01,1,2,低频沉睡用户
168423,1,2017-12-03,1,0,新购买用户
168427,2,2017-11-27,2,6,稳定复购用户
168438,4,2017-12-03,4,0,高频多品类用户
168453,4,2017-11-28,2,5,高频多品类用户
168454,3,2017-12-02,3,1,高频多品类用户
168459,1,2017-11-29,1,4,低频沉睡用户
168463,2,2017-11-26,2,7,稳定复购用户
168477,1,2017-12-02,1,1,新购买用户
168498,3,2017-12-02,3,1,高频多品类用户
168501,1,2017-11-28,1,5,低频沉睡用户
168505,1,2017-11-30,1,3,低频沉睡用户
168518,3,2017-12-03,3,0,高频多品类用户
168523,5,2017-12-03,4,0,高频多品类用户
168533,1,2017-11-29,1,4,低频沉睡用户
168541,5,2017-11-30,4,3,高频多品类用户
168565,1,2017-12-02,1,1,新购买用户
168569,9,2017-12-02,9,1,高频多品类用户
168575,2,2017-12-02,2,1,稳定复购用户
168579,2,2017-12-01,2,2,稳定复购用户
168580,2,2017-11-30,2,3,稳定复购用户
168594,2,2017-11-25,2,8,稳定复购用户
168611,2,2017-11-29,2,4,稳定复购用户
168616,4,2017-12-03,4,0,高频多品类用户
168617,3,2017-11-30,3,3,高频多品类用户
168624,1,2017-11-30,1,3,低频沉睡用户
168631,2,2017-11-27,2,6,稳定复购用户
168632,3,2017-11-29,3,4,高频多品类用户
168644,16,2017-12-03,7,0,高频多品类用户
168645,5,2017-12-01,3,2,高频多品类用户
168654,2,2017-11-27,2,6,稳定复购用户
168668,2,2017-11-25,2,8,稳定复购用户
168669,1,2017-12-02,1,1,新购买用户
168678,2,2017-11-29,2,4,稳定复购用户
168679,3,2017-12-03,3,0,高频多品类用户
168704,2,2017-11-27,2,6,稳定复购用户
168708,1,2017-11-28,1,5,低频沉睡用户
168711,3,2017-11-29,3,4,高频多品类用户
168720,1,2017-12-01,1,2,低频沉睡用户
168730,4,2017-12-02,3,1,高频多品类用户
168737,1,2017-11-28,1,5,低频沉睡用户
168739,1,2017-11-26,1,7,低频沉睡用户
168750,2,2017-12-01,1,2,稳定复购用户
168756,2,2017-11-29,2,4,稳定复购用户
168761,3,2017-12-03,3,0,高频多品类用户
168769,4,2017-12-02,2,1,高频多品类用户
168774,3,2017-12-02,3,1,高频多品类用户
168776,2,2017-12-01,2,2,稳定复购用户
168784,4,2017-12-01,4,2,高频多品类用户
168789,2,2017-12-02,2,1,稳定复购用户
168792,1,2017-11-29,1,4,低频沉睡用户
168798,2,2017-11-30,2,3,稳定复购用户
168824,1,2017-11-30,1,3,低频沉睡用户
168827,1,2017-11-26,1,7,低频沉睡用户
168833,1,2017-11-26,1,7,低频沉睡用户
168834,7,2017-12-03,7,0,高频多品类用户
168835,4,2017-12-03,4,0,高频多品类用户
168836,1,2017-11-28,1,5,低频沉睡用户
168842,2,2017-12-01,2,2,稳定复购用户
168846,14,2017-12-01,3,2,高频多品类用户
168848,1,2017-11-30,1,3,低频沉睡用户
168849,2,2017-12-03,2,0,稳定复购用户
168856,1,2017-11-26,1,7,低频沉睡用户
168859,1,2017-11-29,1,4,低频沉睡用户
168860,1,2017-11-26,1,7,低频沉睡用户
168873,2,2017-12-03,2,0,稳定复购用户
168879,1,2017-12-02,1,1,新购买用户
168898,3,2017-12-02,3,1,高频多品类用户
168901,5,2017-12-01,4,2,高频多品类用户
168905,2,2017-12-02,1,1,稳定复购用户
168910,1,2017-11-30,1,3,低频沉睡用户
168913,1,2017-11-30,1,3,低频沉睡用户
168915,1,2017-11-30,1,3,低频沉睡用户
168926,3,2017-11-28,3,5,高频多品类用户
168959,2,2017-12-02,1,1,稳定复购用户
168960,5,2017-12-02,3,1,高频多品类用户
168982,6,2017-12-03,6,0,高频多品类用户
168983,2,2017-11-28,2,5,稳定复购用户
168993,1,2017-12-02,1,1,新购买用户
169001,3,2017-12-03,3,0,高频多品类用户
169004,2,2017-12-03,2,0,稳定复购用户
169008,1,2017-12-02,1,1,新购买用户
169009,3,2017-11-28,2,5,高频多品类用户
169012,1,2017-11-25,1,8,低频沉睡用户
169018,2,2017-12-02,2,1,稳定复购用户
169024,1,2017-12-01,1,2,低频沉睡用户
169033,1,2017-12-03,1,0,新购买用户
169036,3,2017-11-28,2,5,高频多品类用户
169046,2,2017-12-02,2,1,稳定复购用户
169054,2,2017-12-03,2,0,稳定复购用户
169056,3,2017-11-30,3,3,高频多品类用户
169068,1,2017-12-02,1,1,新购买用户
169076,4,2017-11-29,4,4,高频多品类用户
169088,2,2017-11-27,2,6,稳定复购用户
169107,3,2017-12-03,3,0,高频多品类用户
169113,2,2017-11-30,2,3,稳定复购用户
169115,2,2017-11-29,2,4,稳定复购用户
169116,5,2017-12-02,5,1,高频多品类用户
169130,2,2017-11-28,2,5,稳定复购用户
169136,1,2017-11-29,1,4,低频沉睡用户
169137,7,2017-12-03,6,0,高频多品类用户
169155,2,2017-12-03,2,0,稳定复购用户
169170,4,2017-12-03,3,0,高频多品类用户
169174,1,2017-12-01,1,2,低频沉睡用户
169183,2,2017-11-27,2,6,稳定复购用户
169193,1,2017-11-26,1,7,低频沉睡用户
169196,1,2017-11-26,1,7,低频沉睡用户
169197,4,2017-12-03,4,0,高频多品类用户
169210,3,2017-12-03,3,0,高频多品类用户
169221,1,2017-11-27,1,6,低频沉睡用户
169237,1,2017-12-01,1,2,低频沉睡用户
169255,1,2017-11-28,1,5,低频沉睡用户
169263,1,2017-12-01,1,2,低频沉睡用户
169289,1,2017-11-30,1,3,低频沉睡用户
169313,9,2017-12-03,8,0,高频多品类用户
169321,4,2017-12-02,3,1,高频多品类用户
169328,3,2017-11-28,3,5,高频多品类用户
169343,4,2017-11-30,3,3,高频多品类用户
169360,2,2017-12-01,2,2,稳定复购用户
169364,1,2017-12-02,1,1,新购买用户
169372,13,2017-12-02,8,1,高频多品类用户
169374,1,2017-12-03,1,0,新购买用户
169375,13,2017-12-03,12,0,高频多品类用户
169380,2,2017-11-25,1,8,稳定复购用户
169381,3,2017-11-30,3,3,高频多品类用户
169383,3,2017-12-02,3,1,高频多品类用户
169386,2,2017-11-27,2,6,稳定复购用户
169387,3,2017-12-03,3,0,高频多品类用户
169390,10,2017-12-02,5,1,高频多品类用户
169399,4,2017-12-02,3,1,高频多品类用户
169409,2,2017-12-02,2,1,稳定复购用户
169420,5,2017-12-03,5,0,高频多品类用户
169425,1,2017-11-25,1,8,低频沉睡用户
169436,10,2017-12-01,7,2,高频多品类用户
169437,3,2017-12-03,1,0,稳定复购用户
169445,7,2017-12-02,6,1,高频多品类用户
169462,3,2017-11-28,3,5,高频多品类用户
169472,2,2017-11-30,2,3,稳定复购用户
169473,11,2017-12-02,11,1,高频多品类用户
169481,2,2017-11-29,2,4,稳定复购用户
169491,1,2017-11-29,1,4,低频沉睡用户
169492,1,2017-11-30,1,3,低频沉睡用户
169499,6,2017-12-03,5,0,高频多品类用户
169501,2,2017-12-02,2,1,稳定复购用户
169511,3,2017-11-28,3,5,高频多品类用户
169515,1,2017-11-29,1,4,低频沉睡用户
169539,10,2017-12-02,9,1,高频多品类用户
169544,1,2017-12-03,1,0,新购买用户
169549,2,2017-12-02,2,1,稳定复购用户
169552,3,2017-12-03,3,0,高频多品类用户
169555,1,2017-11-27,1,6,低频沉睡用户
169566,2,2017-11-30,2,3,稳定复购用户
169567,2,2017-11-29,2,4,稳定复购用户
169569,1,2017-11-28,1,5,低频沉睡用户
169573,6,2017-11-30,4,3,高频多品类用户
169576,2,2017-12-03,2,0,稳定复购用户
169583,1,2017-12-01,1,2,低频沉睡用户
169586,1,2017-12-01,1,2,低频沉睡用户
169606,2,2017-11-30,2,3,稳定复购用户
169611,6,2017-12-03,5,0,高频多品类用户
169612,1,2017-11-30,1,3,低频沉睡用户
169621,1,2017-11-28,1,5,低频沉睡用户
169640,3,2017-12-02,3,1,高频多品类用户
169644,5,2017-12-03,4,0,高频多品类用户
169651,2,2017-11-30,2,3,稳定复购用户
169657,1,2017-11-29,1,4,低频沉睡用户
169665,1,2017-11-30,1,3,低频沉睡用户
169678,1,2017-11-27,1,6,低频沉睡用户
169679,3,2017-11-30,2,3,高频多品类用户
169680,1,2017-11-25,1,8,低频沉睡用户
169682,1,2017-12-01,1,2,低频沉睡用户
169683,6,2017-11-29,5,4,高频多品类用户
169686,1,2017-12-03,1,0,新购买用户
169687,1,2017-11-27,1,6,低频沉睡用户
169701,4,2017-11-30,4,3,高频多品类用户
169702,1,2017-12-02,1,1,新购买用户
169705,1,2017-12-01,1,2,低频沉睡用户
169722,1,2017-11-30,1,3,低频沉睡用户
169740,7,2017-12-03,5,0,高频多品类用户
169743,1,2017-11-27,1,6,低频沉睡用户
169753,1,2017-11-25,1,8,低频沉睡用户
169757,2,2017-12-02,2,1,稳定复购用户
169760,2,2017-12-03,2,0,稳定复购用户
169761,2,2017-12-03,2,0,稳定复购用户
169768,3,2017-12-01,2,2,高频多品类用户
169772,2,2017-11-27,1,6,稳定复购用户
169776,7,2017-11-30,4,3,高频多品类用户
169777,3,2017-12-01,3,2,高频多品类用户
169785,1,2017-11-28,1,5,低频沉睡用户
169793,1,2017-12-02,1,1,新购买用户
169797,1,2017-11-27,1,6,低频沉睡用户
169799,2,2017-11-29,2,4,稳定复购用户
169809,2,2017-12-03,1,0,稳定复购用户
169810,3,2017-12-03,2,0,高频多品类用户
169812,1,2017-11-26,1,7,低频沉睡用户
169821,1,2017-12-02,1,1,新购买用户
169827,5,2017-12-02,3,1,高频多品类用户
169834,1,2017-11-26,1,7,低频沉睡用户
169838,1,2017-11-27,1,6,低频沉睡用户
169847,2,2017-11-28,2,5,稳定复购用户
169881,1,2017-12-03,1,0,新购买用户
169882,2,2017-11-27,1,6,稳定复购用户
169885,1,2017-11-28,1,5,低频沉睡用户
169888,1,2017-11-30,1,3,低频沉睡用户
169905,2,2017-11-30,2,3,稳定复购用户
169909,2,2017-12-03,2,0,稳定复购用户
169915,7,2017-12-03,5,0,高频多品类用户
169924,1,2017-11-29,1,4,低频沉睡用户
169930,2,2017-12-02,2,1,稳定复购用户
169934,1,2017-11-26,1,7,低频沉睡用户
169945,2,2017-11-29,2,4,稳定复购用户
169962,1,2017-11-28,1,5,低频沉睡用户
169972,1,2017-12-02,1,1,新购买用户
169984,3,2017-12-03,3,0,高频多品类用户
169992,3,2017-12-01,2,2,高频多品类用户
169994,2,2017-12-01,1,2,稳定复购用户
170001,5,2017-12-03,5,0,高频多品类用户
170014,1,2017-11-28,1,5,低频沉睡用户
170017,2,2017-11-28,2,5,稳定复购用户
170019,3,2017-11-27,1,6,稳定复购用户
170024,1,2017-11-28,1,5,低频沉睡用户
170025,6,2017-12-02,6,1,高频多品类用户
170031,1,2017-11-27,1,6,低频沉睡用户
170032,3,2017-12-01,3,2,高频多品类用户
170045,2,2017-12-03,2,0,稳定复购用户
170046,1,2017-11-30,1,3,低频沉睡用户
170063,5,2017-11-30,3,3,高频多品类用户
170085,1,2017-12-01,1,2,低频沉睡用户
170094,2,2017-12-03,2,0,稳定复购用户
170095,2,2017-12-01,2,2,稳定复购用户
170099,1,2017-11-28,1,5,低频沉睡用户
170106,2,2017-12-01,2,2,稳定复购用户
170107,3,2017-12-01,2,2,高频多品类用户
170108,7,2017-11-29,7,4,高频多品类用户
170110,5,2017-12-02,3,1,高频多品类用户
170114,2,2017-12-01,2,2,稳定复购用户
170121,1,2017-11-27,1,6,低频沉睡用户
170129,1,2017-12-03,1,0,新购买用户
170132,2,2017-12-01,2,2,稳定复购用户
170136,2,2017-11-30,2,3,稳定复购用户
170143,2,2017-11-30,2,3,稳定复购用户
170144,1,2017-12-02,1,1,新购买用户
170153,1,2017-11-30,1,3,低频沉睡用户
170160,1,2017-12-03,1,0,新购买用户
170166,1,2017-11-27,1,6,低频沉睡用户
170176,2,2017-11-30,2,3,稳定复购用户
170185,1,2017-11-28,1,5,低频沉睡用户
170187,3,2017-11-28,2,5,高频多品类用户
170198,3,2017-12-03,2,0,高频多品类用户
170200,11,2017-12-03,4,0,高频多品类用户
170202,2,2017-12-03,1,0,稳定复购用户
170218,3,2017-12-02,2,1,高频多品类用户
170220,4,2017-12-03,4,0,高频多品类用户
170226,5,2017-11-30,4,3,高频多品类用户
170237,1,2017-11-27,1,6,低频沉睡用户
170252,2,2017-12-03,2,0,稳定复购用户
170262,5,2017-12-01,3,2,高频多品类用户
170264,3,2017-11-30,3,3,高频多品类用户
170272,2,2017-12-03,1,0,稳定复购用户
170275,4,2017-11-29,3,4,高频多品类用户
170284,2,2017-11-29,2,4,稳定复购用户
170290,8,2017-12-03,6,0,高频多品类用户
170297,5,2017-12-03,5,0,高频多品类用户
170306,2,2017-11-26,2,7,稳定复购用户
170319,1,2017-11-30,1,3,低频沉睡用户
170321,5,2017-12-03,3,0,高频多品类用户
170327,1,2017-11-28,1,5,低频沉睡用户
170339,5,2017-12-02,4,1,高频多品类用户
170342,5,2017-12-03,5,0,高频多品类用户
170347,1,2017-11-27,1,6,低频沉睡用户
170373,3,2017-11-29,2,4,高频多品类用户
170399,6,2017-12-02,4,1,高频多品类用户
170400,4,2017-12-03,3,0,高频多品类用户
170401,4,2017-12-01,4,2,高频多品类用户
170407,1,2017-11-30,1,3,低频沉睡用户
170412,8,2017-12-03,8,0,高频多品类用户
170419,1,2017-12-03,1,0,新购买用户
170426,1,2017-11-28,1,5,低频沉睡用户
170428,2,2017-12-02,2,1,稳定复购用户
170435,1,2017-12-02,1,1,新购买用户
170437,5,2017-12-03,5,0,高频多品类用户
170443,5,2017-11-27,5,6,高频多品类用户
170445,6,2017-11-25,3,8,高频多品类用户
170446,2,2017-11-25,1,8,稳定复购用户
170449,2,2017-12-02,2,1,稳定复购用户
170453,6,2017-12-02,6,1,高频多品类用户
170454,2,2017-12-02,2,1,稳定复购用户
170462,2,2017-11-30,2,3,稳定复购用户
170469,3,2017-12-02,3,1,高频多品类用户
170470,7,2017-11-29,4,4,高频多品类用户
170480,5,2017-12-03,4,0,高频多品类用户
170483,2,2017-11-28,2,5,稳定复购用户
170487,2,2017-11-27,2,6,稳定复购用户
170491,9,2017-12-03,6,0,高频多品类用户
170507,2,2017-11-26,2,7,稳定复购用户
170518,6,2017-12-01,6,2,高频多品类用户
170524,3,2017-11-27,2,6,高频多品类用户
170529,8,2017-12-02,7,1,高频多品类用户
170538,1,2017-12-01,1,2,低频沉睡用户
170549,1,2017-11-29,1,4,低频沉睡用户
170563,2,2017-12-03,2,0,稳定复购用户
170566,2,2017-11-25,2,8,稳定复购用户
170576,2,2017-12-03,2,0,稳定复购用户
170591,5,2017-12-02,5,1,高频多品类用户
170592,9,2017-11-28,5,5,高频多品类用户
170597,5,2017-12-02,5,1,高频多品类用户
170607,2,2017-12-03,2,0,稳定复购用户
170609,2,2017-12-02,2,1,稳定复购用户
170614,1,2017-12-03,1,0,新购买用户
170619,1,2017-11-29,1,4,低频沉睡用户
170625,1,2017-11-25,1,8,低频沉睡用户
170645,6,2017-11-30,6,3,高频多品类用户
170650,2,2017-12-02,2,1,稳定复购用户
170652,2,2017-12-03,2,0,稳定复购用户
170653,1,2017-11-30,1,3,低频沉睡用户
170666,2,2017-11-29,2,4,稳定复购用户
170668,1,2017-12-02,1,1,新购买用户
170679,2,2017-12-03,2,0,稳定复购用户
170681,6,2017-11-27,6,6,高频多品类用户
170696,1,2017-12-03,1,0,新购买用户
170702,2,2017-11-29,2,4,稳定复购用户
170703,1,2017-12-02,1,1,新购买用户
170707,2,2017-11-25,2,8,稳定复购用户
170711,4,2017-11-30,3,3,高频多品类用户
170732,8,2017-12-02,5,1,高频多品类用户
170741,1,2017-11-27,1,6,低频沉睡用户
170743,3,2017-11-28,2,5,高频多品类用户
170750,4,2017-12-02,4,1,高频多品类用户
170757,1,2017-11-29,1,4,低频沉睡用户
170766,3,2017-11-30,3,3,高频多品类用户
170771,2,2017-12-02,2,1,稳定复购用户
170793,1,2017-11-25,1,8,低频沉睡用户
170797,4,2017-12-02,3,1,高频多品类用户
170802,4,2017-11-30,3,3,高频多品类用户
170813,2,2017-11-28,2,5,稳定复购用户
170829,1,2017-12-03,1,0,新购买用户
170830,3,2017-12-03,2,0,高频多品类用户
170832,1,2017-11-30,1,3,低频沉睡用户
170842,4,2017-11-29,3,4,高频多品类用户
170874,6,2017-12-01,6,2,高频多品类用户
170884,1,2017-11-26,1,7,低频沉睡用户
170893,1,2017-12-02,1,1,新购买用户
170909,1,2017-11-28,1,5,低频沉睡用户
170911,5,2017-12-03,5,0,高频多品类用户
170917,6,2017-11-30,6,3,高频多品类用户
170924,1,2017-12-03,1,0,新购买用户
170929,2,2017-12-01,2,2,稳定复购用户
170932,1,2017-12-02,1,1,新购买用户
170939,1,2017-11-25,1,8,低频沉睡用户
170949,5,2017-11-30,3,3,高频多品类用户
170958,2,2017-11-30,2,3,稳定复购用户
170965,1,2017-11-25,1,8,低频沉睡用户
170969,1,2017-11-29,1,4,低频沉睡用户
170984,1,2017-11-27,1,6,低频沉睡用户
170991,1,2017-11-30,1,3,低频沉睡用户
171007,5,2017-11-30,5,3,高频多品类用户
171016,3,2017-12-02,3,1,高频多品类用户
171022,1,2017-12-02,1,1,新购买用户
171025,3,2017-11-30,2,3,高频多品类用户
171028,2,2017-12-03,2,0,稳定复购用户
171035,8,2017-12-03,7,0,高频多品类用户
171036,2,2017-12-03,2,0,稳定复购用户
171038,1,2017-11-28,1,5,低频沉睡用户
171039,1,2017-12-03,1,0,新购买用户
171041,4,2017-12-02,4,1,高频多品类用户
171043,1,2017-11-26,1,7,低频沉睡用户
171065,5,2017-12-02,5,1,高频多品类用户
171066,1,2017-11-25,1,8,低频沉睡用户
171075,5,2017-11-30,4,3,高频多品类用户
171078,2,2017-11-28,2,5,稳定复购用户
171083,2,2017-11-29,1,4,稳定复购用户
171086,1,2017-11-26,1,7,低频沉睡用户
171089,1,2017-12-02,1,1,新购买用户
171097,13,2017-12-02,7,1,高频多品类用户
171100,1,2017-11-29,1,4,低频沉睡用户
171106,2,2017-11-30,2,3,稳定复购用户
171108,4,2017-12-01,3,2,高频多品类用户
171128,1,2017-12-03,1,0,新购买用户
171132,3,2017-11-29,3,4,高频多品类用户
171134,1,2017-12-03,1,0,新购买用户
171139,1,2017-12-03,1,0,新购买用户
171145,4,2017-12-02,4,1,高频多品类用户
171151,1,2017-11-30,1,3,低频沉睡用户
171159,2,2017-12-01,1,2,稳定复购用户
171167,7,2017-12-01,6,2,高频多品类用户
171177,11,2017-12-03,9,0,高频多品类用户
171186,1,2017-11-27,1,6,低频沉睡用户
171189,2,2017-12-03,2,0,稳定复购用户
171191,3,2017-11-27,3,6,高频多品类用户
171192,1,2017-12-02,1,1,新购买用户
171209,4,2017-11-29,2,4,高频多品类用户
171211,2,2017-12-01,2,2,稳定复购用户
171218,1,2017-12-03,1,0,新购买用户
171231,4,2017-12-03,3,0,高频多品类用户
171235,6,2017-12-01,3,2,高频多品类用户
171248,3,2017-12-01,3,2,高频多品类用户
171269,1,2017-12-03,1,0,新购买用户
171271,3,2017-11-28,2,5,高频多品类用户
171279,5,2017-12-02,5,1,高频多品类用户
171281,3,2017-12-01,3,2,高频多品类用户
171283,1,2017-12-03,1,0,新购买用户
171288,2,2017-12-02,2,1,稳定复购用户
171293,3,2017-12-01,3,2,高频多品类用户
171295,6,2017-12-02,6,1,高频多品类用户
171296,5,2017-11-29,4,4,高频多品类用户
171300,2,2017-12-01,2,2,稳定复购用户
171309,4,2017-11-25,4,8,高频多品类用户
171329,1,2017-12-01,1,2,低频沉睡用户
171357,1,2017-12-03,1,0,新购买用户
171362,19,2017-12-03,18,0,高频多品类用户
171371,1,2017-11-26,1,7,低频沉睡用户
171378,3,2017-12-03,2,0,高频多品类用户
171382,1,2017-11-30,1,3,低频沉睡用户
171395,1,2017-11-25,1,8,低频沉睡用户
171397,5,2017-12-03,5,0,高频多品类用户
171398,1,2017-11-27,1,6,低频沉睡用户
171401,1,2017-12-01,1,2,低频沉睡用户
171406,2,2017-11-28,1,5,稳定复购用户
171407,1,2017-12-01,1,2,低频沉睡用户
171410,1,2017-11-29,1,4,低频沉睡用户
171412,4,2017-12-03,3,0,高频多品类用户
171413,4,2017-11-29,4,4,高频多品类用户
171417,1,2017-12-01,1,2,低频沉睡用户
171423,2,2017-11-25,2,8,稳定复购用户
171427,1,2017-12-01,1,2,低频沉睡用户
171428,1,2017-12-02,1,1,新购买用户
171434,2,2017-11-25,2,8,稳定复购用户
171467,1,2017-11-29,1,4,低频沉睡用户
171471,2,2017-12-03,2,0,稳定复购用户
171478,6,2017-12-03,5,0,高频多品类用户
171484,1,2017-11-28,1,5,低频沉睡用户
171494,1,2017-12-03,1,0,新购买用户
171495,3,2017-12-01,3,2,高频多品类用户
171497,1,2017-11-26,1,7,低频沉睡用户
171503,2,2017-11-30,2,3,稳定复购用户
171505,2,2017-12-02,2,1,稳定复购用户
171516,6,2017-12-03,6,0,高频多品类用户
171517,3,2017-12-02,3,1,高频多品类用户
171527,1,2017-12-01,1,2,低频沉睡用户
171545,2,2017-11-30,2,3,稳定复购用户
171550,1,2017-11-30,1,3,低频沉睡用户
171564,1,2017-11-30,1,3,低频沉睡用户
171572,2,2017-11-30,2,3,稳定复购用户
171581,2,2017-12-03,2,0,稳定复购用户
171589,2,2017-12-02,2,1,稳定复购用户
171600,4,2017-12-02,4,1,高频多品类用户
171602,5,2017-12-02,3,1,高频多品类用户
171607,1,2017-11-26,1,7,低频沉睡用户
171611,2,2017-11-29,2,4,稳定复购用户
171632,5,2017-11-30,2,3,高频多品类用户
171641,1,2017-12-01,1,2,低频沉睡用户
171650,2,2017-11-30,2,3,稳定复购用户
171676,1,2017-12-03,1,0,新购买用户
171677,3,2017-12-03,3,0,高频多品类用户
171681,1,2017-11-25,1,8,低频沉睡用户
171687,15,2017-12-03,11,0,高频多品类用户
171695,1,2017-11-30,1,3,低频沉睡用户
171704,5,2017-11-30,5,3,高频多品类用户
171710,1,2017-11-29,1,4,低频沉睡用户
171715,2,2017-11-30,2,3,稳定复购用户
171724,6,2017-11-29,4,4,高频多品类用户
171726,2,2017-11-28,2,5,稳定复购用户
171728,1,2017-11-30,1,3,低频沉睡用户
171751,2,2017-11-30,2,3,稳定复购用户
171759,2,2017-12-02,2,1,稳定复购用户
171784,3,2017-12-03,3,0,高频多品类用户
171805,2,2017-11-30,2,3,稳定复购用户
171807,1,2017-11-25,1,8,低频沉睡用户
171809,2,2017-11-29,2,4,稳定复购用户
171816,2,2017-11-25,1,8,稳定复购用户
171823,3,2017-11-27,2,6,高频多品类用户
171824,3,2017-12-01,3,2,高频多品类用户
171831,1,2017-11-29,1,4,低频沉睡用户
171849,2,2017-12-03,2,0,稳定复购用户
171855,4,2017-11-28,3,5,高频多品类用户
171864,2,2017-12-02,2,1,稳定复购用户
171867,1,2017-11-26,1,7,低频沉睡用户
171869,5,2017-12-03,3,0,高频多品类用户
171879,3,2017-12-02,3,1,高频多品类用户
171889,7,2017-12-03,6,0,高频多品类用户
171892,2,2017-12-03,2,0,稳定复购用户
171898,3,2017-12-03,2,0,高频多品类用户
171906,4,2017-11-28,4,5,高频多品类用户
171910,3,2017-11-30,2,3,高频多品类用户
171916,3,2017-11-30,3,3,高频多品类用户
171920,3,2017-11-29,2,4,高频多品类用户
171922,3,2017-12-02,2,1,高频多品类用户
171923,3,2017-12-01,3,2,高频多品类用户
171925,4,2017-12-02,3,1,高频多品类用户
171948,2,2017-12-01,2,2,稳定复购用户
171972,2,2017-12-02,2,1,稳定复购用户
171979,3,2017-12-02,3,1,高频多品类用户
171992,2,2017-12-01,1,2,稳定复购用户
172006,4,2017-12-03,3,0,高频多品类用户
172007,5,2017-12-02,4,1,高频多品类用户
172029,4,2017-12-01,4,2,高频多品类用户
172040,2,2017-11-29,2,4,稳定复购用户
172048,2,2017-12-03,2,0,稳定复购用户
172051,3,2017-11-30,2,3,高频多品类用户
172063,1,2017-12-01,1,2,低频沉睡用户
172066,3,2017-11-27,2,6,高频多品类用户
172069,1,2017-11-30,1,3,低频沉睡用户
172073,1,2017-11-29,1,4,低频沉睡用户
172078,3,2017-12-02,1,1,稳定复购用户
172091,30,2017-12-03,26,0,高频多品类用户
172099,3,2017-11-27,3,6,高频多品类用户
172104,1,2017-11-25,1,8,低频沉睡用户
172105,4,2017-12-03,3,0,高频多品类用户
172110,3,2017-12-01,3,2,高频多品类用户
172112,1,2017-11-27,1,6,低频沉睡用户
172118,1,2017-11-27,1,6,低频沉睡用户
172125,9,2017-12-02,8,1,高频多品类用户
172136,1,2017-11-25,1,8,低频沉睡用户
172137,1,2017-12-03,1,0,新购买用户
172160,1,2017-11-25,1,8,低频沉睡用户
172168,2,2017-11-28,1,5,稳定复购用户
172179,1,2017-12-01,1,2,低频沉睡用户
172184,3,2017-11-27,2,6,高频多品类用户
172191,6,2017-12-02,5,1,高频多品类用户
172198,9,2017-12-03,9,0,高频多品类用户
172210,1,2017-12-02,1,1,新购买用户
172227,3,2017-11-28,3,5,高频多品类用户
172229,2,2017-11-28,2,5,稳定复购用户
172234,1,2017-12-03,1,0,新购买用户
172240,5,2017-12-03,5,0,高频多品类用户
172241,1,2017-12-03,1,0,新购买用户
172246,2,2017-12-02,2,1,稳定复购用户
172247,1,2017-12-03,1,0,新购买用户
172272,2,2017-12-03,2,0,稳定复购用户
172280,4,2017-11-26,4,7,高频多品类用户
172283,3,2017-12-03,3,0,高频多品类用户
172286,1,2017-11-29,1,4,低频沉睡用户
172291,2,2017-11-30,1,3,稳定复购用户
172306,2,2017-11-30,1,3,稳定复购用户
172316,2,2017-11-30,2,3,稳定复购用户
172320,4,2017-12-02,4,1,高频多品类用户
172325,1,2017-11-27,1,6,低频沉睡用户
172326,2,2017-12-03,2,0,稳定复购用户
172330,3,2017-12-02,3,1,高频多品类用户
172331,2,2017-11-29,2,4,稳定复购用户
172340,11,2017-12-03,10,0,高频多品类用户
172354,1,2017-11-25,1,8,低频沉睡用户
172360,1,2017-12-01,1,2,低频沉睡用户
172366,3,2017-12-02,2,1,高频多品类用户
172379,2,2017-12-01,2,2,稳定复购用户
172392,2,2017-12-01,1,2,稳定复购用户
172393,1,2017-11-29,1,4,低频沉睡用户
172394,2,2017-12-03,2,0,稳定复购用户
172397,1,2017-12-02,1,1,新购买用户
172401,4,2017-12-03,2,0,高频多品类用户
172418,7,2017-12-03,6,0,高频多品类用户
172425,4,2017-12-02,4,1,高频多品类用户
172458,3,2017-12-02,3,1,高频多品类用户
172459,2,2017-12-02,1,1,稳定复购用户
172462,1,2017-11-28,1,5,低频沉睡用户
172464,7,2017-12-02,6,1,高频多品类用户
172472,1,2017-12-02,1,1,新购买用户
172475,3,2017-12-03,3,0,高频多品类用户
172482,1,2017-12-02,1,1,新购买用户
172486,1,2017-11-27,1,6,低频沉睡用户
172487,3,2017-12-01,3,2,高频多品类用户
172489,3,2017-12-03,3,0,高频多品类用户
172490,1,2017-11-25,1,8,低频沉睡用户
172496,2,2017-12-03,2,0,稳定复购用户
172498,3,2017-12-02,2,1,高频多品类用户
172504,3,2017-12-03,3,0,高频多品类用户
172528,2,2017-12-01,2,2,稳定复购用户
172532,1,2017-12-01,1,2,低频沉睡用户
172545,5,2017-12-03,1,0,稳定复购用户
172552,4,2017-11-29,3,4,高频多品类用户
172556,1,2017-11-25,1,8,低频沉睡用户
172559,1,2017-11-30,1,3,低频沉睡用户
172567,1,2017-11-28,1,5,低频沉睡用户
172584,5,2017-12-01,4,2,高频多品类用户
172593,1,2017-11-30,1,3,低频沉睡用户
172598,1,2017-11-30,1,3,低频沉睡用户
172601,1,2017-11-29,1,4,低频沉睡用户
172602,1,2017-12-02,1,1,新购买用户
172650,6,2017-12-03,3,0,高频多品类用户
172651,3,2017-12-02,2,1,高频多品类用户
172670,3,2017-12-03,2,0,高频多品类用户
172676,2,2017-12-03,2,0,稳定复购用户
172681,1,2017-11-25,1,8,低频沉睡用户
172691,1,2017-11-30,1,3,低频沉睡用户
172696,2,2017-12-01,2,2,稳定复购用户
172698,1,2017-12-02,1,1,新购买用户
172707,3,2017-11-27,3,6,高频多品类用户
172717,3,2017-11-30,3,3,高频多品类用户
172718,2,2017-11-27,1,6,稳定复购用户
172726,2,2017-12-03,2,0,稳定复购用户
172728,3,2017-12-02,3,1,高频多品类用户
172732,1,2017-12-03,1,0,新购买用户
172738,2,2017-11-28,2,5,稳定复购用户
172741,2,2017-12-01,2,2,稳定复购用户
172747,3,2017-12-02,3,1,高频多品类用户
172748,4,2017-11-30,4,3,高频多品类用户
172752,3,2017-11-27,3,6,高频多品类用户
172756,4,2017-11-27,4,6,高频多品类用户
172765,3,2017-11-29,3,4,高频多品类用户
172767,1,2017-11-26,1,7,低频沉睡用户
172804,4,2017-11-28,3,5,高频多品类用户
172805,7,2017-12-01,7,2,高频多品类用户
172811,5,2017-12-03,5,0,高频多品类用户
172815,3,2017-12-02,3,1,高频多品类用户
172832,5,2017-12-02,5,1,高频多品类用户
172833,1,2017-11-28,1,5,低频沉睡用户
172853,3,2017-11-25,3,8,高频多品类用户
172856,1,2017-12-03,1,0,新购买用户
172858,7,2017-12-03,5,0,高频多品类用户
172861,1,2017-11-25,1,8,低频沉睡用户
172865,1,2017-11-28,1,5,低频沉睡用户
172869,2,2017-12-01,2,2,稳定复购用户
172880,1,2017-11-28,1,5,低频沉睡用户
172884,3,2017-12-02,3,1,高频多品类用户
172886,1,2017-12-03,1,0,新购买用户
172888,2,2017-12-02,2,1,稳定复购用户
172890,1,2017-11-28,1,5,低频沉睡用户
172897,1,2017-11-29,1,4,低频沉睡用户
172900,1,2017-12-03,1,0,新购买用户
172901,1,2017-11-27,1,6,低频沉睡用户
172906,1,2017-12-03,1,0,新购买用户
172908,3,2017-12-02,3,1,高频多品类用户
172909,3,2017-12-02,3,1,高频多品类用户
172915,13,2017-12-01,11,2,高频多品类用户
172922,1,2017-11-30,1,3,低频沉睡用户
172926,2,2017-11-28,2,5,稳定复购用户
172929,2,2017-12-02,2,1,稳定复购用户
172930,5,2017-12-01,4,2,高频多品类用户
172931,1,2017-11-25,1,8,低频沉睡用户
172945,1,2017-11-26,1,7,低频沉睡用户
172954,3,2017-12-02,3,1,高频多品类用户
172958,1,2017-12-01,1,2,低频沉睡用户
172965,1,2017-11-28,1,5,低频沉睡用户
172976,8,2017-12-03,8,0,高频多品类用户
173001,3,2017-12-01,3,2,高频多品类用户
173014,1,2017-12-02,1,1,新购买用户
173040,2,2017-12-03,2,0,稳定复购用户
173042,8,2017-12-02,6,1,高频多品类用户
173050,2,2017-12-01,2,2,稳定复购用户
173082,2,2017-12-02,2,1,稳定复购用户
173084,1,2017-11-26,1,7,低频沉睡用户
173094,1,2017-12-03,1,0,新购买用户
173095,3,2017-11-29,3,4,高频多品类用户
173112,1,2017-11-25,1,8,低频沉睡用户
173126,2,2017-11-26,2,7,稳定复购用户
173127,1,2017-11-29,1,4,低频沉睡用户
173132,3,2017-12-02,2,1,高频多品类用户
173136,2,2017-11-30,1,3,稳定复购用户
173142,4,2017-12-03,3,0,高频多品类用户
173144,2,2017-12-03,2,0,稳定复购用户
173183,4,2017-12-03,4,0,高频多品类用户
173185,2,2017-11-28,2,5,稳定复购用户
173192,1,2017-11-29,1,4,低频沉睡用户
173195,2,2017-11-27,2,6,稳定复购用户
173237,2,2017-12-03,2,0,稳定复购用户
173240,1,2017-11-25,1,8,低频沉睡用户
173242,29,2017-12-01,23,2,高频多品类用户
173259,1,2017-12-03,1,0,新购买用户
173271,1,2017-11-28,1,5,低频沉睡用户
173274,3,2017-12-02,3,1,高频多品类用户
173276,3,2017-12-02,3,1,高频多品类用户
173295,3,2017-11-29,1,4,稳定复购用户
173308,8,2017-12-03,7,0,高频多品类用户
173315,4,2017-12-03,4,0,高频多品类用户
173321,1,2017-11-29,1,4,低频沉睡用户
173325,2,2017-11-29,2,4,稳定复购用户
173333,1,2017-12-01,1,2,低频沉睡用户
173335,4,2017-12-03,3,0,高频多品类用户
173337,5,2017-12-02,4,1,高频多品类用户
173339,7,2017-12-03,7,0,高频多品类用户
173348,1,2017-11-29,1,4,低频沉睡用户
173353,2,2017-12-03,2,0,稳定复购用户
173358,3,2017-11-27,3,6,高频多品类用户
173361,9,2017-12-01,7,2,高频多品类用户
173363,3,2017-12-01,2,2,高频多品类用户
173366,2,2017-12-03,2,0,稳定复购用户
173370,4,2017-12-03,4,0,高频多品类用户
173373,2,2017-12-03,2,0,稳定复购用户
173375,2,2017-11-28,2,5,稳定复购用户
173377,5,2017-12-03,5,0,高频多品类用户
173386,1,2017-11-27,1,6,低频沉睡用户
173401,1,2017-12-03,1,0,新购买用户
173406,1,2017-11-29,1,4,低频沉睡用户
173410,2,2017-12-03,2,0,稳定复购用户
173413,3,2017-11-29,2,4,高频多品类用户
173418,2,2017-12-03,2,0,稳定复购用户
173423,8,2017-12-03,5,0,高频多品类用户
173433,12,2017-12-02,7,1,高频多品类用户
173448,8,2017-12-03,8,0,高频多品类用户
173462,3,2017-12-02,2,1,高频多品类用户
173476,4,2017-12-03,3,0,高频多品类用户
173479,2,2017-12-01,2,2,稳定复购用户
173487,16,2017-12-03,13,0,高频多品类用户
173490,1,2017-11-30,1,3,低频沉睡用户
173502,9,2017-12-03,7,0,高频多品类用户
173504,1,2017-11-30,1,3,低频沉睡用户
173530,3,2017-11-30,3,3,高频多品类用户
173537,2,2017-12-02,2,1,稳定复购用户
173548,1,2017-12-03,1,0,新购买用户
173549,8,2017-12-03,7,0,高频多品类用户
173551,3,2017-11-30,3,3,高频多品类用户
173552,1,2017-11-29,1,4,低频沉睡用户
173564,1,2017-11-26,1,7,低频沉睡用户
173566,2,2017-12-01,2,2,稳定复购用户
173567,1,2017-11-30,1,3,低频沉睡用户
173577,6,2017-12-02,6,1,高频多品类用户
173598,5,2017-12-01,5,2,高频多品类用户
173602,5,2017-12-03,5,0,高频多品类用户
173606,3,2017-11-29,3,4,高频多品类用户
173611,2,2017-12-03,2,0,稳定复购用户
173612,3,2017-12-02,2,1,高频多品类用户
173617,1,2017-11-25,1,8,低频沉睡用户
173620,3,2017-12-03,3,0,高频多品类用户
173630,3,2017-12-02,3,1,高频多品类用户
173635,1,2017-12-02,1,1,新购买用户
173636,3,2017-11-26,2,7,高频多品类用户
173637,1,2017-11-26,1,7,低频沉睡用户
173647,1,2017-12-01,1,2,低频沉睡用户
173653,8,2017-12-03,7,0,高频多品类用户
173654,1,2017-12-03,1,0,新购买用户
173661,1,2017-11-25,1,8,低频沉睡用户
173671,1,2017-11-25,1,8,低频沉睡用户
173673,1,2017-11-28,1,5,低频沉睡用户
173680,1,2017-11-30,1,3,低频沉睡用户
173689,4,2017-12-03,2,0,高频多品类用户
173707,2,2017-12-03,2,0,稳定复购用户
173714,3,2017-12-03,3,0,高频多品类用户
173715,2,2017-12-03,2,0,稳定复购用户
173716,2,2017-11-27,2,6,稳定复购用户
173735,1,2017-11-30,1,3,低频沉睡用户
173739,4,2017-12-02,3,1,高频多品类用户
173742,1,2017-11-28,1,5,低频沉睡用户
173744,1,2017-11-27,1,6,低频沉睡用户
173750,3,2017-11-27,3,6,高频多品类用户
173755,3,2017-12-02,3,1,高频多品类用户
173766,2,2017-11-29,2,4,稳定复购用户
173771,1,2017-12-02,1,1,新购买用户
173773,1,2017-11-30,1,3,低频沉睡用户
173806,1,2017-11-25,1,8,低频沉睡用户
173809,5,2017-12-03,5,0,高频多品类用户
173810,2,2017-11-28,2,5,稳定复购用户
173818,1,2017-11-30,1,3,低频沉睡用户
173821,1,2017-12-01,1,2,低频沉睡用户
173828,1,2017-11-29,1,4,低频沉睡用户
173844,4,2017-12-01,3,2,高频多品类用户
173848,3,2017-11-30,3,3,高频多品类用户
173849,4,2017-12-03,4,0,高频多品类用户
173851,7,2017-12-03,5,0,高频多品类用户
173861,6,2017-11-30,5,3,高频多品类用户
173862,3,2017-12-02,3,1,高频多品类用户
173881,1,2017-11-27,1,6,低频沉睡用户
173888,5,2017-12-03,5,0,高频多品类用户
173893,1,2017-12-01,1,2,低频沉睡用户
173910,4,2017-12-02,4,1,高频多品类用户
173926,1,2017-11-25,1,8,低频沉睡用户
173927,3,2017-11-29,3,4,高频多品类用户
173932,2,2017-12-03,2,0,稳定复购用户
173947,4,2017-12-01,4,2,高频多品类用户
173954,6,2017-12-02,5,1,高频多品类用户
173956,4,2017-11-27,2,6,高频多品类用户
173961,5,2017-12-01,3,2,高频多品类用户
173990,2,2017-12-02,2,1,稳定复购用户
174005,1,2017-12-01,1,2,低频沉睡用户
174011,1,2017-11-26,1,7,低频沉睡用户
174019,8,2017-12-02,8,1,高频多品类用户
174022,4,2017-12-03,4,0,高频多品类用户
174038,1,2017-12-02,1,1,新购买用户
174039,2,2017-12-03,2,0,稳定复购用户
174044,6,2017-12-02,6,1,高频多品类用户
174049,5,2017-12-03,4,0,高频多品类用户
174058,1,2017-12-03,1,0,新购买用户
174060,2,2017-12-02,1,1,稳定复购用户
174069,1,2017-11-27,1,6,低频沉睡用户
174080,3,2017-12-01,3,2,高频多品类用户
174096,1,2017-11-27,1,6,低频沉睡用户
174103,9,2017-12-03,6,0,高频多品类用户
174111,12,2017-12-03,10,0,高频多品类用户
174115,6,2017-12-03,5,0,高频多品类用户
174118,1,2017-12-02,1,1,新购买用户
174119,1,2017-11-30,1,3,低频沉睡用户
174121,3,2017-12-01,3,2,高频多品类用户
174123,1,2017-12-03,1,0,新购买用户
174124,1,2017-11-29,1,4,低频沉睡用户
174125,2,2017-12-01,2,2,稳定复购用户
174128,3,2017-11-30,3,3,高频多品类用户
174129,2,2017-11-27,2,6,稳定复购用户
174136,3,2017-12-01,3,2,高频多品类用户
174145,3,2017-12-02,3,1,高频多品类用户
174150,2,2017-11-30,2,3,稳定复购用户
174151,2,2017-11-25,2,8,稳定复购用户
174154,1,2017-12-01,1,2,低频沉睡用户
174167,3,2017-12-01,3,2,高频多品类用户
174175,6,2017-11-29,6,4,高频多品类用户
174180,6,2017-11-29,5,4,高频多品类用户
174198,3,2017-12-02,3,1,高频多品类用户
174205,13,2017-12-03,10,0,高频多品类用户
174209,5,2017-12-02,5,1,高频多品类用户
174211,10,2017-12-02,10,1,高频多品类用户
174217,2,2017-11-27,2,6,稳定复购用户
174219,4,2017-11-28,4,5,高频多品类用户
174227,1,2017-11-27,1,6,低频沉睡用户
174237,2,2017-11-30,2,3,稳定复购用户
174238,2,2017-12-02,1,1,稳定复购用户
174247,4,2017-12-01,4,2,高频多品类用户
174251,6,2017-12-03,6,0,高频多品类用户
174253,1,2017-11-27,1,6,低频沉睡用户
174256,2,2017-12-02,2,1,稳定复购用户
174260,1,2017-12-01,1,2,低频沉睡用户
174285,2,2017-11-30,2,3,稳定复购用户
174291,2,2017-12-02,2,1,稳定复购用户
174301,2,2017-11-25,2,8,稳定复购用户
174303,2,2017-12-01,1,2,稳定复购用户
174304,3,2017-12-03,3,0,高频多品类用户
174306,3,2017-12-03,3,0,高频多品类用户
174308,4,2017-11-29,4,4,高频多品类用户
174313,1,2017-11-25,1,8,低频沉睡用户
174320,2,2017-11-28,2,5,稳定复购用户
174326,4,2017-12-01,4,2,高频多品类用户
174330,1,2017-11-27,1,6,低频沉睡用户
174331,5,2017-12-03,4,0,高频多品类用户
174343,1,2017-12-03,1,0,新购买用户
174354,2,2017-12-01,2,2,稳定复购用户
174360,10,2017-11-29,9,4,高频多品类用户
174365,1,2017-12-02,1,1,新购买用户
174366,2,2017-12-02,2,1,稳定复购用户
174370,3,2017-12-02,2,1,高频多品类用户
174377,3,2017-11-29,2,4,高频多品类用户
174383,6,2017-12-01,6,2,高频多品类用户
174399,2,2017-11-29,2,4,稳定复购用户
174401,2,2017-12-02,2,1,稳定复购用户
174406,1,2017-11-26,1,7,低频沉睡用户
174420,2,2017-11-25,2,8,稳定复购用户
174434,13,2017-11-26,11,7,高频多品类用户
174440,3,2017-12-03,3,0,高频多品类用户
174450,1,2017-12-02,1,1,新购买用户
174452,2,2017-12-03,2,0,稳定复购用户
174459,3,2017-12-03,3,0,高频多品类用户
174469,2,2017-12-03,2,0,稳定复购用户
174470,1,2017-12-01,1,2,低频沉睡用户
174480,4,2017-11-30,4,3,高频多品类用户
174483,1,2017-11-28,1,5,低频沉睡用户
174484,1,2017-11-27,1,6,低频沉睡用户
174485,4,2017-12-01,4,2,高频多品类用户
174487,8,2017-12-03,8,0,高频多品类用户
174489,6,2017-11-28,6,5,高频多品类用户
174495,3,2017-12-02,2,1,高频多品类用户
174511,4,2017-12-02,4,1,高频多品类用户
174513,7,2017-12-02,6,1,高频多品类用户
174528,5,2017-12-03,5,0,高频多品类用户
174533,1,2017-12-03,1,0,新购买用户
174538,7,2017-12-03,6,0,高频多品类用户
174542,2,2017-11-28,2,5,稳定复购用户
174556,4,2017-12-03,4,0,高频多品类用户
174564,3,2017-12-02,3,1,高频多品类用户
174576,2,2017-12-01,2,2,稳定复购用户
174582,3,2017-12-03,3,0,高频多品类用户
174594,4,2017-12-02,4,1,高频多品类用户
174608,4,2017-12-03,4,0,高频多品类用户
174609,6,2017-12-03,6,0,高频多品类用户
174612,9,2017-12-03,9,0,高频多品类用户
174620,2,2017-11-27,2,6,稳定复购用户
174625,1,2017-11-25,1,8,低频沉睡用户
174626,1,2017-11-28,1,5,低频沉睡用户
174638,2,2017-12-03,2,0,稳定复购用户
174648,1,2017-12-01,1,2,低频沉睡用户
174650,1,2017-11-29,1,4,低频沉睡用户
174660,3,2017-12-02,3,1,高频多品类用户
174661,2,2017-11-30,2,3,稳定复购用户
174664,1,2017-11-28,1,5,低频沉睡用户
174667,1,2017-11-29,1,4,低频沉睡用户
174685,1,2017-11-27,1,6,低频沉睡用户
174707,2,2017-12-02,2,1,稳定复购用户
174726,5,2017-11-29,4,4,高频多品类用户
174736,1,2017-11-27,1,6,低频沉睡用户
174746,1,2017-11-30,1,3,低频沉睡用户
174755,2,2017-12-02,2,1,稳定复购用户
174760,5,2017-11-30,5,3,高频多品类用户
174778,2,2017-11-26,2,7,稳定复购用户
174779,2,2017-11-28,2,5,稳定复购用户
174788,1,2017-12-03,1,0,新购买用户
174789,1,2017-11-30,1,3,低频沉睡用户
174793,2,2017-12-01,2,2,稳定复购用户
174798,1,2017-11-30,1,3,低频沉睡用户
174802,2,2017-12-01,2,2,稳定复购用户
174831,11,2017-11-30,9,3,高频多品类用户
174832,4,2017-12-02,4,1,高频多品类用户
174833,4,2017-11-30,4,3,高频多品类用户
174836,3,2017-12-03,3,0,高频多品类用户
174837,2,2017-11-26,2,7,稳定复购用户
174866,3,2017-12-02,3,1,高频多品类用户
174884,1,2017-11-25,1,8,低频沉睡用户
174888,2,2017-11-27,2,6,稳定复购用户
174890,10,2017-12-03,9,0,高频多品类用户
174911,6,2017-12-03,4,0,高频多品类用户
174914,1,2017-11-25,1,8,低频沉睡用户
174916,2,2017-12-03,2,0,稳定复购用户
174935,9,2017-11-27,6,6,高频多品类用户
174937,2,2017-11-30,2,3,稳定复购用户
174938,4,2017-12-02,4,1,高频多品类用户
174945,1,2017-12-02,1,1,新购买用户
174966,5,2017-12-03,5,0,高频多品类用户
174980,5,2017-12-03,5,0,高频多品类用户
175004,5,2017-12-03,4,0,高频多品类用户
175019,2,2017-12-01,1,2,稳定复购用户
175020,2,2017-12-02,2,1,稳定复购用户
175021,1,2017-12-01,1,2,低频沉睡用户
175023,1,2017-12-02,1,1,新购买用户
175060,2,2017-11-27,2,6,稳定复购用户
175063,2,2017-12-02,2,1,稳定复购用户
175067,1,2017-11-29,1,4,低频沉睡用户
175087,5,2017-11-30,5,3,高频多品类用户
175096,2,2017-11-28,1,5,稳定复购用户
175099,1,2017-11-25,1,8,低频沉睡用户
175100,3,2017-12-02,2,1,高频多品类用户
175118,2,2017-11-30,2,3,稳定复购用户
175125,6,2017-12-03,6,0,高频多品类用户
175132,3,2017-11-28,3,5,高频多品类用户
175145,6,2017-11-30,6,3,高频多品类用户
175153,4,2017-12-03,4,0,高频多品类用户
175159,1,2017-11-27,1,6,低频沉睡用户
175161,3,2017-11-26,3,7,高频多品类用户
175171,6,2017-12-02,5,1,高频多品类用户
175181,1,2017-12-01,1,2,低频沉睡用户
175185,4,2017-12-02,2,1,高频多品类用户
175186,1,2017-11-28,1,5,低频沉睡用户
175190,3,2017-12-01,2,2,高频多品类用户
175195,1,2017-11-29,1,4,低频沉睡用户
175196,5,2017-11-29,4,4,高频多品类用户
175205,1,2017-11-28,1,5,低频沉睡用户
175223,3,2017-11-30,3,3,高频多品类用户
175231,1,2017-12-01,1,2,低频沉睡用户
175233,2,2017-12-01,2,2,稳定复购用户
175239,5,2017-11-29,5,4,高频多品类用户
175247,1,2017-11-30,1,3,低频沉睡用户
175255,1,2017-12-01,1,2,低频沉睡用户
175265,1,2017-11-30,1,3,低频沉睡用户
175288,6,2017-12-02,5,1,高频多品类用户
175289,3,2017-12-01,2,2,高频多品类用户
175291,10,2017-11-28,9,5,高频多品类用户
175297,15,2017-12-02,10,1,高频多品类用户
175300,3,2017-12-02,3,1,高频多品类用户
175313,1,2017-11-26,1,7,低频沉睡用户
175319,2,2017-12-02,2,1,稳定复购用户
175338,4,2017-12-03,4,0,高频多品类用户
175340,8,2017-12-01,7,2,高频多品类用户
175348,2,2017-11-25,2,8,稳定复购用户
175355,1,2017-11-26,1,7,低频沉睡用户
175359,1,2017-12-03,1,0,新购买用户
175362,3,2017-11-28,2,5,高频多品类用户
175363,2,2017-12-02,2,1,稳定复购用户
175368,8,2017-12-03,8,0,高频多品类用户
175371,2,2017-11-29,2,4,稳定复购用户
175372,5,2017-12-03,3,0,高频多品类用户
175376,1,2017-11-25,1,8,低频沉睡用户
175378,3,2017-11-30,3,3,高频多品类用户
175381,6,2017-12-02,6,1,高频多品类用户
175382,3,2017-11-30,3,3,高频多品类用户
175396,3,2017-12-02,2,1,高频多品类用户
175410,3,2017-11-27,3,6,高频多品类用户
175420,1,2017-12-03,1,0,新购买用户
175434,2,2017-11-28,2,5,稳定复购用户
175453,1,2017-11-27,1,6,低频沉睡用户
175456,4,2017-11-30,3,3,高频多品类用户
175457,1,2017-12-02,1,1,新购买用户
175461,2,2017-12-03,2,0,稳定复购用户
175474,1,2017-11-29,1,4,低频沉睡用户
175478,4,2017-12-03,4,0,高频多品类用户
175500,2,2017-11-30,2,3,稳定复购用户
175506,2,2017-11-29,2,4,稳定复购用户
175517,14,2017-12-03,10,0,高频多品类用户
175532,1,2017-11-25,1,8,低频沉睡用户
175533,13,2017-12-03,4,0,高频多品类用户
175535,2,2017-12-02,2,1,稳定复购用户
175547,6,2017-12-03,6,0,高频多品类用户
175561,2,2017-11-28,1,5,稳定复购用户
175565,1,2017-12-02,1,1,新购买用户
175567,3,2017-11-28,2,5,高频多品类用户
175568,2,2017-12-03,2,0,稳定复购用户
175578,4,2017-12-03,4,0,高频多品类用户
175584,1,2017-11-25,1,8,低频沉睡用户
175594,3,2017-12-03,3,0,高频多品类用户
175595,4,2017-12-01,4,2,高频多品类用户
175601,1,2017-11-25,1,8,低频沉睡用户
175604,2,2017-11-28,2,5,稳定复购用户
175614,1,2017-12-03,1,0,新购买用户
175615,3,2017-12-03,3,0,高频多品类用户
175623,28,2017-12-03,19,0,高频多品类用户
175647,1,2017-11-30,1,3,低频沉睡用户
175660,2,2017-12-02,2,1,稳定复购用户
175663,7,2017-12-03,7,0,高频多品类用户
175668,1,2017-11-25,1,8,低频沉睡用户
175688,2,2017-11-28,2,5,稳定复购用户
175690,2,2017-11-30,2,3,稳定复购用户
175696,1,2017-11-30,1,3,低频沉睡用户
175707,1,2017-11-28,1,5,低频沉睡用户
175723,3,2017-11-28,3,5,高频多品类用户
175726,1,2017-11-29,1,4,低频沉睡用户
175744,3,2017-12-01,3,2,高频多品类用户
175753,2,2017-12-01,2,2,稳定复购用户
175756,1,2017-11-30,1,3,低频沉睡用户
175770,3,2017-12-03,3,0,高频多品类用户
175778,1,2017-11-30,1,3,低频沉睡用户
175781,3,2017-12-02,3,1,高频多品类用户
175788,7,2017-11-27,6,6,高频多品类用户
175799,2,2017-12-03,2,0,稳定复购用户
175801,1,2017-12-01,1,2,低频沉睡用户
175806,4,2017-12-02,3,1,高频多品类用户
175815,3,2017-12-02,3,1,高频多品类用户
175816,2,2017-11-30,2,3,稳定复购用户
175820,1,2017-11-25,1,8,低频沉睡用户
175828,3,2017-12-03,3,0,高频多品类用户
175836,1,2017-11-25,1,8,低频沉睡用户
175839,1,2017-11-26,1,7,低频沉睡用户
175841,3,2017-12-03,3,0,高频多品类用户
175846,1,2017-11-26,1,7,低频沉睡用户
175860,1,2017-12-03,1,0,新购买用户
175864,5,2017-12-03,4,0,高频多品类用户
175870,1,2017-12-02,1,1,新购买用户
175878,1,2017-11-30,1,3,低频沉睡用户
175881,7,2017-11-28,6,5,高频多品类用户
175887,3,2017-12-03,3,0,高频多品类用户
175890,6,2017-12-03,6,0,高频多品类用户
175892,2,2017-11-28,2,5,稳定复购用户
175899,6,2017-12-03,5,0,高频多品类用户
175910,2,2017-12-01,2,2,稳定复购用户
175927,5,2017-12-01,2,2,高频多品类用户
175941,3,2017-12-01,3,2,高频多品类用户
175950,4,2017-11-30,4,3,高频多品类用户
175951,1,2017-11-25,1,8,低频沉睡用户
175962,1,2017-12-01,1,2,低频沉睡用户
175969,9,2017-12-03,2,0,高频多品类用户
175970,1,2017-11-28,1,5,低频沉睡用户
176006,1,2017-12-02,1,1,新购买用户
176011,3,2017-11-28,3,5,高频多品类用户
176017,3,2017-12-02,2,1,高频多品类用户
176022,1,2017-11-28,1,5,低频沉睡用户
176025,1,2017-11-30,1,3,低频沉睡用户
176026,2,2017-11-27,2,6,稳定复购用户
176033,1,2017-12-01,1,2,低频沉睡用户
176034,3,2017-12-02,3,1,高频多品类用户
176044,1,2017-11-25,1,8,低频沉睡用户
176046,1,2017-11-29,1,4,低频沉睡用户
176049,8,2017-12-01,8,2,高频多品类用户
176051,3,2017-12-02,3,1,高频多品类用户
176054,1,2017-11-30,1,3,低频沉睡用户
176058,1,2017-12-02,1,1,新购买用户
176060,3,2017-12-03,2,0,高频多品类用户
176063,7,2017-12-03,6,0,高频多品类用户
176071,1,2017-11-30,1,3,低频沉睡用户
176080,1,2017-11-25,1,8,低频沉睡用户
176082,2,2017-11-26,2,7,稳定复购用户
176091,1,2017-12-02,1,1,新购买用户
176099,1,2017-12-02,1,1,新购买用户
176111,1,2017-11-25,1,8,低频沉睡用户
176120,7,2017-11-30,7,3,高频多品类用户
176121,7,2017-11-30,4,3,高频多品类用户
176128,1,2017-11-25,1,8,低频沉睡用户
176129,1,2017-12-01,1,2,低频沉睡用户
176130,1,2017-12-03,1,0,新购买用户
176135,1,2017-12-02,1,1,新购买用户
176163,2,2017-11-29,2,4,稳定复购用户
176174,2,2017-11-27,2,6,稳定复购用户
176198,5,2017-11-29,3,4,高频多品类用户
176200,2,2017-12-03,2,0,稳定复购用户
176206,1,2017-11-27,1,6,低频沉睡用户
176209,1,2017-12-03,1,0,新购买用户
176230,1,2017-11-25,1,8,低频沉睡用户
176232,1,2017-12-03,1,0,新购买用户
176234,1,2017-11-29,1,4,低频沉睡用户
176235,8,2017-12-03,7,0,高频多品类用户
176242,2,2017-12-01,1,2,稳定复购用户
176245,2,2017-12-03,1,0,稳定复购用户
176250,6,2017-12-03,6,0,高频多品类用户
176273,6,2017-12-03,6,0,高频多品类用户
176275,3,2017-12-03,2,0,高频多品类用户
176279,3,2017-12-01,3,2,高频多品类用户
176280,2,2017-12-01,2,2,稳定复购用户
176294,5,2017-12-03,3,0,高频多品类用户
176296,2,2017-12-02,2,1,稳定复购用户
176300,1,2017-11-25,1,8,低频沉睡用户
176304,2,2017-12-03,2,0,稳定复购用户
176312,1,2017-11-25,1,8,低频沉睡用户
176316,1,2017-11-28,1,5,低频沉睡用户
176332,4,2017-11-30,3,3,高频多品类用户
176345,3,2017-11-26,3,7,高频多品类用户
176349,2,2017-11-30,2,3,稳定复购用户
176356,1,2017-11-29,1,4,低频沉睡用户
176358,2,2017-11-29,2,4,稳定复购用户
176360,2,2017-11-30,2,3,稳定复购用户
176371,12,2017-12-02,6,1,高频多品类用户
176383,3,2017-11-29,3,4,高频多品类用户
176442,5,2017-12-03,5,0,高频多品类用户
176445,1,2017-12-01,1,2,低频沉睡用户
176447,3,2017-11-30,2,3,高频多品类用户
176449,1,2017-11-27,1,6,低频沉睡用户
176459,6,2017-12-03,6,0,高频多品类用户
176461,5,2017-11-27,4,6,高频多品类用户
176481,4,2017-12-01,4,2,高频多品类用户
176506,2,2017-11-28,2,5,稳定复购用户
176507,3,2017-12-01,2,2,高频多品类用户
176536,3,2017-11-29,3,4,高频多品类用户
176538,1,2017-11-28,1,5,低频沉睡用户
176551,7,2017-12-02,6,1,高频多品类用户
176553,2,2017-12-01,2,2,稳定复购用户
176560,2,2017-12-03,1,0,稳定复购用户
176562,7,2017-12-03,4,0,高频多品类用户
176564,3,2017-12-01,2,2,高频多品类用户
176567,1,2017-12-03,1,0,新购买用户
176569,1,2017-11-25,1,8,低频沉睡用户
176581,4,2017-12-03,4,0,高频多品类用户
176591,3,2017-11-30,3,3,高频多品类用户
176649,2,2017-11-30,2,3,稳定复购用户
176654,1,2017-11-29,1,4,低频沉睡用户
176679,3,2017-12-02,2,1,高频多品类用户
176683,2,2017-11-27,2,6,稳定复购用户
176709,3,2017-12-03,3,0,高频多品类用户
176727,1,2017-12-03,1,0,新购买用户
176731,17,2017-12-03,15,0,高频多品类用户
176736,2,2017-12-03,2,0,稳定复购用户
176739,6,2017-12-01,6,2,高频多品类用户
176755,1,2017-11-29,1,4,低频沉睡用户
176772,1,2017-11-29,1,4,低频沉睡用户
176773,4,2017-12-02,2,1,高频多品类用户
176777,1,2017-12-03,1,0,新购买用户
176784,1,2017-11-28,1,5,低频沉睡用户
176790,1,2017-12-02,1,1,新购买用户
176796,2,2017-12-03,1,0,稳定复购用户
176797,1,2017-12-03,1,0,新购买用户
176799,1,2017-12-02,1,1,新购买用户
176800,2,2017-11-27,2,6,稳定复购用户
176804,12,2017-12-03,7,0,高频多品类用户
176807,2,2017-11-29,1,4,稳定复购用户
176809,2,2017-12-01,2,2,稳定复购用户
176814,3,2017-11-30,3,3,高频多品类用户
176817,2,2017-11-30,2,3,稳定复购用户
176823,1,2017-12-02,1,1,新购买用户
176825,1,2017-11-29,1,4,低频沉睡用户
176832,1,2017-11-26,1,7,低频沉睡用户
176833,1,2017-11-29,1,4,低频沉睡用户
176837,6,2017-12-01,6,2,高频多品类用户
176839,4,2017-12-01,3,2,高频多品类用户
176844,1,2017-12-02,1,1,新购买用户
176859,10,2017-12-03,8,0,高频多品类用户
176861,1,2017-11-29,1,4,低频沉睡用户
176868,1,2017-11-27,1,6,低频沉睡用户
176881,2,2017-12-02,2,1,稳定复购用户
176890,1,2017-11-25,1,8,低频沉睡用户
176905,1,2017-12-02,1,1,新购买用户
176921,1,2017-12-01,1,2,低频沉睡用户
176934,5,2017-12-03,5,0,高频多品类用户
176935,2,2017-12-01,2,2,稳定复购用户
176936,1,2017-11-26,1,7,低频沉睡用户
176940,5,2017-12-03,5,0,高频多品类用户
176945,3,2017-11-28,3,5,高频多品类用户
176946,1,2017-12-03,1,0,新购买用户
176951,3,2017-12-01,1,2,稳定复购用户
176962,2,2017-12-02,2,1,稳定复购用户
176968,2,2017-11-30,2,3,稳定复购用户
176976,3,2017-12-01,3,2,高频多品类用户
176977,3,2017-12-01,3,2,高频多品类用户
176995,1,2017-11-26,1,7,低频沉睡用户
177006,1,2017-11-25,1,8,低频沉睡用户
177022,3,2017-12-03,3,0,高频多品类用户
177029,2,2017-12-03,2,0,稳定复购用户
177032,2,2017-12-02,2,1,稳定复购用户
177040,3,2017-11-30,3,3,高频多品类用户
177042,3,2017-12-01,3,2,高频多品类用户
177056,1,2017-12-01,1,2,低频沉睡用户
177083,1,2017-11-27,1,6,低频沉睡用户
177101,1,2017-12-02,1,1,新购买用户
177109,5,2017-11-30,5,3,高频多品类用户
177111,2,2017-12-03,2,0,稳定复购用户
177112,2,2017-11-28,2,5,稳定复购用户
177115,4,2017-12-03,4,0,高频多品类用户
177124,1,2017-12-03,1,0,新购买用户
177129,2,2017-12-01,1,2,稳定复购用户
177138,1,2017-11-27,1,6,低频沉睡用户
177159,5,2017-12-03,4,0,高频多品类用户
177160,1,2017-11-29,1,4,低频沉睡用户
177161,2,2017-12-03,2,0,稳定复购用户
177164,2,2017-12-01,2,2,稳定复购用户
177182,2,2017-12-02,2,1,稳定复购用户
177198,1,2017-11-28,1,5,低频沉睡用户
177200,1,2017-12-03,1,0,新购买用户
177237,4,2017-12-02,3,1,高频多品类用户
177241,2,2017-11-29,2,4,稳定复购用户
177249,3,2017-11-28,3,5,高频多品类用户
177263,3,2017-12-01,3,2,高频多品类用户
177265,1,2017-12-02,1,1,新购买用户
177271,1,2017-11-30,1,3,低频沉睡用户
177274,1,2017-12-03,1,0,新购买用户
177283,3,2017-11-29,3,4,高频多品类用户
177286,2,2017-12-02,2,1,稳定复购用户
177307,2,2017-11-28,2,5,稳定复购用户
177312,2,2017-12-02,1,1,稳定复购用户
177314,2,2017-12-03,2,0,稳定复购用户
177322,3,2017-11-30,2,3,高频多品类用户
177330,3,2017-11-30,3,3,高频多品类用户
177338,3,2017-11-26,3,7,高频多品类用户
177361,8,2017-12-03,6,0,高频多品类用户
177366,6,2017-12-02,5,1,高频多品类用户
177369,4,2017-12-03,2,0,高频多品类用户
177370,4,2017-11-30,2,3,高频多品类用户
177381,7,2017-12-03,6,0,高频多品类用户
177384,2,2017-12-03,2,0,稳定复购用户
177397,16,2017-12-02,15,1,高频多品类用户
177409,3,2017-12-02,2,1,高频多品类用户
177417,1,2017-11-28,1,5,低频沉睡用户
177419,2,2017-11-26,1,7,稳定复购用户
177427,2,2017-12-03,1,0,稳定复购用户
177433,1,2017-12-02,1,1,新购买用户
177435,5,2017-12-03,4,0,高频多品类用户
177444,4,2017-12-02,4,1,高频多品类用户
177459,2,2017-11-30,2,3,稳定复购用户
177470,3,2017-11-27,3,6,高频多品类用户
177490,1,2017-11-27,1,6,低频沉睡用户
177512,6,2017-12-02,5,1,高频多品类用户
177517,2,2017-12-02,2,1,稳定复购用户
177520,1,2017-11-27,1,6,低频沉睡用户
177523,1,2017-12-02,1,1,新购买用户
177525,2,2017-12-03,2,0,稳定复购用户
177526,9,2017-12-03,6,0,高频多品类用户
177543,3,2017-12-02,2,1,高频多品类用户
177559,1,2017-11-25,1,8,低频沉睡用户
177562,2,2017-11-28,2,5,稳定复购用户
177570,1,2017-11-28,1,5,低频沉睡用户
177599,2,2017-12-02,2,1,稳定复购用户
177600,1,2017-11-28,1,5,低频沉睡用户
177601,2,2017-11-26,2,7,稳定复购用户
177610,14,2017-12-03,13,0,高频多品类用户
177612,5,2017-12-01,5,2,高频多品类用户
177613,7,2017-12-03,7,0,高频多品类用户
177617,7,2017-12-03,7,0,高频多品类用户
177628,3,2017-11-28,3,5,高频多品类用户
177629,2,2017-12-03,2,0,稳定复购用户
177631,11,2017-12-02,8,1,高频多品类用户
177643,2,2017-12-01,1,2,稳定复购用户
177659,4,2017-12-02,2,1,高频多品类用户
177685,1,2017-11-26,1,7,低频沉睡用户
177693,2,2017-12-02,2,1,稳定复购用户
177694,1,2017-12-02,1,1,新购买用户
177720,1,2017-11-30,1,3,低频沉睡用户
177722,1,2017-11-26,1,7,低频沉睡用户
177729,4,2017-12-01,3,2,高频多品类用户
177732,1,2017-11-30,1,3,低频沉睡用户
177742,2,2017-12-02,2,1,稳定复购用户
177750,6,2017-12-01,6,2,高频多品类用户
177771,1,2017-11-30,1,3,低频沉睡用户
177772,1,2017-11-28,1,5,低频沉睡用户
177783,5,2017-12-03,5,0,高频多品类用户
177784,1,2017-12-02,1,1,新购买用户
177802,3,2017-12-03,3,0,高频多品类用户
177808,4,2017-12-03,4,0,高频多品类用户
177829,2,2017-11-28,2,5,稳定复购用户
177834,1,2017-12-02,1,1,新购买用户
177846,1,2017-12-03,1,0,新购买用户
177848,2,2017-11-28,2,5,稳定复购用户
177850,3,2017-11-30,3,3,高频多品类用户
177860,3,2017-12-01,2,2,高频多品类用户
177861,4,2017-12-02,4,1,高频多品类用户
177862,7,2017-11-29,7,4,高频多品类用户
177881,2,2017-11-29,2,4,稳定复购用户
177888,3,2017-12-03,3,0,高频多品类用户
177898,4,2017-11-26,4,7,高频多品类用户
177900,1,2017-12-02,1,1,新购买用户
177913,2,2017-12-03,2,0,稳定复购用户
177921,6,2017-12-02,5,1,高频多品类用户
177932,1,2017-11-27,1,6,低频沉睡用户
177947,3,2017-12-03,3,0,高频多品类用户
177949,2,2017-11-30,2,3,稳定复购用户
177950,2,2017-11-29,2,4,稳定复购用户
177952,1,2017-12-03,1,0,新购买用户
177958,4,2017-12-02,4,1,高频多品类用户
177970,1,2017-11-26,1,7,低频沉睡用户
177972,1,2017-11-25,1,8,低频沉睡用户
177979,4,2017-12-03,4,0,高频多品类用户
177981,1,2017-11-26,1,7,低频沉睡用户
177982,1,2017-11-29,1,4,低频沉睡用户
177995,2,2017-12-01,2,2,稳定复购用户
177996,1,2017-11-27,1,6,低频沉睡用户
177997,4,2017-12-02,4,1,高频多品类用户
178000,2,2017-12-02,2,1,稳定复购用户
178008,3,2017-12-02,3,1,高频多品类用户
178019,1,2017-12-03,1,0,新购买用户
178023,5,2017-11-30,3,3,高频多品类用户
178024,1,2017-11-29,1,4,低频沉睡用户
178026,4,2017-11-29,4,4,高频多品类用户
178031,1,2017-11-29,1,4,低频沉睡用户
178044,1,2017-11-28,1,5,低频沉睡用户
178047,18,2017-11-27,17,6,高频多品类用户
178051,4,2017-12-02,4,1,高频多品类用户
178057,2,2017-12-03,2,0,稳定复购用户
178059,3,2017-11-28,3,5,高频多品类用户
178063,8,2017-12-02,5,1,高频多品类用户
178078,2,2017-12-02,2,1,稳定复购用户
178085,1,2017-12-03,1,0,新购买用户
178089,2,2017-12-02,2,1,稳定复购用户
178099,1,2017-12-01,1,2,低频沉睡用户
178100,2,2017-11-29,2,4,稳定复购用户
178124,2,2017-12-01,2,2,稳定复购用户
178129,1,2017-11-27,1,6,低频沉睡用户
178131,2,2017-11-28,2,5,稳定复购用户
178140,3,2017-12-03,3,0,高频多品类用户
178153,5,2017-11-30,3,3,高频多品类用户
178154,2,2017-12-02,2,1,稳定复购用户
178179,2,2017-11-29,2,4,稳定复购用户
178181,5,2017-11-28,4,5,高频多品类用户
178189,4,2017-12-01,4,2,高频多品类用户
178190,5,2017-12-02,5,1,高频多品类用户
178192,1,2017-11-27,1,6,低频沉睡用户
178193,2,2017-11-27,1,6,稳定复购用户
178195,2,2017-11-27,2,6,稳定复购用户
178200,2,2017-12-03,2,0,稳定复购用户
178217,1,2017-11-26,1,7,低频沉睡用户
178221,1,2017-11-30,1,3,低频沉睡用户
178239,2,2017-11-30,2,3,稳定复购用户
178252,2,2017-12-01,2,2,稳定复购用户
178269,2,2017-11-25,1,8,稳定复购用户
178272,1,2017-11-30,1,3,低频沉睡用户
178284,6,2017-11-28,5,5,高频多品类用户
178299,5,2017-11-30,5,3,高频多品类用户
178300,7,2017-12-01,7,2,高频多品类用户
178301,9,2017-12-03,9,0,高频多品类用户
178302,1,2017-11-25,1,8,低频沉睡用户
178306,4,2017-12-01,4,2,高频多品类用户
178315,1,2017-11-30,1,3,低频沉睡用户
178319,3,2017-12-03,3,0,高频多品类用户
178329,1,2017-12-01,1,2,低频沉睡用户
178335,3,2017-12-01,2,2,高频多品类用户
178344,3,2017-12-02,3,1,高频多品类用户
178353,2,2017-12-03,2,0,稳定复购用户
178367,1,2017-12-01,1,2,低频沉睡用户
178383,3,2017-11-28,2,5,高频多品类用户
178390,1,2017-11-29,1,4,低频沉睡用户
178393,3,2017-12-03,3,0,高频多品类用户
178406,3,2017-12-02,3,1,高频多品类用户
178410,3,2017-11-28,3,5,高频多品类用户
178418,2,2017-11-26,2,7,稳定复购用户
178421,5,2017-12-02,4,1,高频多品类用户
178424,9,2017-12-01,7,2,高频多品类用户
178430,4,2017-11-30,3,3,高频多品类用户
178435,1,2017-12-01,1,2,低频沉睡用户
178445,3,2017-11-29,3,4,高频多品类用户
178452,1,2017-12-02,1,1,新购买用户
178460,2,2017-11-26,2,7,稳定复购用户
178471,1,2017-11-29,1,4,低频沉睡用户
178475,3,2017-12-02,1,1,稳定复购用户
178485,11,2017-12-03,10,0,高频多品类用户
178493,1,2017-11-30,1,3,低频沉睡用户
178503,2,2017-12-02,2,1,稳定复购用户
178509,1,2017-12-03,1,0,新购买用户
178535,2,2017-12-01,2,2,稳定复购用户
178537,11,2017-12-03,8,0,高频多品类用户
178538,2,2017-12-02,2,1,稳定复购用户
178549,6,2017-11-30,4,3,高频多品类用户
178555,4,2017-11-28,3,5,高频多品类用户
178556,6,2017-11-27,6,6,高频多品类用户
178561,3,2017-11-27,3,6,高频多品类用户
178584,3,2017-12-02,3,1,高频多品类用户
178609,4,2017-12-03,4,0,高频多品类用户
178614,8,2017-12-02,8,1,高频多品类用户
178625,3,2017-11-28,3,5,高频多品类用户
178630,5,2017-11-30,4,3,高频多品类用户
178631,3,2017-12-01,3,2,高频多品类用户
178638,1,2017-12-02,1,1,新购买用户
178645,8,2017-12-03,7,0,高频多品类用户
178649,2,2017-12-02,2,1,稳定复购用户
178653,1,2017-12-01,1,2,低频沉睡用户
178656,3,2017-12-02,3,1,高频多品类用户
178660,1,2017-12-02,1,1,新购买用户
178664,1,2017-12-03,1,0,新购买用户
178674,1,2017-11-29,1,4,低频沉睡用户
178688,1,2017-12-02,1,1,新购买用户
178690,1,2017-11-29,1,4,低频沉睡用户
178693,2,2017-12-03,2,0,稳定复购用户
178699,1,2017-12-01,1,2,低频沉睡用户
178710,1,2017-11-27,1,6,低频沉睡用户
178718,2,2017-11-28,2,5,稳定复购用户
178725,4,2017-11-27,3,6,高频多品类用户
178731,1,2017-12-02,1,1,新购买用户
178750,1,2017-11-26,1,7,低频沉睡用户
178754,5,2017-11-28,4,5,高频多品类用户
178755,2,2017-12-02,2,1,稳定复购用户
178756,3,2017-11-29,3,4,高频多品类用户
178770,2,2017-11-30,2,3,稳定复购用户
178781,4,2017-12-01,4,2,高频多品类用户
178794,11,2017-12-03,6,0,高频多品类用户
178808,1,2017-11-29,1,4,低频沉睡用户
178809,3,2017-11-30,3,3,高频多品类用户
178810,4,2017-12-02,4,1,高频多品类用户
178816,3,2017-11-25,3,8,高频多品类用户
178818,2,2017-11-28,2,5,稳定复购用户
178823,3,2017-12-01,2,2,高频多品类用户
178841,3,2017-12-02,3,1,高频多品类用户
178842,2,2017-12-03,2,0,稳定复购用户
178844,3,2017-11-28,3,5,高频多品类用户
178858,8,2017-12-01,7,2,高频多品类用户
178861,3,2017-12-03,3,0,高频多品类用户
178871,2,2017-12-02,2,1,稳定复购用户
178879,1,2017-11-25,1,8,低频沉睡用户
178880,7,2017-12-03,5,0,高频多品类用户
178881,2,2017-11-26,2,7,稳定复购用户
178882,1,2017-11-26,1,7,低频沉睡用户
178884,2,2017-12-03,2,0,稳定复购用户
178887,1,2017-12-02,1,1,新购买用户
178888,1,2017-11-25,1,8,低频沉睡用户
178907,4,2017-12-02,4,1,高频多品类用户
178910,2,2017-11-28,1,5,稳定复购用户
178917,2,2017-12-03,2,0,稳定复购用户
178920,1,2017-11-27,1,6,低频沉睡用户
178940,4,2017-12-02,4,1,高频多品类用户
178941,1,2017-11-29,1,4,低频沉睡用户
178957,4,2017-12-03,4,0,高频多品类用户
178967,5,2017-12-03,5,0,高频多品类用户
178974,3,2017-12-02,3,1,高频多品类用户
178977,7,2017-11-30,6,3,高频多品类用户
178982,3,2017-12-03,3,0,高频多品类用户
178983,5,2017-11-30,4,3,高频多品类用户
178989,5,2017-11-28,4,5,高频多品类用户
179003,3,2017-11-28,2,5,高频多品类用户
179008,9,2017-12-03,6,0,高频多品类用户
179017,1,2017-11-25,1,8,低频沉睡用户
179022,3,2017-12-03,3,0,高频多品类用户
179023,2,2017-12-02,2,1,稳定复购用户
179030,3,2017-12-02,1,1,稳定复购用户
179037,4,2017-12-01,4,2,高频多品类用户
179043,4,2017-11-29,4,4,高频多品类用户
179046,3,2017-12-03,3,0,高频多品类用户
179051,1,2017-11-26,1,7,低频沉睡用户
179064,4,2017-12-01,2,2,高频多品类用户
179071,1,2017-11-30,1,3,低频沉睡用户
179072,1,2017-11-25,1,8,低频沉睡用户
179087,3,2017-11-26,3,7,高频多品类用户
179093,1,2017-12-01,1,2,低频沉睡用户
179097,4,2017-12-03,4,0,高频多品类用户
179101,1,2017-11-26,1,7,低频沉睡用户
179105,23,2017-12-03,22,0,高频多品类用户
179108,2,2017-11-29,2,4,稳定复购用户
179110,2,2017-12-02,2,1,稳定复购用户
179112,4,2017-11-28,3,5,高频多品类用户
179136,11,2017-12-03,10,0,高频多品类用户
179137,15,2017-12-03,12,0,高频多品类用户
179139,4,2017-12-02,3,1,高频多品类用户
179140,3,2017-11-29,3,4,高频多品类用户
179150,3,2017-12-02,3,1,高频多品类用户
179154,1,2017-11-26,1,7,低频沉睡用户
179158,1,2017-11-25,1,8,低频沉睡用户
179169,2,2017-12-02,2,1,稳定复购用户
179176,1,2017-11-25,1,8,低频沉睡用户
179219,2,2017-12-03,2,0,稳定复购用户
179230,4,2017-12-01,4,2,高频多品类用户
179231,4,2017-12-02,4,1,高频多品类用户
179242,4,2017-12-02,4,1,高频多品类用户
179246,1,2017-12-03,1,0,新购买用户
179247,2,2017-12-01,2,2,稳定复购用户
179265,3,2017-12-01,3,2,高频多品类用户
179270,2,2017-12-02,2,1,稳定复购用户
179277,2,2017-11-28,2,5,稳定复购用户
179278,6,2017-11-30,5,3,高频多品类用户
179280,1,2017-12-01,1,2,低频沉睡用户
179287,10,2017-12-03,7,0,高频多品类用户
179291,3,2017-11-30,3,3,高频多品类用户
179297,1,2017-11-26,1,7,低频沉睡用户
179304,2,2017-11-28,2,5,稳定复购用户
179307,4,2017-12-03,2,0,高频多品类用户
179321,7,2017-12-03,5,0,高频多品类用户
179323,1,2017-11-26,1,7,低频沉睡用户
179332,1,2017-11-26,1,7,低频沉睡用户
179333,1,2017-12-03,1,0,新购买用户
179334,5,2017-12-03,4,0,高频多品类用户
179347,2,2017-12-03,2,0,稳定复购用户
179352,2,2017-12-03,2,0,稳定复购用户
179366,7,2017-12-01,6,2,高频多品类用户
179376,7,2017-12-03,7,0,高频多品类用户
179381,4,2017-12-03,3,0,高频多品类用户
179392,1,2017-12-03,1,0,新购买用户
179395,2,2017-12-02,1,1,稳定复购用户
179407,2,2017-12-01,2,2,稳定复购用户
179408,3,2017-12-01,2,2,高频多品类用户
179414,5,2017-12-03,4,0,高频多品类用户
179421,4,2017-12-01,4,2,高频多品类用户
179425,1,2017-11-30,1,3,低频沉睡用户
179434,1,2017-11-28,1,5,低频沉睡用户
179441,1,2017-12-02,1,1,新购买用户
179451,1,2017-11-28,1,5,低频沉睡用户
179479,2,2017-12-03,2,0,稳定复购用户
179504,1,2017-11-29,1,4,低频沉睡用户
179505,2,2017-11-30,2,3,稳定复购用户
179546,2,2017-11-30,2,3,稳定复购用户
179547,3,2017-12-02,3,1,高频多品类用户
179550,2,2017-11-30,2,3,稳定复购用户
179559,3,2017-12-03,2,0,高频多品类用户
179575,1,2017-11-26,1,7,低频沉睡用户
179590,1,2017-11-27,1,6,低频沉睡用户
179597,5,2017-12-02,5,1,高频多品类用户
179598,1,2017-12-02,1,1,新购买用户
179604,4,2017-11-27,1,6,稳定复购用户
179605,1,2017-12-03,1,0,新购买用户
179611,6,2017-12-02,5,1,高频多品类用户
179613,2,2017-11-26,1,7,稳定复购用户
179614,3,2017-12-01,2,2,高频多品类用户
179625,5,2017-12-02,5,1,高频多品类用户
179626,7,2017-12-01,5,2,高频多品类用户
179631,2,2017-12-02,2,1,稳定复购用户
179634,2,2017-11-26,2,7,稳定复购用户
179636,4,2017-12-03,4,0,高频多品类用户
179644,2,2017-11-30,2,3,稳定复购用户
179662,1,2017-11-29,1,4,低频沉睡用户
179669,14,2017-12-03,14,0,高频多品类用户
179674,8,2017-12-03,7,0,高频多品类用户
179675,1,2017-11-25,1,8,低频沉睡用户
179688,2,2017-12-01,2,2,稳定复购用户
179689,2,2017-12-01,2,2,稳定复购用户
179696,1,2017-11-30,1,3,低频沉睡用户
179716,13,2017-12-03,12,0,高频多品类用户
179729,6,2017-12-03,6,0,高频多品类用户
179752,1,2017-12-03,1,0,新购买用户
179756,2,2017-12-03,2,0,稳定复购用户
179757,5,2017-12-03,4,0,高频多品类用户
179766,1,2017-11-26,1,7,低频沉睡用户
179773,3,2017-11-29,3,4,高频多品类用户
179791,10,2017-12-03,8,0,高频多品类用户
179792,4,2017-11-30,3,3,高频多品类用户
179796,2,2017-11-26,2,7,稳定复购用户
179802,2,2017-11-27,2,6,稳定复购用户
179805,1,2017-11-27,1,6,低频沉睡用户
179808,4,2017-12-01,4,2,高频多品类用户
179811,4,2017-12-03,3,0,高频多品类用户
179819,2,2017-12-02,2,1,稳定复购用户
179821,1,2017-11-27,1,6,低频沉睡用户
179823,5,2017-11-29,5,4,高频多品类用户
179825,1,2017-11-26,1,7,低频沉睡用户
179835,5,2017-11-30,5,3,高频多品类用户
179840,3,2017-12-03,2,0,高频多品类用户
179862,2,2017-12-03,2,0,稳定复购用户
179887,5,2017-12-03,4,0,高频多品类用户
179889,9,2017-12-03,8,0,高频多品类用户
179900,2,2017-11-26,2,7,稳定复购用户
179902,3,2017-12-03,3,0,高频多品类用户
179904,2,2017-12-02,2,1,稳定复购用户
179913,3,2017-12-02,3,1,高频多品类用户
179914,2,2017-11-25,1,8,稳定复购用户
179920,1,2017-11-29,1,4,低频沉睡用户
179924,3,2017-12-01,3,2,高频多品类用户
179925,18,2017-12-03,14,0,高频多品类用户
179930,14,2017-12-03,11,0,高频多品类用户
179941,1,2017-11-27,1,6,低频沉睡用户
179944,3,2017-11-28,2,5,高频多品类用户
179945,3,2017-12-02,2,1,高频多品类用户
179963,2,2017-12-03,2,0,稳定复购用户
179970,3,2017-12-01,3,2,高频多品类用户
179974,4,2017-12-03,4,0,高频多品类用户
179975,2,2017-11-26,2,7,稳定复购用户
179981,11,2017-12-03,10,0,高频多品类用户
179991,3,2017-12-02,3,1,高频多品类用户
179992,1,2017-11-29,1,4,低频沉睡用户
179998,5,2017-12-02,5,1,高频多品类用户
180007,2,2017-12-01,2,2,稳定复购用户
180013,2,2017-12-01,2,2,稳定复购用户
180020,4,2017-12-01,4,2,高频多品类用户
180033,1,2017-12-02,1,1,新购买用户
180036,7,2017-12-02,5,1,高频多品类用户
180039,4,2017-11-30,2,3,高频多品类用户
180043,2,2017-11-29,2,4,稳定复购用户
180045,3,2017-12-02,3,1,高频多品类用户
180046,3,2017-11-30,3,3,高频多品类用户
180050,3,2017-12-03,2,0,高频多品类用户
180060,1,2017-11-28,1,5,低频沉睡用户
180062,1,2017-11-30,1,3,低频沉睡用户
180069,3,2017-11-29,3,4,高频多品类用户
180072,2,2017-11-29,2,4,稳定复购用户
180080,2,2017-11-28,2,5,稳定复购用户
180088,1,2017-12-01,1,2,低频沉睡用户
180094,6,2017-12-02,3,1,高频多品类用户
180095,5,2017-12-02,5,1,高频多品类用户
180106,2,2017-12-03,2,0,稳定复购用户
180107,2,2017-12-03,2,0,稳定复购用户
180109,2,2017-12-03,2,0,稳定复购用户
180112,1,2017-12-01,1,2,低频沉睡用户
180114,1,2017-12-03,1,0,新购买用户
180115,1,2017-11-30,1,3,低频沉睡用户
180118,2,2017-12-03,2,0,稳定复购用户
180119,2,2017-12-01,2,2,稳定复购用户
180123,2,2017-12-02,2,1,稳定复购用户
180133,3,2017-11-30,3,3,高频多品类用户
180147,1,2017-11-28,1,5,低频沉睡用户
180149,3,2017-11-30,2,3,高频多品类用户
180155,5,2017-12-02,4,1,高频多品类用户
180186,10,2017-12-03,9,0,高频多品类用户
180188,2,2017-12-03,2,0,稳定复购用户
180193,3,2017-11-25,3,8,高频多品类用户
180194,1,2017-12-02,1,1,新购买用户
180201,2,2017-11-27,2,6,稳定复购用户
180211,1,2017-12-01,1,2,低频沉睡用户
180214,3,2017-12-03,2,0,高频多品类用户
180226,1,2017-11-30,1,3,低频沉睡用户
180242,2,2017-12-03,2,0,稳定复购用户
180262,2,2017-12-02,2,1,稳定复购用户
180273,1,2017-12-02,1,1,新购买用户
180275,1,2017-11-27,1,6,低频沉睡用户
180288,1,2017-11-27,1,6,低频沉睡用户
180291,3,2017-11-29,3,4,高频多品类用户
180292,5,2017-11-30,4,3,高频多品类用户
180310,1,2017-11-28,1,5,低频沉睡用户
180314,1,2017-12-01,1,2,低频沉睡用户
180319,7,2017-12-03,6,0,高频多品类用户
180321,3,2017-11-30,2,3,高频多品类用户
180331,2,2017-12-03,2,0,稳定复购用户
180332,6,2017-12-02,6,1,高频多品类用户
180333,2,2017-12-03,2,0,稳定复购用户
180335,2,2017-11-29,2,4,稳定复购用户
180345,2,2017-11-26,2,7,稳定复购用户
180349,4,2017-11-30,3,3,高频多品类用户
180359,4,2017-11-30,4,3,高频多品类用户
180367,5,2017-12-03,4,0,高频多品类用户
180374,1,2017-11-28,1,5,低频沉睡用户
180377,2,2017-12-01,2,2,稳定复购用户
180392,1,2017-11-25,1,8,低频沉睡用户
180408,2,2017-11-29,2,4,稳定复购用户
180413,2,2017-11-25,2,8,稳定复购用户
180414,4,2017-12-03,4,0,高频多品类用户
180416,3,2017-12-03,3,0,高频多品类用户
180429,2,2017-12-01,1,2,稳定复购用户
180433,5,2017-12-02,5,1,高频多品类用户
180439,9,2017-12-03,8,0,高频多品类用户
180440,4,2017-12-03,4,0,高频多品类用户
180448,3,2017-11-30,3,3,高频多品类用户
180453,2,2017-12-03,2,0,稳定复购用户
180455,3,2017-11-29,2,4,高频多品类用户
180456,2,2017-11-29,1,4,稳定复购用户
180461,4,2017-12-03,4,0,高频多品类用户
180464,6,2017-12-03,6,0,高频多品类用户
180473,2,2017-11-27,2,6,稳定复购用户
180498,4,2017-12-03,4,0,高频多品类用户
180499,2,2017-11-26,2,7,稳定复购用户
180515,2,2017-12-02,2,1,稳定复购用户
180519,1,2017-11-29,1,4,低频沉睡用户
180524,2,2017-11-27,2,6,稳定复购用户
180525,3,2017-11-26,2,7,高频多品类用户
180531,1,2017-11-28,1,5,低频沉睡用户
180539,2,2017-12-02,2,1,稳定复购用户
180548,8,2017-12-03,6,0,高频多品类用户
180553,3,2017-11-28,3,5,高频多品类用户
180559,1,2017-12-01,1,2,低频沉睡用户
180570,1,2017-11-25,1,8,低频沉睡用户
180573,2,2017-11-30,2,3,稳定复购用户
180577,9,2017-12-02,7,1,高频多品类用户
180582,2,2017-11-27,2,6,稳定复购用户
180588,2,2017-11-27,2,6,稳定复购用户
180596,4,2017-12-01,4,2,高频多品类用户
180602,3,2017-12-01,1,2,稳定复购用户
180612,4,2017-11-30,4,3,高频多品类用户
180629,6,2017-12-03,5,0,高频多品类用户
180630,2,2017-12-02,2,1,稳定复购用户
180657,4,2017-12-03,4,0,高频多品类用户
180669,2,2017-12-03,2,0,稳定复购用户
180670,3,2017-11-28,3,5,高频多品类用户
180676,6,2017-12-03,6,0,高频多品类用户
180682,1,2017-11-29,1,4,低频沉睡用户
180691,3,2017-11-29,3,4,高频多品类用户
180697,1,2017-11-28,1,5,低频沉睡用户
180701,6,2017-12-02,5,1,高频多品类用户
180706,1,2017-11-25,1,8,低频沉睡用户
180711,1,2017-12-02,1,1,新购买用户
180718,3,2017-12-02,3,1,高频多品类用户
180720,1,2017-11-29,1,4,低频沉睡用户
180721,1,2017-11-25,1,8,低频沉睡用户
180728,6,2017-12-02,5,1,高频多品类用户
180745,5,2017-12-01,5,2,高频多品类用户
180746,6,2017-12-03,6,0,高频多品类用户
180750,6,2017-12-03,6,0,高频多品类用户
180768,1,2017-11-30,1,3,低频沉睡用户
180803,1,2017-12-03,1,0,新购买用户
180820,1,2017-12-03,1,0,新购买用户
180835,1,2017-11-30,1,3,低频沉睡用户
180845,2,2017-12-03,2,0,稳定复购用户
180846,3,2017-12-03,3,0,高频多品类用户
180852,1,2017-12-01,1,2,低频沉睡用户
180854,2,2017-11-29,2,4,稳定复购用户
180856,1,2017-11-30,1,3,低频沉睡用户
180862,1,2017-11-29,1,4,低频沉睡用户
180864,2,2017-12-01,2,2,稳定复购用户
180867,1,2017-12-01,1,2,低频沉睡用户
180874,5,2017-12-01,5,2,高频多品类用户
180876,3,2017-11-27,3,6,高频多品类用户
180882,10,2017-12-02,8,1,高频多品类用户
180890,4,2017-12-01,4,2,高频多品类用户
180892,4,2017-12-03,4,0,高频多品类用户
180893,7,2017-11-29,3,4,高频多品类用户
180902,3,2017-12-01,3,2,高频多品类用户
180904,1,2017-12-01,1,2,低频沉睡用户
180905,1,2017-12-03,1,0,新购买用户
180910,3,2017-12-03,2,0,高频多品类用户
180937,1,2017-12-01,1,2,低频沉睡用户
180938,1,2017-12-01,1,2,低频沉睡用户
180939,5,2017-12-02,5,1,高频多品类用户
180942,1,2017-11-30,1,3,低频沉睡用户
180960,6,2017-12-02,6,1,高频多品类用户
180967,7,2017-12-02,6,1,高频多品类用户
180975,1,2017-11-26,1,7,低频沉睡用户
180987,4,2017-12-01,4,2,高频多品类用户
180996,1,2017-12-01,1,2,低频沉睡用户
181007,3,2017-11-30,2,3,高频多品类用户
181011,2,2017-12-03,2,0,稳定复购用户
181013,8,2017-12-02,8,1,高频多品类用户
181023,3,2017-12-02,3,1,高频多品类用户
181030,1,2017-11-26,1,7,低频沉睡用户
181031,1,2017-11-29,1,4,低频沉睡用户
181032,1,2017-11-29,1,4,低频沉睡用户
181035,7,2017-12-03,7,0,高频多品类用户
181044,2,2017-12-02,2,1,稳定复购用户
181046,1,2017-11-27,1,6,低频沉睡用户
181047,1,2017-11-29,1,4,低频沉睡用户
181059,2,2017-11-29,2,4,稳定复购用户
181071,6,2017-12-03,6,0,高频多品类用户
181098,3,2017-11-29,3,4,高频多品类用户
181105,2,2017-11-30,2,3,稳定复购用户
181106,1,2017-12-02,1,1,新购买用户
181121,1,2017-11-29,1,4,低频沉睡用户
181122,10,2017-12-03,4,0,高频多品类用户
181126,1,2017-11-27,1,6,低频沉睡用户
181129,2,2017-12-03,2,0,稳定复购用户
181140,2,2017-11-27,2,6,稳定复购用户
181143,7,2017-12-02,6,1,高频多品类用户
181145,6,2017-12-03,4,0,高频多品类用户
181157,5,2017-12-03,4,0,高频多品类用户
181158,2,2017-12-02,2,1,稳定复购用户
181173,1,2017-12-02,1,1,新购买用户
181175,3,2017-11-26,3,7,高频多品类用户
181181,1,2017-12-02,1,1,新购买用户
181185,3,2017-12-01,3,2,高频多品类用户
181191,2,2017-12-01,2,2,稳定复购用户
181198,1,2017-11-30,1,3,低频沉睡用户
181203,7,2017-12-02,6,1,高频多品类用户
181213,1,2017-11-27,1,6,低频沉睡用户
181219,3,2017-12-03,3,0,高频多品类用户
181224,3,2017-12-01,2,2,高频多品类用户
181227,3,2017-12-03,3,0,高频多品类用户
181238,2,2017-11-27,2,6,稳定复购用户
181246,2,2017-11-26,2,7,稳定复购用户
181258,3,2017-11-30,2,3,高频多品类用户
181261,3,2017-12-01,2,2,高频多品类用户
181269,1,2017-12-01,1,2,低频沉睡用户
181272,1,2017-11-25,1,8,低频沉睡用户
181290,12,2017-12-03,3,0,高频多品类用户
181318,3,2017-12-02,3,1,高频多品类用户
181327,1,2017-11-30,1,3,低频沉睡用户
181329,2,2017-12-02,2,1,稳定复购用户
181363,1,2017-12-02,1,1,新购买用户
181371,1,2017-11-27,1,6,低频沉睡用户
181388,5,2017-12-01,5,2,高频多品类用户
181399,2,2017-12-03,2,0,稳定复购用户
181401,10,2017-12-01,9,2,高频多品类用户
181404,2,2017-11-26,2,7,稳定复购用户
181429,2,2017-11-29,2,4,稳定复购用户
181452,1,2017-11-28,1,5,低频沉睡用户
181456,1,2017-12-01,1,2,低频沉睡用户
181461,7,2017-12-02,7,1,高频多品类用户
181463,12,2017-12-03,10,0,高频多品类用户
181481,4,2017-12-03,2,0,高频多品类用户
181500,1,2017-12-03,1,0,新购买用户
181501,3,2017-11-29,3,4,高频多品类用户
181510,3,2017-11-26,3,7,高频多品类用户
181512,3,2017-12-02,3,1,高频多品类用户
181514,1,2017-12-01,1,2,低频沉睡用户
181515,3,2017-12-02,2,1,高频多品类用户
181517,2,2017-11-27,2,6,稳定复购用户
181530,1,2017-11-30,1,3,低频沉睡用户
181533,4,2017-12-02,4,1,高频多品类用户
181535,1,2017-11-30,1,3,低频沉睡用户
181539,1,2017-12-02,1,1,新购买用户
181547,1,2017-11-25,1,8,低频沉睡用户
181549,3,2017-12-03,3,0,高频多品类用户
181574,3,2017-12-02,3,1,高频多品类用户
181579,5,2017-12-02,5,1,高频多品类用户
181582,3,2017-12-02,2,1,高频多品类用户
181598,5,2017-12-03,4,0,高频多品类用户
181602,7,2017-12-03,4,0,高频多品类用户
181608,1,2017-11-28,1,5,低频沉睡用户
181611,1,2017-11-29,1,4,低频沉睡用户
181619,1,2017-11-28,1,5,低频沉睡用户
181629,2,2017-11-30,2,3,稳定复购用户
181631,3,2017-12-02,3,1,高频多品类用户
181652,22,2017-12-03,18,0,高频多品类用户
181660,10,2017-12-03,10,0,高频多品类用户
181675,2,2017-11-28,1,5,稳定复购用户
181677,2,2017-12-02,1,1,稳定复购用户
181678,2,2017-11-28,2,5,稳定复购用户
181683,2,2017-11-26,2,7,稳定复购用户
181704,4,2017-12-03,4,0,高频多品类用户
181727,1,2017-11-30,1,3,低频沉睡用户
181735,4,2017-12-03,2,0,高频多品类用户
181738,3,2017-11-28,3,5,高频多品类用户
181747,2,2017-11-27,2,6,稳定复购用户
181758,1,2017-12-03,1,0,新购买用户
181761,2,2017-12-01,2,2,稳定复购用户
181763,2,2017-12-03,2,0,稳定复购用户
181771,10,2017-12-03,5,0,高频多品类用户
181772,2,2017-12-03,2,0,稳定复购用户
181773,1,2017-12-01,1,2,低频沉睡用户
181795,9,2017-12-03,8,0,高频多品类用户
181797,4,2017-12-03,4,0,高频多品类用户
181798,3,2017-11-29,1,4,稳定复购用户
181810,7,2017-12-03,7,0,高频多品类用户
181813,1,2017-11-28,1,5,低频沉睡用户
181818,1,2017-12-01,1,2,低频沉睡用户
181834,9,2017-12-02,8,1,高频多品类用户
181837,1,2017-11-28,1,5,低频沉睡用户
181855,2,2017-12-01,2,2,稳定复购用户
181863,1,2017-11-29,1,4,低频沉睡用户
181868,4,2017-12-03,4,0,高频多品类用户
181880,2,2017-12-01,2,2,稳定复购用户
181891,2,2017-11-29,2,4,稳定复购用户
181916,1,2017-11-26,1,7,低频沉睡用户
181919,2,2017-12-02,2,1,稳定复购用户
181924,2,2017-11-28,2,5,稳定复购用户
181935,1,2017-11-25,1,8,低频沉睡用户
181939,1,2017-11-30,1,3,低频沉睡用户
181942,5,2017-12-01,4,2,高频多品类用户
181967,2,2017-12-02,2,1,稳定复购用户
181978,5,2017-12-02,4,1,高频多品类用户
181986,1,2017-11-27,1,6,低频沉睡用户
181992,1,2017-11-28,1,5,低频沉睡用户
181993,1,2017-11-26,1,7,低频沉睡用户
181995,1,2017-11-29,1,4,低频沉睡用户
181996,2,2017-11-28,2,5,稳定复购用户
181997,3,2017-12-03,3,0,高频多品类用户
181999,3,2017-12-03,3,0,高频多品类用户
182001,1,2017-12-02,1,1,新购买用户
182009,1,2017-11-28,1,5,低频沉睡用户
182019,2,2017-11-26,2,7,稳定复购用户
182026,1,2017-12-01,1,2,低频沉睡用户
182041,2,2017-11-29,2,4,稳定复购用户
182091,3,2017-11-28,2,5,高频多品类用户
182100,1,2017-11-29,1,4,低频沉睡用户
182101,2,2017-12-02,2,1,稳定复购用户
182113,1,2017-11-27,1,6,低频沉睡用户
182122,6,2017-12-03,5,0,高频多品类用户
182128,1,2017-12-02,1,1,新购买用户
182133,4,2017-11-30,4,3,高频多品类用户
182137,2,2017-11-27,2,6,稳定复购用户
182138,2,2017-11-25,2,8,稳定复购用户
182148,2,2017-11-25,2,8,稳定复购用户
182156,6,2017-12-03,5,0,高频多品类用户
182169,4,2017-12-03,3,0,高频多品类用户
182182,4,2017-12-02,3,1,高频多品类用户
182189,2,2017-12-01,2,2,稳定复购用户
182193,3,2017-11-29,3,4,高频多品类用户
182204,4,2017-12-02,4,1,高频多品类用户
182205,2,2017-11-30,2,3,稳定复购用户
182219,9,2017-11-30,9,3,高频多品类用户
182246,3,2017-12-03,3,0,高频多品类用户
182257,1,2017-11-26,1,7,低频沉睡用户
182261,1,2017-12-02,1,1,新购买用户
182262,1,2017-11-30,1,3,低频沉睡用户
182270,2,2017-12-01,1,2,稳定复购用户
182272,1,2017-11-26,1,7,低频沉睡用户
182277,5,2017-12-02,5,1,高频多品类用户
182278,2,2017-11-25,2,8,稳定复购用户
182284,1,2017-11-25,1,8,低频沉睡用户
182285,8,2017-12-03,6,0,高频多品类用户
182303,2,2017-11-27,2,6,稳定复购用户
182309,16,2017-12-03,9,0,高频多品类用户
182310,4,2017-12-02,4,1,高频多品类用户
182324,1,2017-12-03,1,0,新购买用户
182328,2,2017-12-01,2,2,稳定复购用户
182329,23,2017-12-03,19,0,高频多品类用户
182331,3,2017-11-29,3,4,高频多品类用户
182333,1,2017-12-02,1,1,新购买用户
182352,7,2017-12-02,7,1,高频多品类用户
182353,1,2017-11-25,1,8,低频沉睡用户
182366,2,2017-11-28,1,5,稳定复购用户
182371,1,2017-11-28,1,5,低频沉睡用户
182404,1,2017-12-03,1,0,新购买用户
182409,10,2017-12-02,7,1,高频多品类用户
182419,15,2017-12-01,13,2,高频多品类用户
182424,1,2017-12-02,1,1,新购买用户
182437,1,2017-11-25,1,8,低频沉睡用户
182439,9,2017-12-03,6,0,高频多品类用户
182444,2,2017-12-01,2,2,稳定复购用户
182445,3,2017-12-03,3,0,高频多品类用户
182451,1,2017-11-27,1,6,低频沉睡用户
182455,4,2017-12-01,3,2,高频多品类用户
182459,3,2017-11-30,1,3,稳定复购用户
182467,1,2017-12-01,1,2,低频沉睡用户
182488,1,2017-11-30,1,3,低频沉睡用户
182493,3,2017-12-03,3,0,高频多品类用户
182509,1,2017-11-27,1,6,低频沉睡用户
182516,2,2017-11-26,1,7,稳定复购用户
182530,4,2017-12-03,3,0,高频多品类用户
182544,1,2017-11-30,1,3,低频沉睡用户
182549,2,2017-11-27,2,6,稳定复购用户
182558,3,2017-12-03,3,0,高频多品类用户
182561,1,2017-12-03,1,0,新购买用户
182567,2,2017-11-28,2,5,稳定复购用户
182573,2,2017-12-03,2,0,稳定复购用户
182579,8,2017-12-03,7,0,高频多品类用户
182593,1,2017-11-29,1,4,低频沉睡用户
182595,1,2017-12-02,1,1,新购买用户
182602,1,2017-12-01,1,2,低频沉睡用户
182606,1,2017-11-28,1,5,低频沉睡用户
182619,4,2017-11-29,4,4,高频多品类用户
182620,2,2017-12-01,2,2,稳定复购用户
182622,7,2017-12-02,6,1,高频多品类用户
182624,1,2017-11-26,1,7,低频沉睡用户
182643,2,2017-12-01,2,2,稳定复购用户
182644,2,2017-11-30,2,3,稳定复购用户
182653,2,2017-11-25,2,8,稳定复购用户
182655,1,2017-12-02,1,1,新购买用户
182660,3,2017-12-03,2,0,高频多品类用户
182661,2,2017-12-02,2,1,稳定复购用户
182667,4,2017-12-03,4,0,高频多品类用户
182679,2,2017-12-03,1,0,稳定复购用户
182694,1,2017-12-03,1,0,新购买用户
182707,6,2017-12-03,6,0,高频多品类用户
182708,2,2017-12-03,2,0,稳定复购用户
182723,2,2017-11-30,2,3,稳定复购用户
182742,3,2017-12-03,3,0,高频多品类用户
182752,6,2017-11-29,6,4,高频多品类用户
182753,1,2017-12-02,1,1,新购买用户
182758,3,2017-12-01,3,2,高频多品类用户
182762,4,2017-12-01,4,2,高频多品类用户
182763,2,2017-12-03,2,0,稳定复购用户
182778,2,2017-11-27,1,6,稳定复购用户
182784,2,2017-12-03,2,0,稳定复购用户
182797,1,2017-11-27,1,6,低频沉睡用户
182814,1,2017-11-30,1,3,低频沉睡用户
182819,1,2017-12-02,1,1,新购买用户
182820,1,2017-11-29,1,4,低频沉睡用户
182825,5,2017-12-01,4,2,高频多品类用户
182828,1,2017-12-02,1,1,新购买用户
182837,5,2017-12-03,5,0,高频多品类用户
182843,5,2017-12-02,4,1,高频多品类用户
182846,3,2017-12-02,3,1,高频多品类用户
182849,2,2017-12-02,2,1,稳定复购用户
182854,3,2017-12-03,3,0,高频多品类用户
182857,1,2017-12-03,1,0,新购买用户
182869,1,2017-12-01,1,2,低频沉睡用户
182873,1,2017-12-02,1,1,新购买用户
182889,1,2017-11-26,1,7,低频沉睡用户
182897,2,2017-12-03,2,0,稳定复购用户
182900,3,2017-12-03,3,0,高频多品类用户
182913,1,2017-11-27,1,6,低频沉睡用户
182916,2,2017-11-29,2,4,稳定复购用户
182918,2,2017-12-03,1,0,稳定复购用户
182936,3,2017-12-01,3,2,高频多品类用户
182939,3,2017-11-27,1,6,稳定复购用户
182940,1,2017-12-02,1,1,新购买用户
182942,3,2017-11-27,3,6,高频多品类用户
182943,3,2017-12-02,2,1,高频多品类用户
182947,3,2017-11-30,3,3,高频多品类用户
182952,5,2017-12-02,5,1,高频多品类用户
182953,8,2017-12-02,4,1,高频多品类用户
182969,1,2017-11-29,1,4,低频沉睡用户
182973,1,2017-11-27,1,6,低频沉睡用户
182975,5,2017-12-03,5,0,高频多品类用户
182986,4,2017-12-03,3,0,高频多品类用户
182988,3,2017-11-26,3,7,高频多品类用户
182998,1,2017-12-03,1,0,新购买用户
182999,5,2017-12-03,5,0,高频多品类用户
183019,7,2017-12-03,7,0,高频多品类用户
183026,2,2017-11-25,2,8,稳定复购用户
183030,1,2017-11-29,1,4,低频沉睡用户
183041,4,2017-12-01,4,2,高频多品类用户
183046,4,2017-11-29,4,4,高频多品类用户
183050,3,2017-12-03,2,0,高频多品类用户
183051,2,2017-12-01,2,2,稳定复购用户
183054,9,2017-12-03,5,0,高频多品类用户
183062,1,2017-11-28,1,5,低频沉睡用户
183068,3,2017-12-01,1,2,稳定复购用户
183080,4,2017-12-02,4,1,高频多品类用户
183089,3,2017-12-03,3,0,高频多品类用户
183097,2,2017-11-30,1,3,稳定复购用户
183110,1,2017-12-03,1,0,新购买用户
183111,1,2017-11-29,1,4,低频沉睡用户
183118,2,2017-12-02,1,1,稳定复购用户
183130,2,2017-11-25,1,8,稳定复购用户
183140,1,2017-12-01,1,2,低频沉睡用户
183145,1,2017-11-26,1,7,低频沉睡用户
183150,1,2017-11-26,1,7,低频沉睡用户
183156,1,2017-11-30,1,3,低频沉睡用户
183157,4,2017-12-02,4,1,高频多品类用户
183159,3,2017-12-03,3,0,高频多品类用户
183177,7,2017-12-03,7,0,高频多品类用户
183181,5,2017-12-02,4,1,高频多品类用户
183183,5,2017-12-02,4,1,高频多品类用户
183193,2,2017-12-01,2,2,稳定复购用户
183196,3,2017-12-02,3,1,高频多品类用户
183204,2,2017-11-30,2,3,稳定复购用户
183220,4,2017-12-03,4,0,高频多品类用户
183221,2,2017-11-27,2,6,稳定复购用户
183223,1,2017-11-29,1,4,低频沉睡用户
183226,1,2017-11-28,1,5,低频沉睡用户
183234,2,2017-12-02,2,1,稳定复购用户
183235,1,2017-11-28,1,5,低频沉睡用户
183243,1,2017-11-30,1,3,低频沉睡用户
183247,2,2017-11-26,1,7,稳定复购用户
183251,2,2017-11-30,2,3,稳定复购用户
183252,2,2017-12-03,2,0,稳定复购用户
183253,4,2017-11-30,4,3,高频多品类用户
183265,1,2017-11-25,1,8,低频沉睡用户
183266,2,2017-11-28,2,5,稳定复购用户
183271,4,2017-12-02,4,1,高频多品类用户
183278,1,2017-11-28,1,5,低频沉睡用户
183281,3,2017-12-03,3,0,高频多品类用户
183284,1,2017-12-03,1,0,新购买用户
183288,3,2017-11-30,1,3,稳定复购用户
183326,2,2017-11-28,2,5,稳定复购用户
183327,1,2017-11-27,1,6,低频沉睡用户
183328,1,2017-11-25,1,8,低频沉睡用户
183332,1,2017-11-30,1,3,低频沉睡用户
183336,1,2017-12-02,1,1,新购买用户
183346,1,2017-11-27,1,6,低频沉睡用户
183347,1,2017-11-29,1,4,低频沉睡用户
183348,1,2017-12-03,1,0,新购买用户
183358,5,2017-12-01,3,2,高频多品类用户
183359,1,2017-11-25,1,8,低频沉睡用户
183378,5,2017-12-01,1,2,稳定复购用户
183390,4,2017-12-03,4,0,高频多品类用户
183396,1,2017-12-02,1,1,新购买用户
183397,1,2017-11-29,1,4,低频沉睡用户
183398,1,2017-11-25,1,8,低频沉睡用户
183399,11,2017-11-29,11,4,高频多品类用户
183409,2,2017-12-02,2,1,稳定复购用户
183429,5,2017-12-02,3,1,高频多品类用户
183431,1,2017-11-30,1,3,低频沉睡用户
183435,3,2017-12-02,3,1,高频多品类用户
183439,1,2017-12-02,1,1,新购买用户
183451,5,2017-11-30,5,3,高频多品类用户
183465,5,2017-11-30,4,3,高频多品类用户
183471,2,2017-11-25,1,8,稳定复购用户
183472,3,2017-11-28,3,5,高频多品类用户
183481,1,2017-11-27,1,6,低频沉睡用户
183504,1,2017-12-03,1,0,新购买用户
183508,1,2017-11-26,1,7,低频沉睡用户
183517,1,2017-12-02,1,1,新购买用户
183518,3,2017-12-03,3,0,高频多品类用户
183524,2,2017-11-29,2,4,稳定复购用户
183557,1,2017-11-28,1,5,低频沉睡用户
183558,1,2017-11-25,1,8,低频沉睡用户
183568,5,2017-12-01,4,2,高频多品类用户
183571,3,2017-12-03,2,0,高频多品类用户
183574,6,2017-12-03,6,0,高频多品类用户
183592,1,2017-11-30,1,3,低频沉睡用户
183593,3,2017-11-29,2,4,高频多品类用户
183594,1,2017-11-27,1,6,低频沉睡用户
183598,3,2017-11-28,2,5,高频多品类用户
183620,1,2017-12-02,1,1,新购买用户
183652,1,2017-11-30,1,3,低频沉睡用户
183661,5,2017-12-03,4,0,高频多品类用户
183665,2,2017-12-02,2,1,稳定复购用户
183670,2,2017-12-02,2,1,稳定复购用户
183684,1,2017-11-28,1,5,低频沉睡用户
183688,2,2017-12-01,2,2,稳定复购用户
183690,2,2017-11-30,2,3,稳定复购用户
183691,3,2017-12-03,3,0,高频多品类用户
183707,1,2017-12-03,1,0,新购买用户
183709,1,2017-11-29,1,4,低频沉睡用户
183719,1,2017-12-01,1,2,低频沉睡用户
183729,1,2017-11-28,1,5,低频沉睡用户
183733,1,2017-12-03,1,0,新购买用户
183740,9,2017-11-29,8,4,高频多品类用户
183749,2,2017-12-03,2,0,稳定复购用户
183752,2,2017-12-03,2,0,稳定复购用户
183753,2,2017-12-02,2,1,稳定复购用户
183765,1,2017-12-02,1,1,新购买用户
183776,2,2017-11-29,2,4,稳定复购用户
183781,4,2017-12-01,4,2,高频多品类用户
183788,2,2017-11-29,2,4,稳定复购用户
183794,15,2017-12-03,12,0,高频多品类用户
183802,4,2017-12-01,3,2,高频多品类用户
183806,2,2017-11-26,2,7,稳定复购用户
183842,1,2017-12-03,1,0,新购买用户
183848,5,2017-12-01,4,2,高频多品类用户
183850,3,2017-11-30,3,3,高频多品类用户
183861,5,2017-12-03,5,0,高频多品类用户
183874,5,2017-11-28,2,5,高频多品类用户
183875,2,2017-11-29,2,4,稳定复购用户
183878,8,2017-12-02,7,1,高频多品类用户
183881,4,2017-12-03,4,0,高频多品类用户
183888,1,2017-11-26,1,7,低频沉睡用户
183893,3,2017-12-03,2,0,高频多品类用户
183914,2,2017-12-02,2,1,稳定复购用户
183928,7,2017-11-30,3,3,高频多品类用户
183932,1,2017-12-03,1,0,新购买用户
183933,4,2017-12-02,3,1,高频多品类用户
183937,2,2017-11-26,2,7,稳定复购用户
183939,6,2017-12-02,5,1,高频多品类用户
183944,6,2017-12-02,4,1,高频多品类用户
183947,5,2017-12-02,5,1,高频多品类用户
183950,5,2017-11-28,4,5,高频多品类用户
183961,5,2017-12-03,5,0,高频多品类用户
183962,2,2017-12-02,2,1,稳定复购用户
183966,2,2017-11-26,1,7,稳定复购用户
183967,2,2017-11-29,2,4,稳定复购用户
183973,5,2017-11-27,2,6,高频多品类用户
183976,6,2017-12-01,6,2,高频多品类用户
183982,3,2017-12-01,3,2,高频多品类用户
183987,1,2017-11-29,1,4,低频沉睡用户
184008,1,2017-12-02,1,1,新购买用户
184018,13,2017-12-03,9,0,高频多品类用户
184038,5,2017-12-03,5,0,高频多品类用户
184041,1,2017-11-29,1,4,低频沉睡用户
184045,1,2017-12-01,1,2,低频沉睡用户
184047,1,2017-11-28,1,5,低频沉睡用户
184054,7,2017-12-02,6,1,高频多品类用户
184062,4,2017-11-30,4,3,高频多品类用户
184084,6,2017-12-03,6,0,高频多品类用户
184086,3,2017-12-02,1,1,稳定复购用户
184087,4,2017-12-02,4,1,高频多品类用户
184091,7,2017-11-30,2,3,高频多品类用户
184093,1,2017-11-29,1,4,低频沉睡用户
184112,4,2017-12-03,4,0,高频多品类用户
184115,4,2017-11-29,4,4,高频多品类用户
184117,3,2017-12-02,3,1,高频多品类用户
184131,1,2017-11-30,1,3,低频沉睡用户
184143,1,2017-11-28,1,5,低频沉睡用户
184190,3,2017-12-01,3,2,高频多品类用户
184199,5,2017-11-30,5,3,高频多品类用户
184215,3,2017-12-03,3,0,高频多品类用户
184221,1,2017-11-27,1,6,低频沉睡用户
184227,1,2017-12-03,1,0,新购买用户
184237,1,2017-12-03,1,0,新购买用户
184257,5,2017-12-02,4,1,高频多品类用户
184262,1,2017-12-01,1,2,低频沉睡用户
184280,3,2017-11-30,3,3,高频多品类用户
184286,5,2017-12-02,3,1,高频多品类用户
184294,3,2017-11-28,3,5,高频多品类用户
184298,3,2017-12-03,3,0,高频多品类用户
184305,1,2017-12-03,1,0,新购买用户
184313,4,2017-11-26,4,7,高频多品类用户
184320,2,2017-12-03,2,0,稳定复购用户
184330,6,2017-12-03,6,0,高频多品类用户
184369,1,2017-11-29,1,4,低频沉睡用户
184371,6,2017-12-03,6,0,高频多品类用户
184378,3,2017-12-01,3,2,高频多品类用户
184379,7,2017-12-03,6,0,高频多品类用户
184383,1,2017-11-29,1,4,低频沉睡用户
184398,2,2017-12-02,2,1,稳定复购用户
184406,1,2017-11-28,1,5,低频沉睡用户
184418,1,2017-11-28,1,5,低频沉睡用户
184428,5,2017-12-02,5,1,高频多品类用户
184431,1,2017-11-28,1,5,低频沉睡用户
184437,2,2017-12-03,2,0,稳定复购用户
184442,1,2017-11-25,1,8,低频沉睡用户
184446,2,2017-12-01,2,2,稳定复购用户
184448,2,2017-12-02,2,1,稳定复购用户
184465,4,2017-12-03,3,0,高频多品类用户
184469,1,2017-12-02,1,1,新购买用户
184473,1,2017-12-02,1,1,新购买用户
184474,6,2017-12-03,6,0,高频多品类用户
184481,1,2017-11-30,1,3,低频沉睡用户
184484,3,2017-12-03,2,0,高频多品类用户
184487,5,2017-12-03,5,0,高频多品类用户
184496,3,2017-11-29,3,4,高频多品类用户
184507,2,2017-12-01,1,2,稳定复购用户
184511,5,2017-11-29,4,4,高频多品类用户
184512,2,2017-11-26,2,7,稳定复购用户
184518,1,2017-11-29,1,4,低频沉睡用户
184520,4,2017-11-28,4,5,高频多品类用户
184526,1,2017-12-02,1,1,新购买用户
184528,1,2017-12-01,1,2,低频沉睡用户
184547,2,2017-12-01,2,2,稳定复购用户
184556,4,2017-12-02,4,1,高频多品类用户
184559,12,2017-12-01,8,2,高频多品类用户
184573,4,2017-12-01,3,2,高频多品类用户
184577,1,2017-11-28,1,5,低频沉睡用户
184582,3,2017-12-02,3,1,高频多品类用户
184583,1,2017-12-01,1,2,低频沉睡用户
184603,5,2017-12-03,4,0,高频多品类用户
184612,3,2017-12-02,3,1,高频多品类用户
184629,1,2017-11-26,1,7,低频沉睡用户
184650,2,2017-11-27,2,6,稳定复购用户
184654,6,2017-12-01,5,2,高频多品类用户
184657,3,2017-12-01,3,2,高频多品类用户
184677,3,2017-11-29,3,4,高频多品类用户
184687,1,2017-11-29,1,4,低频沉睡用户
184692,2,2017-12-02,2,1,稳定复购用户
184701,2,2017-12-02,2,1,稳定复购用户
184702,3,2017-11-29,2,4,高频多品类用户
184703,1,2017-11-27,1,6,低频沉睡用户
184714,1,2017-11-25,1,8,低频沉睡用户
184723,2,2017-12-03,2,0,稳定复购用户
184737,2,2017-12-03,2,0,稳定复购用户
184742,2,2017-12-02,2,1,稳定复购用户
184756,4,2017-12-03,4,0,高频多品类用户
184773,2,2017-11-28,2,5,稳定复购用户
184780,3,2017-12-03,3,0,高频多品类用户
184788,1,2017-12-02,1,1,新购买用户
184793,4,2017-12-03,4,0,高频多品类用户
184797,2,2017-11-27,2,6,稳定复购用户
184798,1,2017-11-27,1,6,低频沉睡用户
184800,1,2017-12-03,1,0,新购买用户
184804,4,2017-12-01,2,2,高频多品类用户
184805,23,2017-12-02,12,1,高频多品类用户
184813,4,2017-12-03,4,0,高频多品类用户
184815,1,2017-11-25,1,8,低频沉睡用户
184822,8,2017-12-03,8,0,高频多品类用户
184840,2,2017-11-30,2,3,稳定复购用户
184843,1,2017-12-01,1,2,低频沉睡用户
184851,4,2017-12-02,4,1,高频多品类用户
184853,3,2017-12-02,3,1,高频多品类用户
184858,5,2017-12-03,4,0,高频多品类用户
184859,1,2017-11-27,1,6,低频沉睡用户
184867,2,2017-11-29,2,4,稳定复购用户
184871,5,2017-12-03,4,0,高频多品类用户
184873,1,2017-12-02,1,1,新购买用户
184875,3,2017-11-28,3,5,高频多品类用户
184879,1,2017-12-02,1,1,新购买用户
184896,1,2017-11-30,1,3,低频沉睡用户
184898,2,2017-11-25,2,8,稳定复购用户
184902,2,2017-12-01,2,2,稳定复购用户
184914,2,2017-12-03,1,0,稳定复购用户
184916,1,2017-11-26,1,7,低频沉睡用户
184919,6,2017-12-01,6,2,高频多品类用户
184934,1,2017-11-30,1,3,低频沉睡用户
184950,3,2017-11-27,2,6,高频多品类用户
184951,1,2017-11-25,1,8,低频沉睡用户
184965,3,2017-12-03,3,0,高频多品类用户
184967,4,2017-12-03,3,0,高频多品类用户
184968,1,2017-11-29,1,4,低频沉睡用户
184969,2,2017-12-03,2,0,稳定复购用户
185011,6,2017-12-03,5,0,高频多品类用户
185012,1,2017-11-30,1,3,低频沉睡用户
185019,1,2017-12-01,1,2,低频沉睡用户
185022,4,2017-12-02,3,1,高频多品类用户
185044,3,2017-12-01,2,2,高频多品类用户
185046,3,2017-12-03,3,0,高频多品类用户
185049,1,2017-11-29,1,4,低频沉睡用户
185057,1,2017-12-03,1,0,新购买用户
185073,8,2017-12-03,7,0,高频多品类用户
185078,4,2017-11-30,3,3,高频多品类用户
185080,2,2017-11-28,2,5,稳定复购用户
185084,2,2017-11-29,1,4,稳定复购用户
185090,6,2017-12-03,6,0,高频多品类用户
185091,12,2017-12-01,11,2,高频多品类用户
185093,1,2017-11-26,1,7,低频沉睡用户
185121,1,2017-12-02,1,1,新购买用户
185140,2,2017-11-27,2,6,稳定复购用户
185147,1,2017-11-28,1,5,低频沉睡用户
185149,2,2017-12-01,1,2,稳定复购用户
185155,8,2017-12-03,8,0,高频多品类用户
185160,1,2017-11-30,1,3,低频沉睡用户
185161,1,2017-11-25,1,8,低频沉睡用户
185168,4,2017-12-03,3,0,高频多品类用户
185169,7,2017-12-02,6,1,高频多品类用户
185174,3,2017-11-30,3,3,高频多品类用户
185176,1,2017-12-02,1,1,新购买用户
185179,1,2017-11-29,1,4,低频沉睡用户
185189,3,2017-11-29,2,4,高频多品类用户
185193,3,2017-12-02,3,1,高频多品类用户
185204,3,2017-12-03,3,0,高频多品类用户
185208,2,2017-12-03,2,0,稳定复购用户
185209,1,2017-11-30,1,3,低频沉睡用户
185215,3,2017-12-02,1,1,稳定复购用户
185217,1,2017-11-29,1,4,低频沉睡用户
185220,2,2017-12-03,2,0,稳定复购用户
185242,3,2017-12-03,3,0,高频多品类用户
185255,5,2017-11-30,5,3,高频多品类用户
185263,3,2017-12-02,3,1,高频多品类用户
185269,1,2017-11-29,1,4,低频沉睡用户
185281,10,2017-12-03,8,0,高频多品类用户
185283,2,2017-11-30,2,3,稳定复购用户
185302,2,2017-12-03,2,0,稳定复购用户
185303,1,2017-12-01,1,2,低频沉睡用户
185305,6,2017-12-03,6,0,高频多品类用户
185322,1,2017-11-28,1,5,低频沉睡用户
185328,1,2017-11-26,1,7,低频沉睡用户
185329,1,2017-12-01,1,2,低频沉睡用户
185341,5,2017-11-29,4,4,高频多品类用户
185346,4,2017-12-01,4,2,高频多品类用户
185349,8,2017-12-02,8,1,高频多品类用户
185351,1,2017-11-29,1,4,低频沉睡用户
185353,3,2017-12-01,3,2,高频多品类用户
185367,2,2017-12-01,2,2,稳定复购用户
185374,2,2017-11-27,2,6,稳定复购用户
185375,1,2017-12-03,1,0,新购买用户
185380,4,2017-12-03,4,0,高频多品类用户
185385,1,2017-11-30,1,3,低频沉睡用户
185388,1,2017-12-03,1,0,新购买用户
185389,1,2017-12-01,1,2,低频沉睡用户
185390,1,2017-11-28,1,5,低频沉睡用户
185393,1,2017-11-25,1,8,低频沉睡用户
185410,1,2017-12-02,1,1,新购买用户
185415,1,2017-11-28,1,5,低频沉睡用户
185417,7,2017-11-30,6,3,高频多品类用户
185425,2,2017-12-03,2,0,稳定复购用户
185426,2,2017-11-29,1,4,稳定复购用户
185432,3,2017-11-29,3,4,高频多品类用户
185435,1,2017-12-03,1,0,新购买用户
185458,4,2017-12-02,3,1,高频多品类用户
185472,3,2017-11-27,3,6,高频多品类用户
185473,3,2017-12-02,3,1,高频多品类用户
185482,2,2017-12-03,2,0,稳定复购用户
185483,1,2017-12-02,1,1,新购买用户
185490,3,2017-12-01,3,2,高频多品类用户
185491,1,2017-11-25,1,8,低频沉睡用户
185495,7,2017-12-02,7,1,高频多品类用户
185508,1,2017-11-29,1,4,低频沉睡用户
185515,1,2017-11-25,1,8,低频沉睡用户
185532,1,2017-11-28,1,5,低频沉睡用户
185533,1,2017-11-30,1,3,低频沉睡用户
185538,2,2017-12-02,2,1,稳定复购用户
185542,2,2017-12-03,2,0,稳定复购用户
185567,3,2017-12-03,3,0,高频多品类用户
185571,1,2017-12-01,1,2,低频沉睡用户
185577,7,2017-12-03,5,0,高频多品类用户
185581,4,2017-12-02,4,1,高频多品类用户
185593,1,2017-11-28,1,5,低频沉睡用户
185594,1,2017-11-28,1,5,低频沉睡用户
185596,1,2017-12-01,1,2,低频沉睡用户
185598,4,2017-12-03,4,0,高频多品类用户
185601,1,2017-11-30,1,3,低频沉睡用户
185612,4,2017-12-03,3,0,高频多品类用户
185617,6,2017-12-02,6,1,高频多品类用户
185622,1,2017-11-27,1,6,低频沉睡用户
185625,1,2017-12-03,1,0,新购买用户
185626,2,2017-11-30,2,3,稳定复购用户
185636,2,2017-12-03,2,0,稳定复购用户
185649,9,2017-12-03,8,0,高频多品类用户
185652,2,2017-12-01,1,2,稳定复购用户
185654,2,2017-11-30,2,3,稳定复购用户
185663,1,2017-11-28,1,5,低频沉睡用户
185665,2,2017-11-26,1,7,稳定复购用户
185674,1,2017-11-29,1,4,低频沉睡用户
185676,3,2017-11-27,3,6,高频多品类用户
185689,7,2017-11-29,5,4,高频多品类用户
185691,3,2017-12-03,3,0,高频多品类用户
185695,2,2017-12-02,2,1,稳定复购用户
185724,4,2017-12-03,4,0,高频多品类用户
185725,3,2017-12-01,3,2,高频多品类用户
185726,1,2017-11-26,1,7,低频沉睡用户
185733,2,2017-11-29,2,4,稳定复购用户
185744,1,2017-12-03,1,0,新购买用户
185745,2,2017-12-02,1,1,稳定复购用户
185752,1,2017-11-30,1,3,低频沉睡用户
185753,4,2017-12-02,4,1,高频多品类用户
185758,3,2017-11-29,2,4,高频多品类用户
185763,4,2017-12-02,3,1,高频多品类用户
185780,2,2017-11-29,2,4,稳定复购用户
185790,2,2017-11-28,2,5,稳定复购用户
185801,1,2017-11-28,1,5,低频沉睡用户
185807,2,2017-11-29,2,4,稳定复购用户
185808,1,2017-12-01,1,2,低频沉睡用户
185811,1,2017-11-30,1,3,低频沉睡用户
185817,1,2017-11-28,1,5,低频沉睡用户
185826,3,2017-12-02,3,1,高频多品类用户
185830,1,2017-11-26,1,7,低频沉睡用户
185831,1,2017-11-27,1,6,低频沉睡用户
185878,3,2017-11-29,3,4,高频多品类用户
185887,1,2017-12-02,1,1,新购买用户
185894,1,2017-12-03,1,0,新购买用户
185899,2,2017-12-02,2,1,稳定复购用户
185921,1,2017-11-26,1,7,低频沉睡用户
185924,1,2017-11-27,1,6,低频沉睡用户
185925,2,2017-12-01,1,2,稳定复购用户
185930,1,2017-11-26,1,7,低频沉睡用户
185934,1,2017-11-26,1,7,低频沉睡用户
185935,2,2017-12-02,2,1,稳定复购用户
185961,1,2017-12-02,1,1,新购买用户
185962,1,2017-12-03,1,0,新购买用户
185963,1,2017-11-26,1,7,低频沉睡用户
185980,1,2017-12-01,1,2,低频沉睡用户
185983,14,2017-12-01,11,2,高频多品类用户
185984,1,2017-11-30,1,3,低频沉睡用户
185996,7,2017-12-02,6,1,高频多品类用户
185999,3,2017-12-01,3,2,高频多品类用户
186008,6,2017-12-03,5,0,高频多品类用户
186016,3,2017-11-30,3,3,高频多品类用户
186023,2,2017-12-02,2,1,稳定复购用户
186024,1,2017-12-03,1,0,新购买用户
186028,1,2017-11-27,1,6,低频沉睡用户
186031,2,2017-12-03,1,0,稳定复购用户
186033,1,2017-11-30,1,3,低频沉睡用户
186037,2,2017-11-28,2,5,稳定复购用户
186039,1,2017-11-26,1,7,低频沉睡用户
186041,4,2017-11-30,4,3,高频多品类用户
186049,1,2017-11-26,1,7,低频沉睡用户
186056,1,2017-12-01,1,2,低频沉睡用户
186063,1,2017-11-27,1,6,低频沉睡用户
186065,2,2017-11-28,2,5,稳定复购用户
186077,10,2017-12-02,8,1,高频多品类用户
186081,2,2017-11-30,2,3,稳定复购用户
186084,2,2017-11-28,2,5,稳定复购用户
186086,1,2017-11-26,1,7,低频沉睡用户
186098,6,2017-12-02,4,1,高频多品类用户
186100,1,2017-11-27,1,6,低频沉睡用户
186101,2,2017-11-29,2,4,稳定复购用户
186106,6,2017-12-02,4,1,高频多品类用户
186107,5,2017-12-02,4,1,高频多品类用户
186134,2,2017-11-29,2,4,稳定复购用户
186137,3,2017-11-30,2,3,高频多品类用户
186140,2,2017-12-02,2,1,稳定复购用户
186146,1,2017-11-29,1,4,低频沉睡用户
186149,1,2017-11-26,1,7,低频沉睡用户
186153,1,2017-11-30,1,3,低频沉睡用户
186183,1,2017-12-01,1,2,低频沉睡用户
186188,5,2017-12-03,5,0,高频多品类用户
186194,3,2017-11-29,3,4,高频多品类用户
186199,1,2017-12-03,1,0,新购买用户
186200,3,2017-11-27,3,6,高频多品类用户
186202,10,2017-12-01,9,2,高频多品类用户
186205,1,2017-12-01,1,2,低频沉睡用户
186208,2,2017-12-01,2,2,稳定复购用户
186224,7,2017-11-28,5,5,高频多品类用户
186228,1,2017-11-27,1,6,低频沉睡用户
186233,4,2017-12-03,4,0,高频多品类用户
186234,2,2017-11-29,2,4,稳定复购用户
186249,3,2017-12-02,3,1,高频多品类用户
186252,5,2017-11-30,4,3,高频多品类用户
186263,1,2017-12-02,1,1,新购买用户
186266,1,2017-11-30,1,3,低频沉睡用户
186268,2,2017-11-29,2,4,稳定复购用户
186276,3,2017-12-01,3,2,高频多品类用户
186291,4,2017-11-29,4,4,高频多品类用户
186300,6,2017-11-26,3,7,高频多品类用户
186306,18,2017-12-03,13,0,高频多品类用户
186310,6,2017-12-03,6,0,高频多品类用户
186315,1,2017-12-02,1,1,新购买用户
186318,4,2017-11-30,2,3,高频多品类用户
186332,1,2017-12-01,1,2,低频沉睡用户
186342,1,2017-12-02,1,1,新购买用户
186349,1,2017-12-01,1,2,低频沉睡用户
186350,3,2017-12-01,3,2,高频多品类用户
186376,3,2017-12-02,3,1,高频多品类用户
186394,1,2017-11-28,1,5,低频沉睡用户
186398,2,2017-11-28,2,5,稳定复购用户
186403,1,2017-11-25,1,8,低频沉睡用户
186419,1,2017-11-27,1,6,低频沉睡用户
186423,3,2017-12-03,2,0,高频多品类用户
186424,1,2017-12-02,1,1,新购买用户
186425,4,2017-11-30,4,3,高频多品类用户
186428,1,2017-11-25,1,8,低频沉睡用户
186437,1,2017-11-28,1,5,低频沉睡用户
186441,12,2017-12-02,8,1,高频多品类用户
186450,1,2017-11-29,1,4,低频沉睡用户
186451,2,2017-12-01,1,2,稳定复购用户
186456,3,2017-12-01,1,2,稳定复购用户
186458,1,2017-12-01,1,2,低频沉睡用户
186461,1,2017-11-28,1,5,低频沉睡用户
186462,6,2017-12-03,6,0,高频多品类用户
186474,3,2017-12-03,3,0,高频多品类用户
186479,2,2017-12-03,2,0,稳定复购用户
186499,5,2017-12-02,4,1,高频多品类用户
186504,2,2017-11-25,1,8,稳定复购用户
186507,3,2017-12-02,3,1,高频多品类用户
186515,2,2017-12-01,2,2,稳定复购用户
186519,2,2017-12-03,2,0,稳定复购用户
186526,1,2017-12-02,1,1,新购买用户
186529,3,2017-11-30,3,3,高频多品类用户
186555,3,2017-12-02,2,1,高频多品类用户
186560,1,2017-11-27,1,6,低频沉睡用户
186586,4,2017-12-03,4,0,高频多品类用户
186589,4,2017-12-03,4,0,高频多品类用户
186594,4,2017-11-30,4,3,高频多品类用户
186598,1,2017-12-02,1,1,新购买用户
186600,5,2017-12-03,3,0,高频多品类用户
186611,1,2017-11-29,1,4,低频沉睡用户
186616,4,2017-11-30,4,3,高频多品类用户
186625,3,2017-12-02,3,1,高频多品类用户
186630,4,2017-12-03,4,0,高频多品类用户
186631,2,2017-12-01,2,2,稳定复购用户
186635,1,2017-11-25,1,8,低频沉睡用户
186642,1,2017-12-01,1,2,低频沉睡用户
186643,3,2017-11-30,2,3,高频多品类用户
186651,2,2017-11-26,1,7,稳定复购用户
186653,1,2017-11-30,1,3,低频沉睡用户
186660,3,2017-12-03,3,0,高频多品类用户
186676,2,2017-11-28,2,5,稳定复购用户
186682,2,2017-12-01,2,2,稳定复购用户
186690,5,2017-12-03,5,0,高频多品类用户
186699,1,2017-12-03,1,0,新购买用户
186701,2,2017-11-30,2,3,稳定复购用户
186721,1,2017-11-26,1,7,低频沉睡用户
186728,2,2017-12-01,2,2,稳定复购用户
186729,2,2017-12-03,2,0,稳定复购用户
186744,2,2017-12-03,2,0,稳定复购用户
186746,2,2017-11-27,2,6,稳定复购用户
186749,1,2017-11-25,1,8,低频沉睡用户
186757,2,2017-11-28,2,5,稳定复购用户
186760,3,2017-12-01,3,2,高频多品类用户
186765,2,2017-12-02,2,1,稳定复购用户
186768,1,2017-12-03,1,0,新购买用户
186771,2,2017-12-03,2,0,稳定复购用户
186774,5,2017-11-29,5,4,高频多品类用户
186787,2,2017-11-25,1,8,稳定复购用户
186789,2,2017-11-27,2,6,稳定复购用户
186794,2,2017-12-01,2,2,稳定复购用户
186798,2,2017-11-28,2,5,稳定复购用户
186806,1,2017-11-30,1,3,低频沉睡用户
186809,2,2017-12-01,2,2,稳定复购用户
186811,4,2017-11-29,4,4,高频多品类用户
186814,1,2017-12-01,1,2,低频沉睡用户
186816,4,2017-11-30,1,3,稳定复购用户
186824,4,2017-12-02,4,1,高频多品类用户
186846,6,2017-11-28,3,5,高频多品类用户
186852,2,2017-11-30,2,3,稳定复购用户
186871,1,2017-11-26,1,7,低频沉睡用户
186875,4,2017-12-02,3,1,高频多品类用户
186878,3,2017-12-03,3,0,高频多品类用户
186879,1,2017-11-29,1,4,低频沉睡用户
186882,1,2017-11-26,1,7,低频沉睡用户
186884,1,2017-11-30,1,3,低频沉睡用户
186886,1,2017-12-03,1,0,新购买用户
186894,1,2017-11-26,1,7,低频沉睡用户
186900,4,2017-12-02,4,1,高频多品类用户
186906,2,2017-12-03,2,0,稳定复购用户
186913,3,2017-12-01,3,2,高频多品类用户
186917,3,2017-11-27,3,6,高频多品类用户
186922,1,2017-12-01,1,2,低频沉睡用户
186925,2,2017-11-27,2,6,稳定复购用户
186931,5,2017-11-30,3,3,高频多品类用户
186932,3,2017-12-02,3,1,高频多品类用户
186943,1,2017-11-26,1,7,低频沉睡用户
186960,3,2017-11-29,3,4,高频多品类用户
186970,1,2017-11-27,1,6,低频沉睡用户
186971,1,2017-11-29,1,4,低频沉睡用户
186977,1,2017-11-29,1,4,低频沉睡用户
186983,2,2017-12-02,2,1,稳定复购用户
186987,1,2017-12-03,1,0,新购买用户
186996,2,2017-11-25,2,8,稳定复购用户
187001,8,2017-11-29,7,4,高频多品类用户
187003,3,2017-12-03,2,0,高频多品类用户
187005,1,2017-11-26,1,7,低频沉睡用户
187008,8,2017-12-02,7,1,高频多品类用户
187016,5,2017-11-25,4,8,高频多品类用户
187020,1,2017-11-27,1,6,低频沉睡用户
187028,2,2017-11-30,1,3,稳定复购用户
187066,5,2017-12-01,4,2,高频多品类用户
187072,1,2017-11-28,1,5,低频沉睡用户
187075,1,2017-11-28,1,5,低频沉睡用户
187078,1,2017-12-03,1,0,新购买用户
187082,2,2017-12-02,2,1,稳定复购用户
187087,1,2017-11-30,1,3,低频沉睡用户
187095,2,2017-11-29,2,4,稳定复购用户
187097,1,2017-12-02,1,1,新购买用户
187110,2,2017-12-02,2,1,稳定复购用户
187113,3,2017-12-02,3,1,高频多品类用户
187122,1,2017-11-28,1,5,低频沉睡用户
187129,6,2017-11-30,3,3,高频多品类用户
187148,3,2017-12-02,3,1,高频多品类用户
187164,3,2017-12-02,3,1,高频多品类用户
187165,5,2017-12-03,4,0,高频多品类用户
187169,5,2017-12-03,5,0,高频多品类用户
187186,1,2017-12-02,1,1,新购买用户
187192,2,2017-11-27,2,6,稳定复购用户
187197,11,2017-12-03,7,0,高频多品类用户
187198,5,2017-11-28,4,5,高频多品类用户
187201,4,2017-11-29,3,4,高频多品类用户
187245,1,2017-12-02,1,1,新购买用户
187247,2,2017-11-29,1,4,稳定复购用户
187267,3,2017-12-03,3,0,高频多品类用户
187275,3,2017-12-02,3,1,高频多品类用户
187287,1,2017-11-29,1,4,低频沉睡用户
187294,1,2017-12-01,1,2,低频沉睡用户
187309,6,2017-11-30,6,3,高频多品类用户
187310,1,2017-11-28,1,5,低频沉睡用户
187314,9,2017-12-02,7,1,高频多品类用户
187357,3,2017-11-29,3,4,高频多品类用户
187360,1,2017-12-02,1,1,新购买用户
187366,1,2017-11-28,1,5,低频沉睡用户
187371,2,2017-11-28,2,5,稳定复购用户
187375,3,2017-12-02,3,1,高频多品类用户
187394,6,2017-11-29,5,4,高频多品类用户
187396,4,2017-12-01,4,2,高频多品类用户
187399,3,2017-11-30,2,3,高频多品类用户
187403,2,2017-11-26,2,7,稳定复购用户
187415,2,2017-12-02,2,1,稳定复购用户
187422,3,2017-12-01,2,2,高频多品类用户
187423,2,2017-12-01,2,2,稳定复购用户
187427,2,2017-12-01,2,2,稳定复购用户
187447,4,2017-11-28,1,5,稳定复购用户
187452,1,2017-12-01,1,2,低频沉睡用户
187456,4,2017-12-02,2,1,高频多品类用户
187462,1,2017-12-01,1,2,低频沉睡用户
187472,1,2017-11-27,1,6,低频沉睡用户
187488,2,2017-12-03,2,0,稳定复购用户
187495,5,2017-12-03,5,0,高频多品类用户
187511,2,2017-11-29,2,4,稳定复购用户
187513,6,2017-11-30,6,3,高频多品类用户
187516,6,2017-11-29,6,4,高频多品类用户
187519,1,2017-12-01,1,2,低频沉睡用户
187524,3,2017-11-30,3,3,高频多品类用户
187529,1,2017-11-29,1,4,低频沉睡用户
187539,1,2017-11-29,1,4,低频沉睡用户
187552,1,2017-12-02,1,1,新购买用户
187558,14,2017-12-03,13,0,高频多品类用户
187569,1,2017-11-26,1,7,低频沉睡用户
187576,1,2017-12-02,1,1,新购买用户
187580,2,2017-12-02,2,1,稳定复购用户
187595,10,2017-11-29,9,4,高频多品类用户
187606,1,2017-11-25,1,8,低频沉睡用户
187618,1,2017-12-01,1,2,低频沉睡用户
187624,3,2017-12-03,3,0,高频多品类用户
187638,2,2017-12-02,1,1,稳定复购用户
187639,3,2017-11-29,3,4,高频多品类用户
187648,2,2017-12-03,2,0,稳定复购用户
187655,1,2017-11-26,1,7,低频沉睡用户
187657,2,2017-12-02,2,1,稳定复购用户
187667,1,2017-12-03,1,0,新购买用户
187692,10,2017-11-29,10,4,高频多品类用户
187715,1,2017-11-25,1,8,低频沉睡用户
187718,1,2017-12-02,1,1,新购买用户
187719,1,2017-11-26,1,7,低频沉睡用户
187730,3,2017-12-01,3,2,高频多品类用户
187732,2,2017-12-02,2,1,稳定复购用户
187733,7,2017-12-03,6,0,高频多品类用户
187748,3,2017-12-02,3,1,高频多品类用户
187751,14,2017-11-30,13,3,高频多品类用户
187759,2,2017-12-01,1,2,稳定复购用户
187763,3,2017-12-01,3,2,高频多品类用户
187777,2,2017-11-28,2,5,稳定复购用户
187783,6,2017-12-03,6,0,高频多品类用户
187792,4,2017-11-30,4,3,高频多品类用户
187813,3,2017-12-02,3,1,高频多品类用户
187814,1,2017-11-27,1,6,低频沉睡用户
187817,2,2017-12-02,2,1,稳定复购用户
187826,1,2017-12-02,1,1,新购买用户
187852,5,2017-12-03,3,0,高频多品类用户
187860,3,2017-12-03,3,0,高频多品类用户
187862,1,2017-11-30,1,3,低频沉睡用户
187865,7,2017-12-01,6,2,高频多品类用户
187873,1,2017-12-02,1,1,新购买用户
187875,1,2017-11-30,1,3,低频沉睡用户
187878,10,2017-12-03,9,0,高频多品类用户
187882,1,2017-11-28,1,5,低频沉睡用户
187890,3,2017-12-03,3,0,高频多品类用户
187893,1,2017-11-26,1,7,低频沉睡用户
187897,1,2017-11-25,1,8,低频沉睡用户
187899,5,2017-11-30,4,3,高频多品类用户
187919,4,2017-11-30,3,3,高频多品类用户
187921,1,2017-11-27,1,6,低频沉睡用户
187940,2,2017-11-26,2,7,稳定复购用户
187946,1,2017-12-01,1,2,低频沉睡用户
187947,1,2017-11-26,1,7,低频沉睡用户
187974,1,2017-11-28,1,5,低频沉睡用户
187977,4,2017-12-01,3,2,高频多品类用户
187979,2,2017-11-29,2,4,稳定复购用户
187980,1,2017-11-29,1,4,低频沉睡用户
187989,9,2017-12-03,5,0,高频多品类用户
188003,5,2017-12-01,5,2,高频多品类用户
188012,7,2017-12-02,7,1,高频多品类用户
188027,2,2017-12-01,2,2,稳定复购用户
188028,1,2017-11-26,1,7,低频沉睡用户
188031,4,2017-12-03,4,0,高频多品类用户
188033,2,2017-12-01,2,2,稳定复购用户
188044,4,2017-12-03,4,0,高频多品类用户
188073,4,2017-12-03,4,0,高频多品类用户
188074,1,2017-12-03,1,0,新购买用户
188080,3,2017-12-01,3,2,高频多品类用户
188083,4,2017-11-26,3,7,高频多品类用户
188086,2,2017-12-01,2,2,稳定复购用户
188088,3,2017-12-01,2,2,高频多品类用户
188096,1,2017-12-01,1,2,低频沉睡用户
188097,6,2017-12-03,6,0,高频多品类用户
188098,1,2017-11-28,1,5,低频沉睡用户
188113,1,2017-12-01,1,2,低频沉睡用户
188131,6,2017-12-02,6,1,高频多品类用户
188137,8,2017-12-03,8,0,高频多品类用户
188150,3,2017-12-02,3,1,高频多品类用户
188156,3,2017-12-03,3,0,高频多品类用户
188163,2,2017-11-30,2,3,稳定复购用户
188166,2,2017-12-02,2,1,稳定复购用户
188185,2,2017-11-29,1,4,稳定复购用户
188195,3,2017-12-02,3,1,高频多品类用户
188199,1,2017-11-25,1,8,低频沉睡用户
188202,2,2017-11-28,2,5,稳定复购用户
188208,1,2017-11-26,1,7,低频沉睡用户
188223,2,2017-11-30,2,3,稳定复购用户
188224,12,2017-12-03,11,0,高频多品类用户
188225,1,2017-11-26,1,7,低频沉睡用户
188237,2,2017-11-30,2,3,稳定复购用户
188238,5,2017-12-02,4,1,高频多品类用户
188258,4,2017-11-29,4,4,高频多品类用户
188261,1,2017-11-26,1,7,低频沉睡用户
188267,2,2017-11-30,2,3,稳定复购用户
188270,3,2017-11-30,1,3,稳定复购用户
188273,4,2017-12-03,4,0,高频多品类用户
188274,4,2017-12-02,4,1,高频多品类用户
188275,1,2017-12-03,1,0,新购买用户
188278,1,2017-11-27,1,6,低频沉睡用户
188287,1,2017-12-02,1,1,新购买用户
188288,3,2017-12-03,3,0,高频多品类用户
188289,2,2017-12-02,2,1,稳定复购用户
188294,1,2017-11-27,1,6,低频沉睡用户
188304,4,2017-12-03,3,0,高频多品类用户
188305,2,2017-12-03,2,0,稳定复购用户
188307,1,2017-11-30,1,3,低频沉睡用户
188332,1,2017-11-27,1,6,低频沉睡用户
188334,2,2017-11-28,2,5,稳定复购用户
188345,1,2017-12-01,1,2,低频沉睡用户
188352,2,2017-12-02,2,1,稳定复购用户
188356,1,2017-12-03,1,0,新购买用户
188360,1,2017-11-26,1,7,低频沉睡用户
188371,6,2017-12-03,5,0,高频多品类用户
188375,1,2017-11-25,1,8,低频沉睡用户
188379,2,2017-12-01,2,2,稳定复购用户
188381,2,2017-11-30,1,3,稳定复购用户
188383,4,2017-12-01,4,2,高频多品类用户
188390,3,2017-12-01,3,2,高频多品类用户
188403,1,2017-11-28,1,5,低频沉睡用户
188408,1,2017-11-29,1,4,低频沉睡用户
188422,1,2017-11-25,1,8,低频沉睡用户
188426,1,2017-12-03,1,0,新购买用户
188427,3,2017-12-02,3,1,高频多品类用户
188430,2,2017-11-28,1,5,稳定复购用户
188436,4,2017-12-03,3,0,高频多品类用户
188437,3,2017-11-30,3,3,高频多品类用户
188446,6,2017-11-29,5,4,高频多品类用户
188449,3,2017-12-03,3,0,高频多品类用户
188481,3,2017-11-30,3,3,高频多品类用户
188490,16,2017-12-03,16,0,高频多品类用户
188501,1,2017-11-29,1,4,低频沉睡用户
188505,3,2017-12-03,3,0,高频多品类用户
188517,5,2017-12-02,3,1,高频多品类用户
188522,3,2017-12-03,3,0,高频多品类用户
188529,2,2017-11-28,2,5,稳定复购用户
188556,9,2017-12-03,8,0,高频多品类用户
188569,3,2017-11-30,3,3,高频多品类用户
188579,1,2017-11-29,1,4,低频沉睡用户
188589,5,2017-12-02,4,1,高频多品类用户
188594,2,2017-12-01,2,2,稳定复购用户
188606,2,2017-11-29,2,4,稳定复购用户
188608,7,2017-12-02,4,1,高频多品类用户
188621,1,2017-11-30,1,3,低频沉睡用户
188627,2,2017-11-30,2,3,稳定复购用户
188630,4,2017-12-02,4,1,高频多品类用户
188650,3,2017-12-01,2,2,高频多品类用户
188662,2,2017-11-30,1,3,稳定复购用户
188663,1,2017-11-30,1,3,低频沉睡用户
188667,4,2017-11-26,4,7,高频多品类用户
188671,2,2017-12-01,2,2,稳定复购用户
188674,4,2017-12-03,3,0,高频多品类用户
188682,3,2017-12-03,3,0,高频多品类用户
188691,1,2017-12-01,1,2,低频沉睡用户
188692,1,2017-11-27,1,6,低频沉睡用户
188693,2,2017-12-02,2,1,稳定复购用户
188715,3,2017-11-28,2,5,高频多品类用户
188734,4,2017-12-01,3,2,高频多品类用户
188746,3,2017-12-02,3,1,高频多品类用户
188747,1,2017-11-29,1,4,低频沉睡用户
188751,1,2017-11-30,1,3,低频沉睡用户
188758,2,2017-12-03,2,0,稳定复购用户
188759,1,2017-11-28,1,5,低频沉睡用户
188773,3,2017-11-30,2,3,高频多品类用户
188778,1,2017-11-30,1,3,低频沉睡用户
188786,1,2017-12-01,1,2,低频沉睡用户
188787,1,2017-11-28,1,5,低频沉睡用户
188791,1,2017-12-02,1,1,新购买用户
188801,2,2017-12-03,2,0,稳定复购用户
188806,2,2017-11-27,2,6,稳定复购用户
188807,4,2017-12-02,4,1,高频多品类用户
188815,2,2017-11-28,2,5,稳定复购用户
188817,4,2017-12-02,4,1,高频多品类用户
188828,1,2017-12-02,1,1,新购买用户
188830,1,2017-12-02,1,1,新购买用户
188834,3,2017-12-02,3,1,高频多品类用户
188838,2,2017-12-02,1,1,稳定复购用户
188855,1,2017-12-03,1,0,新购买用户
188857,3,2017-11-28,3,5,高频多品类用户
188858,5,2017-12-01,5,2,高频多品类用户
188863,1,2017-12-03,1,0,新购买用户
188868,1,2017-12-01,1,2,低频沉睡用户
188874,6,2017-12-03,3,0,高频多品类用户
188877,5,2017-12-03,4,0,高频多品类用户
188879,4,2017-12-03,4,0,高频多品类用户
188885,3,2017-11-28,3,5,高频多品类用户
188890,1,2017-11-27,1,6,低频沉睡用户
188899,1,2017-12-03,1,0,新购买用户
188913,4,2017-12-02,4,1,高频多品类用户
188932,5,2017-12-02,4,1,高频多品类用户
188942,11,2017-11-30,8,3,高频多品类用户
188947,1,2017-11-30,1,3,低频沉睡用户
188954,4,2017-12-02,4,1,高频多品类用户
188957,2,2017-12-02,2,1,稳定复购用户
188958,4,2017-12-02,4,1,高频多品类用户
188966,2,2017-12-02,2,1,稳定复购用户
188989,1,2017-11-28,1,5,低频沉睡用户
188993,1,2017-12-03,1,0,新购买用户
189001,2,2017-11-29,2,4,稳定复购用户
189003,2,2017-12-02,2,1,稳定复购用户
189007,2,2017-11-30,2,3,稳定复购用户
189009,1,2017-11-28,1,5,低频沉睡用户
189013,6,2017-12-02,6,1,高频多品类用户
189018,3,2017-12-02,3,1,高频多品类用户
189023,1,2017-11-25,1,8,低频沉睡用户
189034,1,2017-12-03,1,0,新购买用户
189037,1,2017-11-26,1,7,低频沉睡用户
189042,2,2017-11-29,1,4,稳定复购用户
189073,2,2017-11-27,2,6,稳定复购用户
189078,6,2017-11-30,6,3,高频多品类用户
189079,4,2017-12-03,3,0,高频多品类用户
189087,5,2017-12-02,4,1,高频多品类用户
189101,1,2017-11-28,1,5,低频沉睡用户
189111,1,2017-11-29,1,4,低频沉睡用户
189112,1,2017-12-01,1,2,低频沉睡用户
189114,1,2017-12-02,1,1,新购买用户
189116,2,2017-11-30,2,3,稳定复购用户
189118,4,2017-12-03,4,0,高频多品类用户
189119,21,2017-12-03,14,0,高频多品类用户
189121,8,2017-12-02,7,1,高频多品类用户
189124,10,2017-12-02,9,1,高频多品类用户
189127,3,2017-12-03,3,0,高频多品类用户
189130,1,2017-12-02,1,1,新购买用户
189131,2,2017-12-02,2,1,稳定复购用户
189133,1,2017-12-03,1,0,新购买用户
189135,5,2017-12-03,5,0,高频多品类用户
189148,1,2017-12-01,1,2,低频沉睡用户
189159,2,2017-12-03,1,0,稳定复购用户
189165,1,2017-12-02,1,1,新购买用户
189166,5,2017-12-02,5,1,高频多品类用户
189171,2,2017-11-30,2,3,稳定复购用户
189173,4,2017-12-02,4,1,高频多品类用户
189180,1,2017-11-30,1,3,低频沉睡用户
189190,4,2017-11-30,4,3,高频多品类用户
189195,7,2017-11-29,3,4,高频多品类用户
189210,1,2017-11-25,1,8,低频沉睡用户
189219,4,2017-11-30,4,3,高频多品类用户
189220,1,2017-11-29,1,4,低频沉睡用户
189223,1,2017-12-02,1,1,新购买用户
189235,1,2017-11-29,1,4,低频沉睡用户
189236,5,2017-11-30,5,3,高频多品类用户
189238,3,2017-12-03,3,0,高频多品类用户
189242,1,2017-11-29,1,4,低频沉睡用户
189262,2,2017-12-02,2,1,稳定复购用户
189269,1,2017-11-27,1,6,低频沉睡用户
189273,2,2017-12-01,2,2,稳定复购用户
189274,1,2017-11-28,1,5,低频沉睡用户
189276,1,2017-12-03,1,0,新购买用户
189320,1,2017-11-27,1,6,低频沉睡用户
189323,1,2017-11-30,1,3,低频沉睡用户
189328,3,2017-12-03,3,0,高频多品类用户
189334,6,2017-12-02,5,1,高频多品类用户
189342,1,2017-12-02,1,1,新购买用户
189345,4,2017-12-03,4,0,高频多品类用户
189350,1,2017-12-02,1,1,新购买用户
189351,2,2017-11-30,2,3,稳定复购用户
189360,1,2017-11-28,1,5,低频沉睡用户
189365,2,2017-12-03,1,0,稳定复购用户
189391,8,2017-11-30,4,3,高频多品类用户
189397,1,2017-12-01,1,2,低频沉睡用户
189400,1,2017-11-26,1,7,低频沉睡用户
189414,1,2017-11-28,1,5,低频沉睡用户
189417,8,2017-12-03,8,0,高频多品类用户
189428,1,2017-11-25,1,8,低频沉睡用户
189429,1,2017-12-03,1,0,新购买用户
189430,1,2017-12-03,1,0,新购买用户
189433,5,2017-12-01,3,2,高频多品类用户
189439,1,2017-11-28,1,5,低频沉睡用户
189441,3,2017-12-01,3,2,高频多品类用户
189444,2,2017-12-01,2,2,稳定复购用户
189445,1,2017-12-03,1,0,新购买用户
189458,2,2017-11-28,2,5,稳定复购用户
189463,1,2017-11-28,1,5,低频沉睡用户
189472,3,2017-12-02,3,1,高频多品类用户
189476,1,2017-11-27,1,6,低频沉睡用户
189479,4,2017-12-03,3,0,高频多品类用户
189490,2,2017-12-03,2,0,稳定复购用户
189492,5,2017-12-02,4,1,高频多品类用户
189509,4,2017-12-02,3,1,高频多品类用户
189518,1,2017-12-02,1,1,新购买用户
189520,1,2017-12-01,1,2,低频沉睡用户
189548,23,2017-12-03,14,0,高频多品类用户
189562,2,2017-12-02,2,1,稳定复购用户
189565,3,2017-12-03,3,0,高频多品类用户
189573,2,2017-11-29,2,4,稳定复购用户
189579,1,2017-12-01,1,2,低频沉睡用户
189583,5,2017-12-03,4,0,高频多品类用户
189586,2,2017-12-02,2,1,稳定复购用户
189590,1,2017-12-02,1,1,新购买用户
189594,1,2017-12-03,1,0,新购买用户
189603,15,2017-12-03,14,0,高频多品类用户
189624,2,2017-12-02,2,1,稳定复购用户
189625,2,2017-12-02,1,1,稳定复购用户
189628,5,2017-12-03,5,0,高频多品类用户
189636,1,2017-12-02,1,1,新购买用户
189640,1,2017-12-01,1,2,低频沉睡用户
189643,1,2017-12-03,1,0,新购买用户
189644,1,2017-11-30,1,3,低频沉睡用户
189656,2,2017-11-28,2,5,稳定复购用户
189666,2,2017-11-27,2,6,稳定复购用户
189676,1,2017-11-27,1,6,低频沉睡用户
189678,1,2017-12-03,1,0,新购买用户
189681,2,2017-12-03,2,0,稳定复购用户
189687,5,2017-12-03,5,0,高频多品类用户
189690,2,2017-12-03,2,0,稳定复购用户
189691,1,2017-11-28,1,5,低频沉睡用户
189697,1,2017-11-29,1,4,低频沉睡用户
189701,1,2017-11-30,1,3,低频沉睡用户
189707,2,2017-12-01,2,2,稳定复购用户
189714,2,2017-11-29,2,4,稳定复购用户
189718,2,2017-11-30,2,3,稳定复购用户
189734,3,2017-11-29,2,4,高频多品类用户
189739,6,2017-12-03,5,0,高频多品类用户
189747,2,2017-11-29,2,4,稳定复购用户
189750,11,2017-11-30,9,3,高频多品类用户
189754,1,2017-11-29,1,4,低频沉睡用户
189756,2,2017-12-03,2,0,稳定复购用户
189757,3,2017-12-03,3,0,高频多品类用户
189774,1,2017-11-26,1,7,低频沉睡用户
189783,1,2017-11-25,1,8,低频沉睡用户
189785,1,2017-11-26,1,7,低频沉睡用户
189789,9,2017-12-02,8,1,高频多品类用户
189800,3,2017-12-02,3,1,高频多品类用户
189806,1,2017-11-28,1,5,低频沉睡用户
189825,1,2017-11-28,1,5,低频沉睡用户
189831,1,2017-11-29,1,4,低频沉睡用户
189837,4,2017-12-02,4,1,高频多品类用户
189852,4,2017-12-03,3,0,高频多品类用户
189867,3,2017-11-27,3,6,高频多品类用户
189877,1,2017-11-29,1,4,低频沉睡用户
189879,3,2017-11-28,2,5,高频多品类用户
189882,3,2017-11-29,3,4,高频多品类用户
189886,2,2017-11-25,2,8,稳定复购用户
189897,2,2017-12-01,1,2,稳定复购用户
189904,1,2017-11-25,1,8,低频沉睡用户
189911,3,2017-12-03,3,0,高频多品类用户
189925,1,2017-11-29,1,4,低频沉睡用户
189935,6,2017-12-02,3,1,高频多品类用户
189939,1,2017-11-28,1,5,低频沉睡用户
189963,3,2017-12-03,2,0,高频多品类用户
189969,4,2017-11-28,3,5,高频多品类用户
190000,7,2017-11-29,6,4,高频多品类用户
190002,2,2017-12-02,2,1,稳定复购用户
190003,3,2017-12-03,2,0,高频多品类用户
190006,2,2017-11-29,2,4,稳定复购用户
190007,3,2017-12-03,2,0,高频多品类用户
190024,1,2017-11-30,1,3,低频沉睡用户
190026,6,2017-12-03,5,0,高频多品类用户
190027,1,2017-11-28,1,5,低频沉睡用户
190028,2,2017-12-01,2,2,稳定复购用户
190046,3,2017-12-01,3,2,高频多品类用户
190050,2,2017-12-01,2,2,稳定复购用户
190064,4,2017-11-25,4,8,高频多品类用户
190066,2,2017-12-02,2,1,稳定复购用户
190069,3,2017-11-26,3,7,高频多品类用户
190071,1,2017-11-29,1,4,低频沉睡用户
190079,3,2017-12-03,3,0,高频多品类用户
190084,1,2017-11-28,1,5,低频沉睡用户
190091,2,2017-11-29,1,4,稳定复购用户
190094,2,2017-11-29,2,4,稳定复购用户
190098,5,2017-12-01,3,2,高频多品类用户
190105,1,2017-11-29,1,4,低频沉睡用户
190110,3,2017-11-26,3,7,高频多品类用户
190115,1,2017-11-29,1,4,低频沉睡用户
190128,2,2017-11-30,2,3,稳定复购用户
190145,2,2017-12-02,2,1,稳定复购用户
190154,10,2017-12-03,9,0,高频多品类用户
190168,6,2017-12-02,5,1,高频多品类用户
190173,1,2017-11-29,1,4,低频沉睡用户
190180,2,2017-11-30,2,3,稳定复购用户
190185,1,2017-11-26,1,7,低频沉睡用户
190217,2,2017-11-29,2,4,稳定复购用户
190219,7,2017-12-01,7,2,高频多品类用户
190223,5,2017-11-30,5,3,高频多品类用户
190228,6,2017-12-03,5,0,高频多品类用户
190232,11,2017-11-29,8,4,高频多品类用户
190233,2,2017-11-29,1,4,稳定复购用户
190235,2,2017-11-30,2,3,稳定复购用户
190240,1,2017-12-02,1,1,新购买用户
190254,2,2017-12-03,1,0,稳定复购用户
190261,2,2017-11-29,2,4,稳定复购用户
190262,1,2017-11-29,1,4,低频沉睡用户
190264,5,2017-11-29,3,4,高频多品类用户
190270,1,2017-12-01,1,2,低频沉睡用户
190276,1,2017-11-25,1,8,低频沉睡用户
190282,3,2017-11-30,2,3,高频多品类用户
190289,2,2017-12-03,2,0,稳定复购用户
190295,2,2017-11-29,2,4,稳定复购用户
190302,3,2017-11-28,3,5,高频多品类用户
190304,4,2017-11-29,4,4,高频多品类用户
190311,2,2017-12-02,2,1,稳定复购用户
190312,1,2017-11-25,1,8,低频沉睡用户
190313,1,2017-12-02,1,1,新购买用户
190314,4,2017-12-03,4,0,高频多品类用户
190321,3,2017-11-30,2,3,高频多品类用户
190322,1,2017-11-28,1,5,低频沉睡用户
190338,2,2017-12-01,2,2,稳定复购用户
190351,4,2017-12-01,3,2,高频多品类用户
190353,3,2017-12-02,3,1,高频多品类用户
190367,1,2017-11-25,1,8,低频沉睡用户
190371,5,2017-12-03,4,0,高频多品类用户
190382,4,2017-11-30,4,3,高频多品类用户
190383,1,2017-12-01,1,2,低频沉睡用户
190384,2,2017-11-30,1,3,稳定复购用户
190385,2,2017-12-03,1,0,稳定复购用户
190386,3,2017-12-03,3,0,高频多品类用户
190401,1,2017-11-28,1,5,低频沉睡用户
190402,1,2017-12-02,1,1,新购买用户
190412,6,2017-11-27,6,6,高频多品类用户
190447,2,2017-12-01,2,2,稳定复购用户
190452,2,2017-12-03,2,0,稳定复购用户
190462,3,2017-12-02,3,1,高频多品类用户
190466,5,2017-12-03,5,0,高频多品类用户
190467,1,2017-11-30,1,3,低频沉睡用户
190474,9,2017-11-30,5,3,高频多品类用户
190481,3,2017-11-30,3,3,高频多品类用户
190487,2,2017-11-30,2,3,稳定复购用户
190489,2,2017-12-03,1,0,稳定复购用户
190495,1,2017-12-02,1,1,新购买用户
190501,1,2017-12-03,1,0,新购买用户
190505,4,2017-12-03,3,0,高频多品类用户
190507,5,2017-12-03,4,0,高频多品类用户
190515,1,2017-11-30,1,3,低频沉睡用户
190519,1,2017-12-02,1,1,新购买用户
190522,2,2017-11-29,2,4,稳定复购用户
190526,2,2017-12-03,2,0,稳定复购用户
190531,2,2017-11-28,2,5,稳定复购用户
190532,1,2017-11-26,1,7,低频沉睡用户
190549,2,2017-11-27,2,6,稳定复购用户
190551,2,2017-11-30,2,3,稳定复购用户
190567,2,2017-12-03,2,0,稳定复购用户
190573,5,2017-12-02,5,1,高频多品类用户
190575,1,2017-11-25,1,8,低频沉睡用户
190583,1,2017-11-28,1,5,低频沉睡用户
190586,2,2017-12-01,1,2,稳定复购用户
190598,2,2017-12-02,2,1,稳定复购用户
190603,10,2017-12-02,4,1,高频多品类用户
190606,1,2017-11-26,1,7,低频沉睡用户
190615,3,2017-11-30,3,3,高频多品类用户
190621,2,2017-12-03,2,0,稳定复购用户
190626,4,2017-12-02,4,1,高频多品类用户
190630,1,2017-11-29,1,4,低频沉睡用户
190635,1,2017-11-28,1,5,低频沉睡用户
190652,1,2017-12-02,1,1,新购买用户
190655,2,2017-11-30,2,3,稳定复购用户
190657,2,2017-11-30,2,3,稳定复购用户
190679,1,2017-11-26,1,7,低频沉睡用户
190684,2,2017-11-28,2,5,稳定复购用户
190691,1,2017-12-02,1,1,新购买用户
190693,4,2017-11-26,3,7,高频多品类用户
190694,5,2017-12-01,5,2,高频多品类用户
190697,5,2017-12-03,5,0,高频多品类用户
190700,2,2017-12-03,2,0,稳定复购用户
190709,6,2017-12-03,6,0,高频多品类用户
190711,1,2017-11-30,1,3,低频沉睡用户
190712,10,2017-12-02,10,1,高频多品类用户
190727,2,2017-11-29,2,4,稳定复购用户
190728,5,2017-11-29,2,4,高频多品类用户
190745,2,2017-12-03,2,0,稳定复购用户
190768,1,2017-12-02,1,1,新购买用户
190771,12,2017-12-02,11,1,高频多品类用户
190777,1,2017-12-02,1,1,新购买用户
190781,3,2017-11-30,2,3,高频多品类用户
190783,5,2017-12-02,4,1,高频多品类用户
190788,3,2017-12-02,3,1,高频多品类用户
190792,2,2017-11-30,2,3,稳定复购用户
190802,12,2017-12-02,10,1,高频多品类用户
190814,2,2017-12-02,2,1,稳定复购用户
190815,5,2017-12-03,5,0,高频多品类用户
190818,1,2017-12-01,1,2,低频沉睡用户
190819,3,2017-12-01,3,2,高频多品类用户
190827,4,2017-12-02,4,1,高频多品类用户
190834,2,2017-11-28,2,5,稳定复购用户
190839,2,2017-12-02,2,1,稳定复购用户
190846,1,2017-12-01,1,2,低频沉睡用户
190848,1,2017-11-27,1,6,低频沉睡用户
190852,3,2017-12-01,3,2,高频多品类用户
190857,7,2017-12-03,6,0,高频多品类用户
190871,1,2017-12-03,1,0,新购买用户
190873,61,2017-12-03,26,0,高频多品类用户
190876,4,2017-11-28,4,5,高频多品类用户
190889,2,2017-11-29,2,4,稳定复购用户
190891,1,2017-11-27,1,6,低频沉睡用户
190904,1,2017-11-29,1,4,低频沉睡用户
190909,5,2017-12-02,5,1,高频多品类用户
190912,1,2017-11-29,1,4,低频沉睡用户
190932,1,2017-12-02,1,1,新购买用户
190937,1,2017-12-03,1,0,新购买用户
190940,2,2017-11-25,1,8,稳定复购用户
190941,3,2017-12-03,3,0,高频多品类用户
190942,5,2017-11-30,5,3,高频多品类用户
190943,4,2017-12-01,4,2,高频多品类用户
190965,3,2017-11-26,3,7,高频多品类用户
190971,7,2017-12-01,7,2,高频多品类用户
190985,3,2017-12-01,3,2,高频多品类用户
190992,5,2017-11-30,4,3,高频多品类用户
191007,2,2017-11-30,1,3,稳定复购用户
191008,3,2017-12-01,1,2,稳定复购用户
191017,6,2017-12-02,2,1,高频多品类用户
191021,1,2017-12-02,1,1,新购买用户
191027,3,2017-11-27,3,6,高频多品类用户
191031,1,2017-11-30,1,3,低频沉睡用户
191037,3,2017-12-01,1,2,稳定复购用户
191044,2,2017-11-28,2,5,稳定复购用户
191057,2,2017-11-29,2,4,稳定复购用户
191058,1,2017-12-02,1,1,新购买用户
191069,5,2017-11-29,2,4,高频多品类用户
191075,7,2017-11-27,2,6,高频多品类用户
191096,1,2017-11-26,1,7,低频沉睡用户
191122,5,2017-12-02,4,1,高频多品类用户
191135,6,2017-12-03,6,0,高频多品类用户
191150,5,2017-12-03,4,0,高频多品类用户
191154,3,2017-12-03,3,0,高频多品类用户
191165,1,2017-12-03,1,0,新购买用户
191169,3,2017-12-03,3,0,高频多品类用户
191170,7,2017-12-02,6,1,高频多品类用户
191172,1,2017-11-28,1,5,低频沉睡用户
191176,1,2017-11-30,1,3,低频沉睡用户
191185,4,2017-11-30,3,3,高频多品类用户
191189,1,2017-12-02,1,1,新购买用户
191194,4,2017-12-02,4,1,高频多品类用户
191198,2,2017-12-03,2,0,稳定复购用户
191205,1,2017-11-27,1,6,低频沉睡用户
191206,6,2017-12-03,6,0,高频多品类用户
191232,7,2017-11-30,4,3,高频多品类用户
191265,5,2017-12-01,4,2,高频多品类用户
191268,5,2017-12-01,5,2,高频多品类用户
191275,1,2017-11-28,1,5,低频沉睡用户
191277,4,2017-12-03,2,0,高频多品类用户
191280,3,2017-12-03,3,0,高频多品类用户
191283,2,2017-11-28,2,5,稳定复购用户
191285,5,2017-11-29,5,4,高频多品类用户
191305,1,2017-11-30,1,3,低频沉睡用户
191312,7,2017-12-03,5,0,高频多品类用户
191317,2,2017-12-03,2,0,稳定复购用户
191324,5,2017-12-03,5,0,高频多品类用户
191328,1,2017-11-26,1,7,低频沉睡用户
191329,4,2017-11-30,4,3,高频多品类用户
191331,5,2017-12-01,5,2,高频多品类用户
191353,1,2017-11-29,1,4,低频沉睡用户
191357,4,2017-12-01,3,2,高频多品类用户
191359,2,2017-11-30,2,3,稳定复购用户
191362,2,2017-11-30,2,3,稳定复购用户
191368,1,2017-12-02,1,1,新购买用户
191370,1,2017-12-01,1,2,低频沉睡用户
191371,1,2017-11-27,1,6,低频沉睡用户
191372,2,2017-11-28,2,5,稳定复购用户
191373,10,2017-12-02,7,1,高频多品类用户
191389,2,2017-11-28,1,5,稳定复购用户
191393,1,2017-12-02,1,1,新购买用户
191394,1,2017-11-28,1,5,低频沉睡用户
191400,10,2017-12-01,9,2,高频多品类用户
191402,6,2017-11-29,6,4,高频多品类用户
191407,6,2017-12-03,6,0,高频多品类用户
191413,2,2017-11-28,2,5,稳定复购用户
191416,1,2017-12-02,1,1,新购买用户
191423,1,2017-12-02,1,1,新购买用户
191428,5,2017-11-30,5,3,高频多品类用户
191433,1,2017-12-03,1,0,新购买用户
191469,3,2017-11-30,2,3,高频多品类用户
191485,2,2017-11-30,1,3,稳定复购用户
191492,2,2017-12-02,2,1,稳定复购用户
191495,12,2017-12-03,11,0,高频多品类用户
191499,2,2017-12-01,2,2,稳定复购用户
191506,2,2017-12-02,2,1,稳定复购用户
191508,1,2017-11-27,1,6,低频沉睡用户
191510,1,2017-11-28,1,5,低频沉睡用户
191523,1,2017-12-03,1,0,新购买用户
191530,3,2017-11-29,3,4,高频多品类用户
191549,1,2017-11-30,1,3,低频沉睡用户
191551,1,2017-12-02,1,1,新购买用户
191552,1,2017-12-02,1,1,新购买用户
191557,2,2017-11-30,1,3,稳定复购用户
191566,7,2017-12-02,6,1,高频多品类用户
191569,1,2017-11-30,1,3,低频沉睡用户
191589,2,2017-12-01,2,2,稳定复购用户
191609,1,2017-11-25,1,8,低频沉睡用户
191612,3,2017-12-03,3,0,高频多品类用户
191623,1,2017-12-01,1,2,低频沉睡用户
191624,4,2017-11-29,4,4,高频多品类用户
191626,3,2017-12-02,3,1,高频多品类用户
191643,2,2017-11-28,1,5,稳定复购用户
191645,1,2017-12-03,1,0,新购买用户
191649,11,2017-12-03,9,0,高频多品类用户
191662,4,2017-12-01,4,2,高频多品类用户
191666,2,2017-12-02,1,1,稳定复购用户
191668,4,2017-12-02,3,1,高频多品类用户
191671,1,2017-11-26,1,7,低频沉睡用户
191693,3,2017-12-03,3,0,高频多品类用户
191696,1,2017-11-30,1,3,低频沉睡用户
191698,1,2017-11-27,1,6,低频沉睡用户
191701,7,2017-11-29,6,4,高频多品类用户
191706,5,2017-12-02,4,1,高频多品类用户
191709,4,2017-11-30,4,3,高频多品类用户
191713,2,2017-11-28,1,5,稳定复购用户
191717,4,2017-12-02,4,1,高频多品类用户
191719,1,2017-11-25,1,8,低频沉睡用户
191722,1,2017-11-28,1,5,低频沉睡用户
191724,1,2017-11-27,1,6,低频沉睡用户
191731,4,2017-12-03,3,0,高频多品类用户
191732,3,2017-12-02,2,1,高频多品类用户
191738,6,2017-12-03,6,0,高频多品类用户
191741,12,2017-12-03,10,0,高频多品类用户
191750,2,2017-12-03,2,0,稳定复购用户
191756,10,2017-12-03,9,0,高频多品类用户
191765,2,2017-12-03,2,0,稳定复购用户
191766,2,2017-11-25,1,8,稳定复购用户
191776,4,2017-12-01,4,2,高频多品类用户
191777,4,2017-11-30,4,3,高频多品类用户
191780,2,2017-12-01,2,2,稳定复购用户
191784,1,2017-12-03,1,0,新购买用户
191793,1,2017-12-03,1,0,新购买用户
191795,3,2017-12-02,3,1,高频多品类用户
191807,1,2017-11-29,1,4,低频沉睡用户
191808,1,2017-11-25,1,8,低频沉睡用户
191811,1,2017-11-28,1,5,低频沉睡用户
191813,1,2017-12-03,1,0,新购买用户
191817,3,2017-12-02,3,1,高频多品类用户
191819,6,2017-12-01,5,2,高频多品类用户
191824,2,2017-12-03,2,0,稳定复购用户
191827,1,2017-12-02,1,1,新购买用户
191830,1,2017-11-26,1,7,低频沉睡用户
191832,4,2017-12-02,4,1,高频多品类用户
191839,1,2017-12-02,1,1,新购买用户
191846,3,2017-12-01,3,2,高频多品类用户
191854,1,2017-11-25,1,8,低频沉睡用户
191870,2,2017-12-03,2,0,稳定复购用户
191872,1,2017-11-30,1,3,低频沉睡用户
191879,5,2017-12-02,4,1,高频多品类用户
191880,3,2017-11-30,3,3,高频多品类用户
191881,1,2017-12-03,1,0,新购买用户
191883,2,2017-11-28,2,5,稳定复购用户
191905,4,2017-12-03,4,0,高频多品类用户
191913,1,2017-12-03,1,0,新购买用户
191915,4,2017-12-02,3,1,高频多品类用户
191919,3,2017-12-01,3,2,高频多品类用户
191929,1,2017-12-02,1,1,新购买用户
191930,3,2017-12-02,3,1,高频多品类用户
191947,8,2017-12-03,5,0,高频多品类用户
191953,1,2017-11-29,1,4,低频沉睡用户
191956,2,2017-12-03,2,0,稳定复购用户
191957,1,2017-12-03,1,0,新购买用户
191967,2,2017-12-03,2,0,稳定复购用户
191969,9,2017-12-03,9,0,高频多品类用户
191974,1,2017-12-02,1,1,新购买用户
191975,1,2017-11-29,1,4,低频沉睡用户
191978,1,2017-12-02,1,1,新购买用户
191982,2,2017-12-03,2,0,稳定复购用户
191983,1,2017-11-29,1,4,低频沉睡用户
192007,6,2017-12-02,6,1,高频多品类用户
192020,3,2017-11-27,1,6,稳定复购用户
192037,1,2017-11-25,1,8,低频沉睡用户
192047,1,2017-11-28,1,5,低频沉睡用户
192081,1,2017-12-02,1,1,新购买用户
192082,2,2017-12-03,2,0,稳定复购用户
192086,5,2017-12-03,4,0,高频多品类用户
192106,3,2017-12-03,2,0,高频多品类用户
192107,4,2017-12-02,4,1,高频多品类用户
192117,2,2017-11-27,2,6,稳定复购用户
192125,4,2017-12-02,4,1,高频多品类用户
192130,2,2017-12-02,1,1,稳定复购用户
192133,6,2017-12-03,5,0,高频多品类用户
192146,5,2017-12-03,4,0,高频多品类用户
192166,6,2017-12-02,4,1,高频多品类用户
192168,2,2017-11-29,2,4,稳定复购用户
192185,3,2017-12-01,3,2,高频多品类用户
192186,2,2017-11-29,1,4,稳定复购用户
192190,1,2017-11-26,1,7,低频沉睡用户
192215,2,2017-12-03,2,0,稳定复购用户
192220,7,2017-12-03,7,0,高频多品类用户
192239,1,2017-12-03,1,0,新购买用户
192243,3,2017-12-02,3,1,高频多品类用户
192247,1,2017-12-02,1,1,新购买用户
192250,1,2017-12-03,1,0,新购买用户
192255,1,2017-11-26,1,7,低频沉睡用户
192260,2,2017-11-27,2,6,稳定复购用户
192267,1,2017-11-27,1,6,低频沉睡用户
192272,6,2017-11-29,6,4,高频多品类用户
192278,1,2017-11-25,1,8,低频沉睡用户
192279,6,2017-12-02,4,1,高频多品类用户
192280,4,2017-12-02,4,1,高频多品类用户
192289,2,2017-12-03,2,0,稳定复购用户
192292,1,2017-11-30,1,3,低频沉睡用户
192295,6,2017-12-02,6,1,高频多品类用户
192310,25,2017-12-03,10,0,高频多品类用户
192319,1,2017-12-03,1,0,新购买用户
192338,8,2017-12-02,7,1,高频多品类用户
192342,1,2017-11-26,1,7,低频沉睡用户
192362,2,2017-12-03,2,0,稳定复购用户
192378,1,2017-11-26,1,7,低频沉睡用户
192393,6,2017-12-03,5,0,高频多品类用户
192394,4,2017-11-30,4,3,高频多品类用户
192395,3,2017-12-02,3,1,高频多品类用户
192396,3,2017-12-02,3,1,高频多品类用户
192400,1,2017-11-26,1,7,低频沉睡用户
192407,1,2017-11-30,1,3,低频沉睡用户
192418,2,2017-12-03,2,0,稳定复购用户
192442,2,2017-12-02,2,1,稳定复购用户
192446,2,2017-12-03,2,0,稳定复购用户
192450,1,2017-12-03,1,0,新购买用户
192466,8,2017-12-01,8,2,高频多品类用户
192473,3,2017-12-03,2,0,高频多品类用户
192475,1,2017-12-01,1,2,低频沉睡用户
192476,1,2017-12-03,1,0,新购买用户
192485,4,2017-12-02,4,1,高频多品类用户
192488,5,2017-12-03,4,0,高频多品类用户
192493,1,2017-11-25,1,8,低频沉睡用户
192497,1,2017-11-29,1,4,低频沉睡用户
192510,2,2017-12-02,2,1,稳定复购用户
192511,7,2017-12-02,6,1,高频多品类用户
192515,2,2017-12-03,2,0,稳定复购用户
192517,5,2017-12-03,4,0,高频多品类用户
192530,3,2017-12-01,3,2,高频多品类用户
192559,4,2017-12-02,1,1,稳定复购用户
192562,1,2017-11-28,1,5,低频沉睡用户
192563,17,2017-12-03,14,0,高频多品类用户
192567,2,2017-12-03,2,0,稳定复购用户
192572,18,2017-12-03,15,0,高频多品类用户
192574,1,2017-11-29,1,4,低频沉睡用户
192576,14,2017-12-01,7,2,高频多品类用户
192578,2,2017-12-03,2,0,稳定复购用户
192582,3,2017-12-03,3,0,高频多品类用户
192601,2,2017-12-01,2,2,稳定复购用户
192610,3,2017-12-03,3,0,高频多品类用户
192617,2,2017-12-01,1,2,稳定复购用户
192625,1,2017-11-30,1,3,低频沉睡用户
192626,5,2017-11-30,2,3,高频多品类用户
192627,8,2017-12-03,7,0,高频多品类用户
192634,5,2017-12-02,5,1,高频多品类用户
192635,1,2017-12-03,1,0,新购买用户
192642,1,2017-11-29,1,4,低频沉睡用户
192656,2,2017-12-03,1,0,稳定复购用户
192661,1,2017-11-27,1,6,低频沉睡用户
192675,3,2017-12-02,3,1,高频多品类用户
192676,1,2017-12-03,1,0,新购买用户
192680,2,2017-12-02,2,1,稳定复购用户
192681,2,2017-12-03,2,0,稳定复购用户
192682,2,2017-12-01,2,2,稳定复购用户
192687,2,2017-11-27,2,6,稳定复购用户
192689,4,2017-11-29,3,4,高频多品类用户
192690,1,2017-12-01,1,2,低频沉睡用户
192701,4,2017-11-29,3,4,高频多品类用户
192702,1,2017-11-25,1,8,低频沉睡用户
192704,3,2017-12-03,3,0,高频多品类用户
192713,5,2017-11-30,4,3,高频多品类用户
192721,2,2017-12-03,1,0,稳定复购用户
192725,3,2017-12-03,3,0,高频多品类用户
192734,2,2017-12-03,2,0,稳定复购用户
192742,2,2017-11-25,2,8,稳定复购用户
192748,1,2017-11-29,1,4,低频沉睡用户
192760,1,2017-11-27,1,6,低频沉睡用户
192761,1,2017-12-03,1,0,新购买用户
192774,1,2017-11-25,1,8,低频沉睡用户
192792,6,2017-12-03,4,0,高频多品类用户
192817,1,2017-11-25,1,8,低频沉睡用户
192825,1,2017-12-03,1,0,新购买用户
192833,2,2017-11-28,2,5,稳定复购用户
192844,2,2017-12-02,1,1,稳定复购用户
192846,6,2017-12-01,6,2,高频多品类用户
192849,1,2017-11-29,1,4,低频沉睡用户
192850,1,2017-11-28,1,5,低频沉睡用户
192854,2,2017-11-30,2,3,稳定复购用户
192856,2,2017-11-26,2,7,稳定复购用户
192857,1,2017-12-03,1,0,新购买用户
192859,3,2017-12-02,3,1,高频多品类用户
192861,1,2017-12-01,1,2,低频沉睡用户
192875,1,2017-11-29,1,4,低频沉睡用户
192886,5,2017-12-02,5,1,高频多品类用户
192890,1,2017-11-28,1,5,低频沉睡用户
192891,2,2017-11-30,2,3,稳定复购用户
192902,1,2017-12-03,1,0,新购买用户
192906,2,2017-12-03,1,0,稳定复购用户
192909,1,2017-12-02,1,1,新购买用户
192914,2,2017-12-01,1,2,稳定复购用户
192924,3,2017-12-02,3,1,高频多品类用户
192925,1,2017-11-25,1,8,低频沉睡用户
192926,1,2017-12-02,1,1,新购买用户
192929,2,2017-12-03,1,0,稳定复购用户
192936,1,2017-11-26,1,7,低频沉睡用户
192958,1,2017-12-03,1,0,新购买用户
192959,1,2017-11-30,1,3,低频沉睡用户
192962,3,2017-12-02,3,1,高频多品类用户
192965,1,2017-11-30,1,3,低频沉睡用户
192974,2,2017-12-02,1,1,稳定复购用户
192985,2,2017-12-03,2,0,稳定复购用户
193003,1,2017-11-28,1,5,低频沉睡用户
193023,2,2017-11-29,2,4,稳定复购用户
193048,5,2017-11-27,3,6,高频多品类用户
193051,10,2017-12-03,10,0,高频多品类用户
193054,5,2017-12-02,5,1,高频多品类用户
193074,1,2017-11-29,1,4,低频沉睡用户
193081,1,2017-11-29,1,4,低频沉睡用户
193094,1,2017-11-25,1,8,低频沉睡用户
193098,1,2017-11-30,1,3,低频沉睡用户
193110,2,2017-11-30,2,3,稳定复购用户
193111,13,2017-12-02,7,1,高频多品类用户
193123,3,2017-11-29,3,4,高频多品类用户
193125,1,2017-12-02,1,1,新购买用户
193127,6,2017-12-02,5,1,高频多品类用户
193135,2,2017-12-02,2,1,稳定复购用户
193147,4,2017-12-02,3,1,高频多品类用户
193149,4,2017-12-02,4,1,高频多品类用户
193152,1,2017-11-29,1,4,低频沉睡用户
193153,2,2017-12-01,2,2,稳定复购用户
193157,3,2017-12-03,2,0,高频多品类用户
193174,2,2017-11-30,2,3,稳定复购用户
193175,1,2017-11-25,1,8,低频沉睡用户
193186,6,2017-12-03,5,0,高频多品类用户
193187,1,2017-12-02,1,1,新购买用户
193192,2,2017-12-01,2,2,稳定复购用户
193198,5,2017-11-28,3,5,高频多品类用户
193206,1,2017-11-26,1,7,低频沉睡用户
193208,8,2017-12-02,8,1,高频多品类用户
193210,4,2017-12-02,3,1,高频多品类用户
193211,1,2017-11-28,1,5,低频沉睡用户
193222,1,2017-12-01,1,2,低频沉睡用户
193231,4,2017-12-03,3,0,高频多品类用户
193233,1,2017-11-29,1,4,低频沉睡用户
193251,1,2017-12-01,1,2,低频沉睡用户
193261,2,2017-12-01,2,2,稳定复购用户
193275,4,2017-12-03,3,0,高频多品类用户
193284,1,2017-11-30,1,3,低频沉睡用户
193287,2,2017-12-03,1,0,稳定复购用户
193289,2,2017-11-27,2,6,稳定复购用户
193309,1,2017-11-27,1,6,低频沉睡用户
193321,3,2017-12-02,3,1,高频多品类用户
193327,3,2017-12-03,3,0,高频多品类用户
193356,1,2017-11-26,1,7,低频沉睡用户
193375,5,2017-12-01,5,2,高频多品类用户
193379,11,2017-11-27,6,6,高频多品类用户
193381,1,2017-11-25,1,8,低频沉睡用户
193390,2,2017-12-02,2,1,稳定复购用户
193391,1,2017-11-29,1,4,低频沉睡用户
193409,1,2017-11-26,1,7,低频沉睡用户
193419,3,2017-11-30,3,3,高频多品类用户
193428,1,2017-11-27,1,6,低频沉睡用户
193432,2,2017-12-02,1,1,稳定复购用户
193441,2,2017-11-29,2,4,稳定复购用户
193449,2,2017-12-03,2,0,稳定复购用户
193450,4,2017-11-30,4,3,高频多品类用户
193451,3,2017-11-30,3,3,高频多品类用户
193456,1,2017-11-26,1,7,低频沉睡用户
193464,2,2017-11-25,2,8,稳定复购用户
193476,2,2017-12-03,2,0,稳定复购用户
193489,2,2017-12-02,2,1,稳定复购用户
193492,3,2017-11-27,3,6,高频多品类用户
193503,2,2017-11-25,2,8,稳定复购用户
193505,6,2017-12-03,6,0,高频多品类用户
193526,6,2017-12-02,5,1,高频多品类用户
193533,2,2017-11-30,2,3,稳定复购用户
193545,3,2017-11-28,3,5,高频多品类用户
193551,1,2017-12-01,1,2,低频沉睡用户
193555,2,2017-11-28,2,5,稳定复购用户
193559,7,2017-12-03,7,0,高频多品类用户
193564,2,2017-12-01,2,2,稳定复购用户
193571,1,2017-11-30,1,3,低频沉睡用户
193573,3,2017-12-03,3,0,高频多品类用户
193574,2,2017-12-03,1,0,稳定复购用户
193583,1,2017-11-30,1,3,低频沉睡用户
193587,5,2017-11-30,4,3,高频多品类用户
193599,5,2017-12-03,4,0,高频多品类用户
193600,5,2017-12-02,3,1,高频多品类用户
193606,6,2017-11-30,4,3,高频多品类用户
193609,3,2017-12-03,3,0,高频多品类用户
193637,1,2017-11-28,1,5,低频沉睡用户
193641,3,2017-12-02,2,1,高频多品类用户
193646,1,2017-11-27,1,6,低频沉睡用户
193656,6,2017-12-03,6,0,高频多品类用户
193670,2,2017-11-27,2,6,稳定复购用户
193673,13,2017-12-02,5,1,高频多品类用户
193685,3,2017-12-03,2,0,高频多品类用户
193689,1,2017-12-02,1,1,新购买用户
193699,2,2017-11-27,2,6,稳定复购用户
193716,1,2017-11-30,1,3,低频沉睡用户
193719,1,2017-12-02,1,1,新购买用户
193722,2,2017-12-02,2,1,稳定复购用户
193735,1,2017-12-02,1,1,新购买用户
193736,9,2017-12-02,8,1,高频多品类用户
193737,6,2017-12-02,6,1,高频多品类用户
193753,4,2017-12-03,3,0,高频多品类用户
193769,2,2017-11-27,2,6,稳定复购用户
193772,1,2017-11-27,1,6,低频沉睡用户
193775,3,2017-12-02,2,1,高频多品类用户
193781,1,2017-12-02,1,1,新购买用户
193785,1,2017-11-26,1,7,低频沉睡用户
193791,1,2017-12-02,1,1,新购买用户
193795,8,2017-12-01,8,2,高频多品类用户
193802,4,2017-11-30,4,3,高频多品类用户
193810,7,2017-12-01,2,2,高频多品类用户
193817,2,2017-12-01,2,2,稳定复购用户
193863,1,2017-12-02,1,1,新购买用户
193872,1,2017-11-30,1,3,低频沉睡用户
193878,4,2017-12-03,4,0,高频多品类用户
193881,1,2017-11-30,1,3,低频沉睡用户
193885,1,2017-12-02,1,1,新购买用户
193891,3,2017-11-29,2,4,高频多品类用户
193902,1,2017-12-02,1,1,新购买用户
193924,3,2017-12-02,3,1,高频多品类用户
193927,1,2017-12-01,1,2,低频沉睡用户
193930,2,2017-11-27,2,6,稳定复购用户
193931,1,2017-11-30,1,3,低频沉睡用户
193933,1,2017-11-29,1,4,低频沉睡用户
193934,1,2017-11-28,1,5,低频沉睡用户
193942,7,2017-11-30,6,3,高频多品类用户
193948,1,2017-11-28,1,5,低频沉睡用户
193985,1,2017-12-01,1,2,低频沉睡用户
193989,5,2017-12-02,4,1,高频多品类用户
193994,1,2017-12-02,1,1,新购买用户
194000,4,2017-12-02,3,1,高频多品类用户
194004,3,2017-11-30,2,3,高频多品类用户
194010,1,2017-12-03,1,0,新购买用户
194011,1,2017-11-28,1,5,低频沉睡用户
194013,3,2017-12-03,3,0,高频多品类用户
194014,3,2017-12-03,3,0,高频多品类用户
194016,3,2017-11-29,3,4,高频多品类用户
194033,1,2017-11-27,1,6,低频沉睡用户
194043,2,2017-11-26,2,7,稳定复购用户
194045,1,2017-12-03,1,0,新购买用户
194046,1,2017-11-25,1,8,低频沉睡用户
194048,1,2017-12-02,1,1,新购买用户
194070,2,2017-11-28,2,5,稳定复购用户
194073,4,2017-12-01,4,2,高频多品类用户
194094,7,2017-12-02,7,1,高频多品类用户
194096,6,2017-12-02,6,1,高频多品类用户
194098,5,2017-12-03,4,0,高频多品类用户
194103,1,2017-11-27,1,6,低频沉睡用户
194109,3,2017-12-02,3,1,高频多品类用户
194120,2,2017-11-29,2,4,稳定复购用户
194130,1,2017-11-29,1,4,低频沉睡用户
194131,1,2017-12-02,1,1,新购买用户
194139,3,2017-11-30,3,3,高频多品类用户
194148,3,2017-11-28,2,5,高频多品类用户
194164,10,2017-12-03,8,0,高频多品类用户
194193,3,2017-11-30,3,3,高频多品类用户
194195,1,2017-11-28,1,5,低频沉睡用户
194199,2,2017-11-27,2,6,稳定复购用户
194213,3,2017-12-02,3,1,高频多品类用户
194219,6,2017-11-29,4,4,高频多品类用户
194227,4,2017-11-28,4,5,高频多品类用户
194228,3,2017-12-01,3,2,高频多品类用户
194229,4,2017-11-30,4,3,高频多品类用户
194234,4,2017-12-02,3,1,高频多品类用户
194235,1,2017-11-25,1,8,低频沉睡用户
194238,3,2017-12-02,2,1,高频多品类用户
194240,1,2017-11-25,1,8,低频沉睡用户
194244,2,2017-12-01,2,2,稳定复购用户
194250,1,2017-11-30,1,3,低频沉睡用户
194263,1,2017-12-03,1,0,新购买用户
194265,1,2017-12-02,1,1,新购买用户
194266,2,2017-11-28,1,5,稳定复购用户
194281,1,2017-12-02,1,1,新购买用户
194283,3,2017-12-02,3,1,高频多品类用户
194294,1,2017-11-30,1,3,低频沉睡用户
194315,1,2017-11-25,1,8,低频沉睡用户
194325,3,2017-11-26,1,7,稳定复购用户
194356,5,2017-12-03,5,0,高频多品类用户
194365,3,2017-12-03,3,0,高频多品类用户
194371,1,2017-11-29,1,4,低频沉睡用户
194375,2,2017-12-02,2,1,稳定复购用户
194376,2,2017-11-29,2,4,稳定复购用户
194381,2,2017-11-29,2,4,稳定复购用户
194389,2,2017-12-02,2,1,稳定复购用户
194402,1,2017-11-28,1,5,低频沉睡用户
194410,1,2017-12-02,1,1,新购买用户
194422,2,2017-12-03,2,0,稳定复购用户
194428,3,2017-11-29,2,4,高频多品类用户
194431,1,2017-11-25,1,8,低频沉睡用户
194432,1,2017-11-28,1,5,低频沉睡用户
194433,1,2017-11-26,1,7,低频沉睡用户
194434,3,2017-11-26,2,7,高频多品类用户
194435,2,2017-12-02,2,1,稳定复购用户
194437,5,2017-12-03,4,0,高频多品类用户
194446,4,2017-12-01,4,2,高频多品类用户
194451,1,2017-12-02,1,1,新购买用户
194452,7,2017-12-01,6,2,高频多品类用户
194462,3,2017-12-03,3,0,高频多品类用户
194471,2,2017-11-27,2,6,稳定复购用户
194475,1,2017-12-01,1,2,低频沉睡用户
194476,9,2017-12-02,8,1,高频多品类用户
194486,2,2017-11-29,2,4,稳定复购用户
194489,1,2017-12-01,1,2,低频沉睡用户
194491,1,2017-12-03,1,0,新购买用户
194498,2,2017-12-03,2,0,稳定复购用户
194511,1,2017-11-29,1,4,低频沉睡用户
194519,1,2017-11-27,1,6,低频沉睡用户
194534,6,2017-11-30,4,3,高频多品类用户
194547,6,2017-11-30,5,3,高频多品类用户
194553,4,2017-11-29,4,4,高频多品类用户
194570,1,2017-12-03,1,0,新购买用户
194587,1,2017-12-03,1,0,新购买用户
194593,4,2017-12-03,4,0,高频多品类用户
194603,1,2017-12-01,1,2,低频沉睡用户
194605,3,2017-11-30,3,3,高频多品类用户
194634,1,2017-11-28,1,5,低频沉睡用户
194637,6,2017-12-01,2,2,高频多品类用户
194643,1,2017-11-26,1,7,低频沉睡用户
194652,3,2017-11-29,3,4,高频多品类用户
194662,2,2017-12-02,2,1,稳定复购用户
194663,8,2017-12-01,8,2,高频多品类用户
194677,1,2017-11-29,1,4,低频沉睡用户
194682,1,2017-12-01,1,2,低频沉睡用户
194688,2,2017-12-03,2,0,稳定复购用户
194693,1,2017-11-27,1,6,低频沉睡用户
194700,4,2017-11-30,3,3,高频多品类用户
194719,1,2017-11-29,1,4,低频沉睡用户
194721,5,2017-12-02,4,1,高频多品类用户
194723,3,2017-11-30,3,3,高频多品类用户
194727,1,2017-12-03,1,0,新购买用户
194733,2,2017-12-03,2,0,稳定复购用户
194748,2,2017-11-28,2,5,稳定复购用户
194757,8,2017-12-03,7,0,高频多品类用户
194763,2,2017-11-29,1,4,稳定复购用户
194765,2,2017-11-29,2,4,稳定复购用户
194770,1,2017-11-30,1,3,低频沉睡用户
194783,3,2017-12-01,3,2,高频多品类用户
194785,3,2017-12-02,2,1,高频多品类用户
194788,5,2017-12-03,4,0,高频多品类用户
194805,1,2017-12-01,1,2,低频沉睡用户
194809,2,2017-11-30,2,3,稳定复购用户
194819,1,2017-11-28,1,5,低频沉睡用户
194828,6,2017-12-02,4,1,高频多品类用户
194848,1,2017-11-26,1,7,低频沉睡用户
194856,6,2017-12-02,5,1,高频多品类用户
194862,1,2017-11-26,1,7,低频沉睡用户
194864,2,2017-12-03,2,0,稳定复购用户
194865,1,2017-12-02,1,1,新购买用户
194868,1,2017-11-29,1,4,低频沉睡用户
194888,1,2017-11-27,1,6,低频沉睡用户
194895,3,2017-11-28,3,5,高频多品类用户
194897,3,2017-12-03,3,0,高频多品类用户
194898,3,2017-11-29,3,4,高频多品类用户
194900,2,2017-12-02,2,1,稳定复购用户
194902,1,2017-12-02,1,1,新购买用户
194903,2,2017-11-29,2,4,稳定复购用户
194907,1,2017-12-01,1,2,低频沉睡用户
194910,5,2017-11-30,5,3,高频多品类用户
194916,1,2017-11-29,1,4,低频沉睡用户
194921,1,2017-12-02,1,1,新购买用户
194926,1,2017-12-02,1,1,新购买用户
194955,1,2017-11-28,1,5,低频沉睡用户
194956,7,2017-12-01,5,2,高频多品类用户
194957,1,2017-12-02,1,1,新购买用户
194960,4,2017-11-28,3,5,高频多品类用户
194972,3,2017-12-03,3,0,高频多品类用户
194990,1,2017-12-02,1,1,新购买用户
194992,1,2017-11-28,1,5,低频沉睡用户
194994,5,2017-12-02,5,1,高频多品类用户
194995,2,2017-12-03,2,0,稳定复购用户
194998,3,2017-12-03,3,0,高频多品类用户
195039,9,2017-12-03,5,0,高频多品类用户
195054,1,2017-11-30,1,3,低频沉睡用户
195059,3,2017-12-02,3,1,高频多品类用户
195073,3,2017-11-30,3,3,高频多品类用户
195082,3,2017-11-30,3,3,高频多品类用户
195087,1,2017-11-28,1,5,低频沉睡用户
195091,12,2017-12-02,9,1,高频多品类用户
195096,7,2017-12-02,6,1,高频多品类用户
195101,1,2017-11-29,1,4,低频沉睡用户
195104,6,2017-12-03,6,0,高频多品类用户
195126,4,2017-11-29,1,4,稳定复购用户
195127,1,2017-11-29,1,4,低频沉睡用户
195128,1,2017-11-26,1,7,低频沉睡用户
195143,4,2017-12-03,4,0,高频多品类用户
195167,2,2017-12-02,2,1,稳定复购用户
195173,2,2017-11-28,2,5,稳定复购用户
195181,3,2017-12-03,2,0,高频多品类用户
195184,2,2017-12-01,2,2,稳定复购用户
195211,1,2017-11-26,1,7,低频沉睡用户
195218,10,2017-12-02,9,1,高频多品类用户
195219,4,2017-12-01,2,2,高频多品类用户
195221,1,2017-12-01,1,2,低频沉睡用户
195225,1,2017-11-26,1,7,低频沉睡用户
195246,1,2017-11-27,1,6,低频沉睡用户
195247,1,2017-11-30,1,3,低频沉睡用户
195262,1,2017-12-02,1,1,新购买用户
195273,6,2017-12-01,5,2,高频多品类用户
195274,3,2017-12-01,3,2,高频多品类用户
195275,2,2017-11-26,2,7,稳定复购用户
195278,1,2017-11-27,1,6,低频沉睡用户
195283,1,2017-12-02,1,1,新购买用户
195290,1,2017-12-03,1,0,新购买用户
195301,6,2017-12-03,5,0,高频多品类用户
195307,3,2017-12-02,3,1,高频多品类用户
195322,2,2017-11-30,2,3,稳定复购用户
195331,2,2017-11-30,1,3,稳定复购用户
195358,1,2017-11-30,1,3,低频沉睡用户
195378,4,2017-12-02,4,1,高频多品类用户
195381,2,2017-12-02,2,1,稳定复购用户
195384,11,2017-12-02,5,1,高频多品类用户
195385,2,2017-11-27,2,6,稳定复购用户
195388,1,2017-12-02,1,1,新购买用户
195401,3,2017-11-27,2,6,高频多品类用户
195404,14,2017-11-30,11,3,高频多品类用户
195409,1,2017-12-01,1,2,低频沉睡用户
195410,2,2017-11-27,2,6,稳定复购用户
195414,4,2017-11-27,3,6,高频多品类用户
195417,4,2017-12-03,4,0,高频多品类用户
195423,1,2017-11-26,1,7,低频沉睡用户
195427,2,2017-12-02,2,1,稳定复购用户
195430,2,2017-12-02,2,1,稳定复购用户
195437,6,2017-12-02,6,1,高频多品类用户
195440,2,2017-12-03,2,0,稳定复购用户
195462,2,2017-12-02,2,1,稳定复购用户
195483,4,2017-12-02,3,1,高频多品类用户
195494,1,2017-11-27,1,6,低频沉睡用户
195496,1,2017-11-28,1,5,低频沉睡用户
195498,2,2017-11-30,2,3,稳定复购用户
195505,1,2017-11-29,1,4,低频沉睡用户
195507,1,2017-12-03,1,0,新购买用户
195509,1,2017-11-26,1,7,低频沉睡用户
195511,1,2017-11-30,1,3,低频沉睡用户
195513,2,2017-11-29,2,4,稳定复购用户
195516,1,2017-11-26,1,7,低频沉睡用户
195523,1,2017-12-03,1,0,新购买用户
195527,1,2017-11-28,1,5,低频沉睡用户
195536,6,2017-12-03,6,0,高频多品类用户
195567,2,2017-12-02,2,1,稳定复购用户
195573,4,2017-11-29,4,4,高频多品类用户
195578,6,2017-12-02,4,1,高频多品类用户
195587,2,2017-11-30,2,3,稳定复购用户
195632,2,2017-12-02,2,1,稳定复购用户
195692,8,2017-12-02,1,1,稳定复购用户
195693,1,2017-12-03,1,0,新购买用户
195702,1,2017-12-02,1,1,新购买用户
195703,1,2017-11-26,1,7,低频沉睡用户
195730,1,2017-12-01,1,2,低频沉睡用户
195731,3,2017-12-01,3,2,高频多品类用户
195738,1,2017-12-03,1,0,新购买用户
195739,2,2017-11-27,2,6,稳定复购用户
195740,4,2017-11-30,4,3,高频多品类用户
195741,14,2017-11-29,8,4,高频多品类用户
195756,10,2017-12-03,9,0,高频多品类用户
195774,1,2017-11-29,1,4,低频沉睡用户
195786,6,2017-12-01,6,2,高频多品类用户
195788,1,2017-11-29,1,4,低频沉睡用户
195789,4,2017-12-03,3,0,高频多品类用户
195790,2,2017-12-03,2,0,稳定复购用户
195799,4,2017-12-02,4,1,高频多品类用户
195824,6,2017-11-30,5,3,高频多品类用户
195829,1,2017-11-26,1,7,低频沉睡用户
195839,2,2017-12-01,2,2,稳定复购用户
195862,1,2017-11-25,1,8,低频沉睡用户
195913,1,2017-11-27,1,6,低频沉睡用户
195920,3,2017-12-02,3,1,高频多品类用户
195929,1,2017-12-01,1,2,低频沉睡用户
195931,2,2017-12-01,2,2,稳定复购用户
195938,2,2017-12-03,1,0,稳定复购用户
195944,1,2017-11-29,1,4,低频沉睡用户
195978,1,2017-12-02,1,1,新购买用户
195996,4,2017-12-03,4,0,高频多品类用户
196010,2,2017-11-28,1,5,稳定复购用户
196033,1,2017-11-29,1,4,低频沉睡用户
196035,5,2017-12-03,5,0,高频多品类用户
196044,1,2017-11-27,1,6,低频沉睡用户
196052,6,2017-11-29,6,4,高频多品类用户
196056,4,2017-11-29,4,4,高频多品类用户
196066,12,2017-12-03,9,0,高频多品类用户
196085,2,2017-12-01,2,2,稳定复购用户
196091,1,2017-12-03,1,0,新购买用户
196110,4,2017-12-03,4,0,高频多品类用户
196124,1,2017-11-29,1,4,低频沉睡用户
196128,9,2017-12-03,7,0,高频多品类用户
196135,1,2017-11-28,1,5,低频沉睡用户
196137,4,2017-11-26,2,7,高频多品类用户
196145,7,2017-11-28,4,5,高频多品类用户
196152,2,2017-12-03,2,0,稳定复购用户
196156,1,2017-11-27,1,6,低频沉睡用户
196157,1,2017-11-27,1,6,低频沉睡用户
196162,3,2017-11-30,2,3,高频多品类用户
196166,2,2017-12-01,2,2,稳定复购用户
196167,2,2017-11-29,2,4,稳定复购用户
196172,3,2017-12-02,3,1,高频多品类用户
196189,5,2017-11-30,5,3,高频多品类用户
196190,6,2017-12-02,5,1,高频多品类用户
196203,5,2017-12-02,4,1,高频多品类用户
196216,2,2017-11-25,2,8,稳定复购用户
196218,1,2017-11-30,1,3,低频沉睡用户
196225,3,2017-12-02,2,1,高频多品类用户
196229,1,2017-12-03,1,0,新购买用户
196238,1,2017-12-02,1,1,新购买用户
196265,1,2017-11-30,1,3,低频沉睡用户
196267,4,2017-12-03,4,0,高频多品类用户
196271,2,2017-12-01,2,2,稳定复购用户
196278,1,2017-12-03,1,0,新购买用户
196279,2,2017-11-25,2,8,稳定复购用户
196287,3,2017-11-26,3,7,高频多品类用户
196302,2,2017-12-02,2,1,稳定复购用户
196307,3,2017-12-03,3,0,高频多品类用户
196335,2,2017-12-02,2,1,稳定复购用户
196350,1,2017-11-25,1,8,低频沉睡用户
196373,1,2017-11-30,1,3,低频沉睡用户
196375,1,2017-11-27,1,6,低频沉睡用户
196384,1,2017-11-25,1,8,低频沉睡用户
196389,1,2017-12-01,1,2,低频沉睡用户
196396,2,2017-12-03,2,0,稳定复购用户
196401,4,2017-12-02,4,1,高频多品类用户
196402,2,2017-11-29,2,4,稳定复购用户
196415,2,2017-11-29,2,4,稳定复购用户
196419,2,2017-11-28,2,5,稳定复购用户
196422,5,2017-12-03,5,0,高频多品类用户
196426,1,2017-12-02,1,1,新购买用户
196441,5,2017-12-03,3,0,高频多品类用户
196445,2,2017-11-29,2,4,稳定复购用户
196459,2,2017-12-02,2,1,稳定复购用户
196471,3,2017-12-02,2,1,高频多品类用户
196481,4,2017-11-29,4,4,高频多品类用户
196483,12,2017-11-30,10,3,高频多品类用户
196487,1,2017-11-29,1,4,低频沉睡用户
196494,2,2017-12-03,2,0,稳定复购用户
196495,6,2017-12-01,6,2,高频多品类用户
196496,1,2017-12-03,1,0,新购买用户
196498,6,2017-12-02,6,1,高频多品类用户
196510,4,2017-12-02,4,1,高频多品类用户
196513,4,2017-11-27,4,6,高频多品类用户
196515,2,2017-11-28,2,5,稳定复购用户
196517,6,2017-12-03,3,0,高频多品类用户
196524,4,2017-11-30,4,3,高频多品类用户
196526,2,2017-12-01,2,2,稳定复购用户
196534,6,2017-12-03,6,0,高频多品类用户
196539,5,2017-12-02,5,1,高频多品类用户
196540,2,2017-11-30,2,3,稳定复购用户
196545,2,2017-12-01,2,2,稳定复购用户
196555,3,2017-12-02,3,1,高频多品类用户
196575,1,2017-12-03,1,0,新购买用户
196587,3,2017-11-29,3,4,高频多品类用户
196607,3,2017-12-03,1,0,稳定复购用户
196619,1,2017-11-26,1,7,低频沉睡用户
196622,1,2017-11-28,1,5,低频沉睡用户
196629,2,2017-11-30,2,3,稳定复购用户
196640,3,2017-11-29,2,4,高频多品类用户
196643,4,2017-12-02,4,1,高频多品类用户
196666,4,2017-12-02,4,1,高频多品类用户
196667,1,2017-11-28,1,5,低频沉睡用户
196676,8,2017-12-03,8,0,高频多品类用户
196679,2,2017-11-28,2,5,稳定复购用户
196686,2,2017-11-29,2,4,稳定复购用户
196711,3,2017-12-03,3,0,高频多品类用户
196713,8,2017-12-02,5,1,高频多品类用户
196714,1,2017-12-02,1,1,新购买用户
196716,1,2017-11-27,1,6,低频沉睡用户
196719,5,2017-12-03,5,0,高频多品类用户
196720,2,2017-12-03,2,0,稳定复购用户
196724,16,2017-12-03,12,0,高频多品类用户
196727,1,2017-12-01,1,2,低频沉睡用户
196733,3,2017-12-02,2,1,高频多品类用户
196756,2,2017-11-29,2,4,稳定复购用户
196765,2,2017-11-28,1,5,稳定复购用户
196767,1,2017-11-27,1,6,低频沉睡用户
196770,3,2017-11-30,3,3,高频多品类用户
196783,5,2017-12-03,5,0,高频多品类用户
196784,1,2017-11-30,1,3,低频沉睡用户
196793,2,2017-11-30,2,3,稳定复购用户
196794,5,2017-12-03,5,0,高频多品类用户
196795,3,2017-12-03,3,0,高频多品类用户
196813,1,2017-11-27,1,6,低频沉睡用户
196814,1,2017-11-28,1,5,低频沉睡用户
196830,6,2017-12-02,6,1,高频多品类用户
196865,1,2017-12-03,1,0,新购买用户
196867,1,2017-11-29,1,4,低频沉睡用户
196868,2,2017-11-28,2,5,稳定复购用户
196869,7,2017-12-03,6,0,高频多品类用户
196874,3,2017-12-02,3,1,高频多品类用户
196881,1,2017-11-29,1,4,低频沉睡用户
196897,7,2017-12-01,6,2,高频多品类用户
196907,1,2017-12-03,1,0,新购买用户
196912,4,2017-11-30,4,3,高频多品类用户
196924,2,2017-11-28,2,5,稳定复购用户
196931,1,2017-11-26,1,7,低频沉睡用户
196932,5,2017-12-01,2,2,高频多品类用户
196937,8,2017-12-02,8,1,高频多品类用户
196952,3,2017-11-29,3,4,高频多品类用户
196956,1,2017-11-25,1,8,低频沉睡用户
196974,2,2017-12-03,2,0,稳定复购用户
196980,2,2017-11-30,1,3,稳定复购用户
196985,1,2017-12-03,1,0,新购买用户
196987,1,2017-11-27,1,6,低频沉睡用户
196992,3,2017-12-03,3,0,高频多品类用户
196993,1,2017-11-26,1,7,低频沉睡用户
196997,2,2017-12-02,2,1,稳定复购用户
197002,4,2017-12-03,4,0,高频多品类用户
197009,3,2017-12-03,3,0,高频多品类用户
197013,1,2017-11-28,1,5,低频沉睡用户
197015,1,2017-12-02,1,1,新购买用户
197020,4,2017-11-26,3,7,高频多品类用户
197022,1,2017-11-28,1,5,低频沉睡用户
197030,3,2017-11-29,3,4,高频多品类用户
197044,10,2017-11-30,9,3,高频多品类用户
197052,3,2017-12-02,2,1,高频多品类用户
197058,2,2017-12-03,2,0,稳定复购用户
197061,3,2017-11-30,2,3,高频多品类用户
197064,3,2017-12-03,3,0,高频多品类用户
197065,2,2017-11-27,2,6,稳定复购用户
197071,2,2017-12-01,2,2,稳定复购用户
197090,4,2017-12-02,4,1,高频多品类用户
197111,1,2017-11-26,1,7,低频沉睡用户
197118,1,2017-11-30,1,3,低频沉睡用户
197120,4,2017-11-29,4,4,高频多品类用户
197124,1,2017-12-03,1,0,新购买用户
197126,1,2017-11-28,1,5,低频沉睡用户
197128,1,2017-12-03,1,0,新购买用户
197138,1,2017-11-29,1,4,低频沉睡用户
197141,4,2017-12-03,3,0,高频多品类用户
197142,1,2017-12-02,1,1,新购买用户
197154,1,2017-11-30,1,3,低频沉睡用户
197155,5,2017-12-03,4,0,高频多品类用户
197161,3,2017-12-01,3,2,高频多品类用户
197167,1,2017-11-28,1,5,低频沉睡用户
197172,1,2017-12-02,1,1,新购买用户
197174,1,2017-12-01,1,2,低频沉睡用户
197183,1,2017-12-03,1,0,新购买用户
197184,6,2017-12-02,5,1,高频多品类用户
197185,3,2017-11-29,3,4,高频多品类用户
197192,5,2017-12-03,4,0,高频多品类用户
197201,1,2017-11-27,1,6,低频沉睡用户
197204,2,2017-12-03,2,0,稳定复购用户
197211,2,2017-12-03,2,0,稳定复购用户
197215,3,2017-11-28,3,5,高频多品类用户
197230,2,2017-11-30,1,3,稳定复购用户
197249,5,2017-12-03,4,0,高频多品类用户
197252,4,2017-12-01,4,2,高频多品类用户
197255,1,2017-12-01,1,2,低频沉睡用户
197263,1,2017-12-02,1,1,新购买用户
197272,9,2017-12-03,7,0,高频多品类用户
197311,1,2017-11-30,1,3,低频沉睡用户
197313,6,2017-11-28,3,5,高频多品类用户
197327,2,2017-11-28,2,5,稳定复购用户
197330,1,2017-12-03,1,0,新购买用户
197334,2,2017-11-27,1,6,稳定复购用户
197337,12,2017-12-03,10,0,高频多品类用户
197342,3,2017-12-01,3,2,高频多品类用户
197344,2,2017-11-25,2,8,稳定复购用户
197358,1,2017-12-02,1,1,新购买用户
197360,6,2017-12-03,5,0,高频多品类用户
197371,1,2017-11-28,1,5,低频沉睡用户
197374,1,2017-12-01,1,2,低频沉睡用户
197376,1,2017-11-30,1,3,低频沉睡用户
197398,4,2017-12-03,4,0,高频多品类用户
197412,4,2017-12-03,4,0,高频多品类用户
197414,7,2017-11-27,4,6,高频多品类用户
197426,2,2017-11-30,2,3,稳定复购用户
197429,2,2017-12-01,2,2,稳定复购用户
197434,8,2017-12-03,7,0,高频多品类用户
197436,2,2017-11-30,2,3,稳定复购用户
197440,2,2017-11-28,2,5,稳定复购用户
197444,1,2017-12-01,1,2,低频沉睡用户
197448,1,2017-11-29,1,4,低频沉睡用户
197479,1,2017-11-27,1,6,低频沉睡用户
197481,1,2017-12-03,1,0,新购买用户
197490,3,2017-12-02,3,1,高频多品类用户
197513,2,2017-11-29,2,4,稳定复购用户
197518,3,2017-12-03,3,0,高频多品类用户
197521,1,2017-11-29,1,4,低频沉睡用户
197525,7,2017-12-02,7,1,高频多品类用户
197532,1,2017-11-26,1,7,低频沉睡用户
197539,2,2017-11-29,2,4,稳定复购用户
197554,4,2017-11-27,3,6,高频多品类用户
197573,3,2017-12-01,3,2,高频多品类用户
197574,2,2017-12-02,2,1,稳定复购用户
197579,4,2017-12-03,4,0,高频多品类用户
197595,3,2017-11-30,1,3,稳定复购用户
197606,2,2017-12-03,2,0,稳定复购用户
197615,5,2017-12-03,5,0,高频多品类用户
197620,1,2017-12-03,1,0,新购买用户
197623,3,2017-12-02,3,1,高频多品类用户
197638,8,2017-12-02,8,1,高频多品类用户
197645,2,2017-11-28,2,5,稳定复购用户
197646,3,2017-12-03,3,0,高频多品类用户
197656,3,2017-12-03,3,0,高频多品类用户
197657,3,2017-12-02,3,1,高频多品类用户
197662,5,2017-12-03,5,0,高频多品类用户
197665,1,2017-11-25,1,8,低频沉睡用户
197680,1,2017-11-25,1,8,低频沉睡用户
197684,3,2017-11-28,3,5,高频多品类用户
197685,2,2017-11-28,2,5,稳定复购用户
197692,2,2017-11-30,2,3,稳定复购用户
197693,1,2017-12-01,1,2,低频沉睡用户
197696,3,2017-11-30,3,3,高频多品类用户
197699,4,2017-12-03,4,0,高频多品类用户
197702,4,2017-12-03,4,0,高频多品类用户
197730,2,2017-12-01,2,2,稳定复购用户
197734,4,2017-11-28,3,5,高频多品类用户
197743,2,2017-12-03,2,0,稳定复购用户
197750,1,2017-12-03,1,0,新购买用户
197773,2,2017-11-27,2,6,稳定复购用户
197775,1,2017-11-25,1,8,低频沉睡用户
197784,3,2017-11-30,3,3,高频多品类用户
197789,1,2017-11-28,1,5,低频沉睡用户
197793,1,2017-11-27,1,6,低频沉睡用户
197798,4,2017-11-30,3,3,高频多品类用户
197824,1,2017-11-26,1,7,低频沉睡用户
197825,1,2017-11-26,1,7,低频沉睡用户
197826,2,2017-11-29,2,4,稳定复购用户
197833,2,2017-12-03,2,0,稳定复购用户
197836,1,2017-12-01,1,2,低频沉睡用户
197841,2,2017-11-29,2,4,稳定复购用户
197846,1,2017-12-03,1,0,新购买用户
197865,1,2017-12-03,1,0,新购买用户
197868,1,2017-11-28,1,5,低频沉睡用户
197876,5,2017-12-01,4,2,高频多品类用户
197882,1,2017-12-01,1,2,低频沉睡用户
197890,5,2017-11-30,5,3,高频多品类用户
197907,3,2017-12-02,3,1,高频多品类用户
197908,1,2017-12-01,1,2,低频沉睡用户
197915,1,2017-11-27,1,6,低频沉睡用户
197925,2,2017-11-28,2,5,稳定复购用户
197927,14,2017-12-03,13,0,高频多品类用户
197938,5,2017-12-03,5,0,高频多品类用户
197939,2,2017-12-03,2,0,稳定复购用户
197954,1,2017-11-25,1,8,低频沉睡用户
197955,1,2017-12-02,1,1,新购买用户
197958,3,2017-11-28,3,5,高频多品类用户
197961,1,2017-11-26,1,7,低频沉睡用户
197975,3,2017-11-29,1,4,稳定复购用户
197976,1,2017-11-28,1,5,低频沉睡用户
197978,4,2017-12-01,4,2,高频多品类用户
197981,8,2017-12-03,7,0,高频多品类用户
197985,3,2017-11-25,3,8,高频多品类用户
197987,3,2017-12-02,3,1,高频多品类用户
198031,3,2017-12-02,3,1,高频多品类用户
198040,7,2017-11-30,5,3,高频多品类用户
198041,1,2017-12-02,1,1,新购买用户
198045,4,2017-12-01,3,2,高频多品类用户
198054,7,2017-12-02,5,1,高频多品类用户
198063,1,2017-12-03,1,0,新购买用户
198073,1,2017-11-26,1,7,低频沉睡用户
198075,1,2017-12-03,1,0,新购买用户
198082,1,2017-11-26,1,7,低频沉睡用户
198088,3,2017-12-03,3,0,高频多品类用户
198089,1,2017-12-02,1,1,新购买用户
198096,1,2017-11-27,1,6,低频沉睡用户
198102,2,2017-12-02,1,1,稳定复购用户
198103,2,2017-12-01,2,2,稳定复购用户
198108,2,2017-12-03,2,0,稳定复购用户
198114,3,2017-11-28,3,5,高频多品类用户
198135,2,2017-11-28,2,5,稳定复购用户
198148,3,2017-12-03,2,0,高频多品类用户
198155,3,2017-12-02,3,1,高频多品类用户
198160,7,2017-12-02,5,1,高频多品类用户
198165,2,2017-12-02,2,1,稳定复购用户
198176,6,2017-12-02,6,1,高频多品类用户
198186,5,2017-12-03,5,0,高频多品类用户
198187,7,2017-12-03,7,0,高频多品类用户
198188,1,2017-12-02,1,1,新购买用户
198191,2,2017-11-30,2,3,稳定复购用户
198204,8,2017-12-03,7,0,高频多品类用户
198221,2,2017-12-01,2,2,稳定复购用户
198235,2,2017-12-03,1,0,稳定复购用户
198244,2,2017-12-03,2,0,稳定复购用户
198246,4,2017-11-30,3,3,高频多品类用户
198261,1,2017-12-01,1,2,低频沉睡用户
198263,1,2017-11-27,1,6,低频沉睡用户
198265,1,2017-12-02,1,1,新购买用户
198269,2,2017-12-03,2,0,稳定复购用户
198288,7,2017-12-02,7,1,高频多品类用户
198290,2,2017-12-03,1,0,稳定复购用户
198296,1,2017-11-27,1,6,低频沉睡用户
198301,5,2017-11-30,3,3,高频多品类用户
198315,3,2017-12-01,2,2,高频多品类用户
198321,2,2017-12-03,2,0,稳定复购用户
198324,1,2017-12-01,1,2,低频沉睡用户
198330,1,2017-12-03,1,0,新购买用户
198331,1,2017-11-25,1,8,低频沉睡用户
198338,1,2017-12-02,1,1,新购买用户
198345,2,2017-11-26,2,7,稳定复购用户
198348,4,2017-12-02,4,1,高频多品类用户
198354,3,2017-12-03,3,0,高频多品类用户
198355,1,2017-11-30,1,3,低频沉睡用户
198358,7,2017-12-01,7,2,高频多品类用户
198363,1,2017-11-25,1,8,低频沉睡用户
198373,1,2017-12-01,1,2,低频沉睡用户
198385,2,2017-11-29,2,4,稳定复购用户
198411,4,2017-12-02,3,1,高频多品类用户
198412,9,2017-12-03,9,0,高频多品类用户
198422,8,2017-12-03,5,0,高频多品类用户
198426,1,2017-11-27,1,6,低频沉睡用户
198437,5,2017-11-26,5,7,高频多品类用户
198456,1,2017-11-28,1,5,低频沉睡用户
198483,2,2017-11-30,2,3,稳定复购用户
198487,4,2017-12-01,4,2,高频多品类用户
198492,1,2017-12-02,1,1,新购买用户
198501,1,2017-11-27,1,6,低频沉睡用户
198504,2,2017-11-30,2,3,稳定复购用户
198506,1,2017-11-30,1,3,低频沉睡用户
198507,2,2017-11-30,2,3,稳定复购用户
198513,4,2017-12-02,4,1,高频多品类用户
198519,1,2017-11-30,1,3,低频沉睡用户
198520,1,2017-12-01,1,2,低频沉睡用户
198529,1,2017-11-29,1,4,低频沉睡用户
198531,6,2017-12-03,4,0,高频多品类用户
198533,2,2017-11-27,2,6,稳定复购用户
198537,2,2017-11-30,2,3,稳定复购用户
198541,1,2017-11-26,1,7,低频沉睡用户
198551,2,2017-11-28,2,5,稳定复购用户
198555,4,2017-11-30,4,3,高频多品类用户
198557,2,2017-12-03,2,0,稳定复购用户
198560,10,2017-11-30,5,3,高频多品类用户
198564,14,2017-12-03,8,0,高频多品类用户
198568,2,2017-11-27,2,6,稳定复购用户
198580,12,2017-12-01,8,2,高频多品类用户
198582,4,2017-12-02,3,1,高频多品类用户
198600,2,2017-12-02,1,1,稳定复购用户
198605,4,2017-12-03,4,0,高频多品类用户
198607,3,2017-12-02,3,1,高频多品类用户
198616,4,2017-11-29,4,4,高频多品类用户
198618,1,2017-11-26,1,7,低频沉睡用户
198624,1,2017-11-26,1,7,低频沉睡用户
198626,3,2017-11-29,3,4,高频多品类用户
198639,7,2017-12-03,5,0,高频多品类用户
198640,1,2017-11-26,1,7,低频沉睡用户
198647,2,2017-11-27,2,6,稳定复购用户
198649,4,2017-12-03,3,0,高频多品类用户
198652,1,2017-11-27,1,6,低频沉睡用户
198664,3,2017-12-03,3,0,高频多品类用户
198667,1,2017-12-02,1,1,新购买用户
198676,2,2017-11-30,1,3,稳定复购用户
198683,3,2017-12-02,3,1,高频多品类用户
198684,4,2017-12-02,3,1,高频多品类用户
198710,1,2017-11-29,1,4,低频沉睡用户
198711,5,2017-11-30,5,3,高频多品类用户
198714,1,2017-11-25,1,8,低频沉睡用户
198726,2,2017-12-01,2,2,稳定复购用户
198730,1,2017-12-03,1,0,新购买用户
198745,2,2017-12-01,2,2,稳定复购用户
198774,2,2017-11-27,2,6,稳定复购用户
198781,1,2017-12-02,1,1,新购买用户
198783,5,2017-11-28,4,5,高频多品类用户
198787,1,2017-12-01,1,2,低频沉睡用户
198791,1,2017-12-01,1,2,低频沉睡用户
198795,2,2017-11-30,2,3,稳定复购用户
198798,1,2017-11-30,1,3,低频沉睡用户
198799,4,2017-12-01,2,2,高频多品类用户
198800,1,2017-11-30,1,3,低频沉睡用户
198815,1,2017-11-26,1,7,低频沉睡用户
198831,2,2017-11-26,1,7,稳定复购用户
198835,2,2017-12-01,1,2,稳定复购用户
198839,5,2017-12-01,5,2,高频多品类用户
198841,2,2017-12-03,2,0,稳定复购用户
198861,8,2017-12-03,7,0,高频多品类用户
198864,13,2017-12-02,8,1,高频多品类用户
198873,1,2017-11-29,1,4,低频沉睡用户
198894,1,2017-11-27,1,6,低频沉睡用户
198895,2,2017-11-30,2,3,稳定复购用户
198896,1,2017-11-29,1,4,低频沉睡用户
198900,1,2017-11-30,1,3,低频沉睡用户
198907,1,2017-11-28,1,5,低频沉睡用户
198910,4,2017-12-03,3,0,高频多品类用户
198927,6,2017-12-03,5,0,高频多品类用户
198940,1,2017-11-25,1,8,低频沉睡用户
198942,4,2017-12-03,3,0,高频多品类用户
198951,1,2017-12-03,1,0,新购买用户
198958,1,2017-11-26,1,7,低频沉睡用户
198960,2,2017-12-01,2,2,稳定复购用户
198968,4,2017-11-28,4,5,高频多品类用户
198969,2,2017-11-27,2,6,稳定复购用户
198982,6,2017-11-27,4,6,高频多品类用户
198987,2,2017-12-01,2,2,稳定复购用户
198988,8,2017-12-03,6,0,高频多品类用户
198989,12,2017-12-02,10,1,高频多品类用户
198990,1,2017-11-30,1,3,低频沉睡用户
198992,1,2017-11-29,1,4,低频沉睡用户
198996,2,2017-11-30,2,3,稳定复购用户
198999,3,2017-11-29,1,4,稳定复购用户
199005,6,2017-12-01,6,2,高频多品类用户
199011,1,2017-12-03,1,0,新购买用户
199015,12,2017-12-03,5,0,高频多品类用户
199031,5,2017-12-02,4,1,高频多品类用户
199036,1,2017-12-01,1,2,低频沉睡用户
199042,3,2017-12-01,3,2,高频多品类用户
199060,1,2017-12-01,1,2,低频沉睡用户
199064,3,2017-11-28,3,5,高频多品类用户
199076,5,2017-12-03,5,0,高频多品类用户
199083,2,2017-12-01,2,2,稳定复购用户
199086,1,2017-11-30,1,3,低频沉睡用户
199098,1,2017-12-03,1,0,新购买用户
199099,1,2017-11-27,1,6,低频沉睡用户
199113,1,2017-11-27,1,6,低频沉睡用户
199120,7,2017-12-03,3,0,高频多品类用户
199122,1,2017-11-26,1,7,低频沉睡用户
199123,1,2017-11-26,1,7,低频沉睡用户
199126,1,2017-11-27,1,6,低频沉睡用户
199127,1,2017-11-27,1,6,低频沉睡用户
199132,2,2017-11-27,2,6,稳定复购用户
199134,2,2017-11-29,1,4,稳定复购用户
199149,5,2017-12-03,4,0,高频多品类用户
199160,8,2017-12-03,7,0,高频多品类用户
199161,5,2017-12-03,4,0,高频多品类用户
199163,1,2017-12-02,1,1,新购买用户
199173,4,2017-12-03,3,0,高频多品类用户
199189,5,2017-12-02,5,1,高频多品类用户
199190,1,2017-11-27,1,6,低频沉睡用户
199222,6,2017-11-29,5,4,高频多品类用户
199226,1,2017-11-28,1,5,低频沉睡用户
199228,1,2017-12-01,1,2,低频沉睡用户
199233,2,2017-12-03,2,0,稳定复购用户
199236,7,2017-12-01,7,2,高频多品类用户
199252,1,2017-12-02,1,1,新购买用户
199254,1,2017-12-02,1,1,新购买用户
199272,2,2017-12-01,2,2,稳定复购用户
199278,2,2017-11-30,2,3,稳定复购用户
199279,1,2017-11-27,1,6,低频沉睡用户
199283,5,2017-12-01,4,2,高频多品类用户
199286,3,2017-12-03,2,0,高频多品类用户
199296,3,2017-12-02,3,1,高频多品类用户
199307,3,2017-11-29,2,4,高频多品类用户
199309,1,2017-12-02,1,1,新购买用户
199322,3,2017-12-01,2,2,高频多品类用户
199328,2,2017-12-02,2,1,稳定复购用户
199334,3,2017-12-01,3,2,高频多品类用户
199340,4,2017-12-02,4,1,高频多品类用户
199344,2,2017-11-28,1,5,稳定复购用户
199354,1,2017-11-26,1,7,低频沉睡用户
199361,6,2017-11-29,6,4,高频多品类用户
199376,1,2017-11-27,1,6,低频沉睡用户
199377,1,2017-12-03,1,0,新购买用户
199379,3,2017-12-03,3,0,高频多品类用户
199384,3,2017-12-01,3,2,高频多品类用户
199387,9,2017-12-03,8,0,高频多品类用户
199392,6,2017-12-03,5,0,高频多品类用户
199395,3,2017-12-02,3,1,高频多品类用户
199398,1,2017-12-02,1,1,新购买用户
199404,4,2017-12-03,3,0,高频多品类用户
199408,2,2017-11-27,2,6,稳定复购用户
199426,1,2017-11-29,1,4,低频沉睡用户
199428,1,2017-12-02,1,1,新购买用户
199432,2,2017-11-30,2,3,稳定复购用户
199433,2,2017-11-29,2,4,稳定复购用户
199443,1,2017-11-25,1,8,低频沉睡用户
199455,3,2017-12-03,3,0,高频多品类用户
199464,1,2017-12-03,1,0,新购买用户
199468,1,2017-11-29,1,4,低频沉睡用户
199472,1,2017-12-01,1,2,低频沉睡用户
199480,1,2017-11-25,1,8,低频沉睡用户
199481,4,2017-12-03,4,0,高频多品类用户
199484,3,2017-11-30,2,3,高频多品类用户
199488,6,2017-12-03,6,0,高频多品类用户
199494,2,2017-11-30,2,3,稳定复购用户
199499,2,2017-12-03,2,0,稳定复购用户
199501,3,2017-11-29,3,4,高频多品类用户
199518,3,2017-11-27,2,6,高频多品类用户
199527,4,2017-12-01,4,2,高频多品类用户
199531,2,2017-12-02,1,1,稳定复购用户
199536,3,2017-11-30,3,3,高频多品类用户
199541,1,2017-11-28,1,5,低频沉睡用户
199561,2,2017-12-02,2,1,稳定复购用户
199564,4,2017-12-01,4,2,高频多品类用户
199570,7,2017-11-29,5,4,高频多品类用户
199571,1,2017-11-30,1,3,低频沉睡用户
199572,2,2017-11-28,2,5,稳定复购用户
199574,3,2017-11-29,2,4,高频多品类用户
199584,1,2017-11-28,1,5,低频沉睡用户
199599,1,2017-11-30,1,3,低频沉睡用户
199603,4,2017-12-03,2,0,高频多品类用户
199604,8,2017-12-03,8,0,高频多品类用户
199606,1,2017-12-01,1,2,低频沉睡用户
199614,1,2017-11-28,1,5,低频沉睡用户
199616,2,2017-12-02,1,1,稳定复购用户
199620,3,2017-12-02,1,1,稳定复购用户
199621,7,2017-12-02,3,1,高频多品类用户
199628,4,2017-12-03,4,0,高频多品类用户
199634,2,2017-12-01,2,2,稳定复购用户
199638,3,2017-12-01,3,2,高频多品类用户
199645,3,2017-12-02,3,1,高频多品类用户
199646,2,2017-11-26,2,7,稳定复购用户
199647,2,2017-11-28,2,5,稳定复购用户
199675,3,2017-12-02,3,1,高频多品类用户
199676,1,2017-11-27,1,6,低频沉睡用户
199677,1,2017-11-27,1,6,低频沉睡用户
199693,1,2017-11-27,1,6,低频沉睡用户
199706,3,2017-11-30,3,3,高频多品类用户
199712,1,2017-11-30,1,3,低频沉睡用户
199714,5,2017-12-03,5,0,高频多品类用户
199721,7,2017-12-02,7,1,高频多品类用户
199723,2,2017-11-30,2,3,稳定复购用户
199729,2,2017-11-29,2,4,稳定复购用户
199730,2,2017-12-02,2,1,稳定复购用户
199746,2,2017-12-02,2,1,稳定复购用户
199754,2,2017-12-03,2,0,稳定复购用户
199763,2,2017-12-01,2,2,稳定复购用户
199771,2,2017-11-26,2,7,稳定复购用户
199790,2,2017-12-03,2,0,稳定复购用户
199803,2,2017-11-30,2,3,稳定复购用户
199804,4,2017-11-29,4,4,高频多品类用户
199807,6,2017-11-30,3,3,高频多品类用户
199830,3,2017-12-03,3,0,高频多品类用户
199833,4,2017-12-02,3,1,高频多品类用户
199848,1,2017-12-02,1,1,新购买用户
199850,9,2017-12-02,9,1,高频多品类用户
199857,4,2017-11-29,4,4,高频多品类用户
199869,2,2017-11-28,2,5,稳定复购用户
199873,2,2017-11-30,2,3,稳定复购用户
199875,2,2017-12-03,2,0,稳定复购用户
199877,2,2017-12-03,2,0,稳定复购用户
199890,4,2017-12-03,4,0,高频多品类用户
199892,1,2017-11-28,1,5,低频沉睡用户
199896,23,2017-12-03,22,0,高频多品类用户
199898,2,2017-11-30,2,3,稳定复购用户
199899,1,2017-11-29,1,4,低频沉睡用户
199948,2,2017-12-01,2,2,稳定复购用户
199956,4,2017-12-01,3,2,高频多品类用户
199958,4,2017-12-03,3,0,高频多品类用户
199966,1,2017-11-27,1,6,低频沉睡用户
199987,3,2017-12-01,3,2,高频多品类用户
199992,2,2017-12-01,2,2,稳定复购用户
200012,2,2017-11-29,2,4,稳定复购用户
200019,1,2017-11-25,1,8,低频沉睡用户
200024,2,2017-12-01,2,2,稳定复购用户
200034,2,2017-12-01,2,2,稳定复购用户
200051,1,2017-11-27,1,6,低频沉睡用户
200053,2,2017-12-01,2,2,稳定复购用户
200064,1,2017-12-02,1,1,新购买用户
200085,1,2017-12-03,1,0,新购买用户
200110,1,2017-11-26,1,7,低频沉睡用户
200121,1,2017-11-25,1,8,低频沉睡用户
200145,1,2017-12-03,1,0,新购买用户
200148,3,2017-12-02,3,1,高频多品类用户
200154,1,2017-11-26,1,7,低频沉睡用户
200161,6,2017-12-03,5,0,高频多品类用户
200171,3,2017-11-28,3,5,高频多品类用户
200175,1,2017-11-27,1,6,低频沉睡用户
200189,3,2017-12-02,3,1,高频多品类用户
200194,1,2017-11-30,1,3,低频沉睡用户
200210,1,2017-11-27,1,6,低频沉睡用户
200212,5,2017-12-03,5,0,高频多品类用户
200217,3,2017-12-01,3,2,高频多品类用户
200218,1,2017-11-25,1,8,低频沉睡用户
200219,5,2017-12-03,5,0,高频多品类用户
200234,1,2017-11-27,1,6,低频沉睡用户
200252,2,2017-11-30,2,3,稳定复购用户
200255,1,2017-12-01,1,2,低频沉睡用户
200265,1,2017-11-27,1,6,低频沉睡用户
200275,3,2017-11-28,3,5,高频多品类用户
200288,3,2017-12-01,3,2,高频多品类用户
200290,3,2017-12-03,1,0,稳定复购用户
200293,1,2017-11-27,1,6,低频沉睡用户
200295,6,2017-12-02,4,1,高频多品类用户
200298,7,2017-12-02,7,1,高频多品类用户
200299,5,2017-11-30,5,3,高频多品类用户
200307,7,2017-12-03,5,0,高频多品类用户
200309,4,2017-11-28,2,5,高频多品类用户
200310,3,2017-11-26,2,7,高频多品类用户
200315,3,2017-12-03,3,0,高频多品类用户
200328,2,2017-11-30,2,3,稳定复购用户
200334,1,2017-11-27,1,6,低频沉睡用户
200346,1,2017-11-25,1,8,低频沉睡用户
200349,1,2017-12-03,1,0,新购买用户
200351,3,2017-12-03,3,0,高频多品类用户
200353,2,2017-12-03,1,0,稳定复购用户
200365,2,2017-12-03,2,0,稳定复购用户
200370,1,2017-11-30,1,3,低频沉睡用户
200380,3,2017-11-28,3,5,高频多品类用户
200387,7,2017-12-03,5,0,高频多品类用户
200395,1,2017-12-03,1,0,新购买用户
200405,6,2017-12-03,1,0,稳定复购用户
200407,1,2017-11-29,1,4,低频沉睡用户
200415,2,2017-11-26,2,7,稳定复购用户
200417,1,2017-12-03,1,0,新购买用户
200434,1,2017-11-29,1,4,低频沉睡用户
200436,2,2017-11-29,2,4,稳定复购用户
200440,2,2017-11-26,2,7,稳定复购用户
200449,4,2017-11-28,4,5,高频多品类用户
200457,1,2017-11-28,1,5,低频沉睡用户
200477,2,2017-12-02,2,1,稳定复购用户
200511,2,2017-12-02,2,1,稳定复购用户
200525,3,2017-12-02,3,1,高频多品类用户
200526,1,2017-12-02,1,1,新购买用户
200539,5,2017-12-02,5,1,高频多品类用户
200554,4,2017-11-30,4,3,高频多品类用户
200562,3,2017-12-02,3,1,高频多品类用户
200563,4,2017-12-03,4,0,高频多品类用户
200570,3,2017-12-02,3,1,高频多品类用户
200579,13,2017-12-03,11,0,高频多品类用户
200590,1,2017-11-26,1,7,低频沉睡用户
200625,3,2017-11-27,3,6,高频多品类用户
200640,2,2017-11-29,2,4,稳定复购用户
200645,4,2017-12-02,3,1,高频多品类用户
200654,3,2017-11-30,2,3,高频多品类用户
200665,3,2017-12-03,3,0,高频多品类用户
200668,2,2017-12-02,2,1,稳定复购用户
200669,4,2017-12-03,3,0,高频多品类用户
200673,1,2017-12-02,1,1,新购买用户
200682,1,2017-11-28,1,5,低频沉睡用户
200684,2,2017-11-28,2,5,稳定复购用户
200693,4,2017-12-03,4,0,高频多品类用户
200696,1,2017-11-25,1,8,低频沉睡用户
200708,2,2017-11-25,2,8,稳定复购用户
200711,1,2017-11-29,1,4,低频沉睡用户
200714,1,2017-12-01,1,2,低频沉睡用户
200729,1,2017-12-01,1,2,低频沉睡用户
200741,1,2017-11-29,1,4,低频沉睡用户
200746,4,2017-12-02,3,1,高频多品类用户
200750,3,2017-12-03,2,0,高频多品类用户
200759,2,2017-12-03,2,0,稳定复购用户
200770,1,2017-11-26,1,7,低频沉睡用户
200778,11,2017-12-02,10,1,高频多品类用户
200780,8,2017-12-03,8,0,高频多品类用户
200783,2,2017-11-28,2,5,稳定复购用户
200787,4,2017-12-01,4,2,高频多品类用户
200800,1,2017-11-30,1,3,低频沉睡用户
200807,1,2017-11-25,1,8,低频沉睡用户
200808,1,2017-12-02,1,1,新购买用户
200812,1,2017-11-29,1,4,低频沉睡用户
200813,2,2017-12-01,2,2,稳定复购用户
200821,1,2017-11-26,1,7,低频沉睡用户
200826,4,2017-12-02,4,1,高频多品类用户
200827,3,2017-12-02,3,1,高频多品类用户
200843,5,2017-12-02,5,1,高频多品类用户
200847,1,2017-12-03,1,0,新购买用户
200850,6,2017-12-03,4,0,高频多品类用户
200856,1,2017-11-25,1,8,低频沉睡用户
200861,5,2017-11-29,3,4,高频多品类用户
200863,3,2017-11-27,2,6,高频多品类用户
200867,3,2017-12-02,2,1,高频多品类用户
200877,5,2017-11-30,3,3,高频多品类用户
200883,1,2017-12-02,1,1,新购买用户
200886,1,2017-11-25,1,8,低频沉睡用户
200895,2,2017-11-26,2,7,稳定复购用户
200902,2,2017-11-29,2,4,稳定复购用户
200913,1,2017-11-30,1,3,低频沉睡用户
200921,1,2017-12-03,1,0,新购买用户
200928,1,2017-11-30,1,3,低频沉睡用户
200933,1,2017-12-02,1,1,新购买用户
200937,1,2017-12-03,1,0,新购买用户
200940,2,2017-12-02,2,1,稳定复购用户
200941,1,2017-11-27,1,6,低频沉睡用户
200948,7,2017-12-02,7,1,高频多品类用户
200949,2,2017-12-03,2,0,稳定复购用户
200965,1,2017-12-02,1,1,新购买用户
200968,1,2017-12-01,1,2,低频沉睡用户
200974,1,2017-11-26,1,7,低频沉睡用户
200978,1,2017-11-27,1,6,低频沉睡用户
200999,2,2017-12-02,2,1,稳定复购用户
201003,4,2017-12-03,2,0,高频多品类用户
201006,1,2017-11-29,1,4,低频沉睡用户
201018,2,2017-12-02,2,1,稳定复购用户
201020,7,2017-12-02,7,1,高频多品类用户
201021,2,2017-12-03,2,0,稳定复购用户
201027,1,2017-11-27,1,6,低频沉睡用户
201028,1,2017-11-28,1,5,低频沉睡用户
201045,1,2017-12-01,1,2,低频沉睡用户
201058,2,2017-12-03,2,0,稳定复购用户
201066,5,2017-12-03,3,0,高频多品类用户
201067,1,2017-11-26,1,7,低频沉睡用户
201071,1,2017-12-01,1,2,低频沉睡用户
201072,2,2017-12-03,2,0,稳定复购用户
201080,3,2017-12-01,3,2,高频多品类用户
201089,2,2017-11-25,1,8,稳定复购用户
201095,2,2017-11-30,2,3,稳定复购用户
201102,5,2017-12-03,3,0,高频多品类用户
201111,4,2017-12-02,3,1,高频多品类用户
201113,5,2017-12-03,5,0,高频多品类用户
201121,4,2017-12-03,4,0,高频多品类用户
201149,6,2017-12-03,5,0,高频多品类用户
201159,1,2017-12-02,1,1,新购买用户
201160,3,2017-11-27,2,6,高频多品类用户
201165,8,2017-12-03,8,0,高频多品类用户
201167,1,2017-12-01,1,2,低频沉睡用户
201170,3,2017-12-02,2,1,高频多品类用户
201171,1,2017-11-26,1,7,低频沉睡用户
201173,2,2017-11-27,2,6,稳定复购用户
201179,2,2017-12-01,2,2,稳定复购用户
201184,3,2017-11-30,3,3,高频多品类用户
201193,4,2017-12-03,3,0,高频多品类用户
201198,1,2017-11-25,1,8,低频沉睡用户
201210,1,2017-11-27,1,6,低频沉睡用户
201221,1,2017-11-29,1,4,低频沉睡用户
201233,1,2017-12-01,1,2,低频沉睡用户
201236,2,2017-12-01,2,2,稳定复购用户
201240,1,2017-11-25,1,8,低频沉睡用户
201265,1,2017-12-02,1,1,新购买用户
201278,3,2017-12-03,3,0,高频多品类用户
201308,2,2017-12-03,2,0,稳定复购用户
201309,3,2017-12-03,3,0,高频多品类用户
201316,16,2017-12-03,11,0,高频多品类用户
201317,2,2017-12-03,2,0,稳定复购用户
201341,2,2017-12-02,2,1,稳定复购用户
201343,3,2017-12-03,3,0,高频多品类用户
201344,2,2017-11-30,2,3,稳定复购用户
201349,4,2017-12-02,4,1,高频多品类用户
201358,8,2017-12-03,8,0,高频多品类用户
201372,3,2017-12-03,2,0,高频多品类用户
201386,7,2017-12-02,7,1,高频多品类用户
201387,1,2017-12-03,1,0,新购买用户
201396,1,2017-11-29,1,4,低频沉睡用户
201399,3,2017-11-26,3,7,高频多品类用户
201410,3,2017-12-03,2,0,高频多品类用户
201412,2,2017-11-25,2,8,稳定复购用户
201420,2,2017-12-01,2,2,稳定复购用户
201427,8,2017-12-02,7,1,高频多品类用户
201429,1,2017-11-25,1,8,低频沉睡用户
201442,1,2017-12-03,1,0,新购买用户
201476,1,2017-11-28,1,5,低频沉睡用户
201479,1,2017-11-28,1,5,低频沉睡用户
201480,5,2017-12-02,5,1,高频多品类用户
201486,1,2017-11-26,1,7,低频沉睡用户
201490,1,2017-11-30,1,3,低频沉睡用户
201496,3,2017-11-29,3,4,高频多品类用户
201501,2,2017-11-27,2,6,稳定复购用户
201513,3,2017-11-27,2,6,高频多品类用户
201514,4,2017-12-03,3,0,高频多品类用户
201518,4,2017-12-02,4,1,高频多品类用户
201522,3,2017-12-02,2,1,高频多品类用户
201532,7,2017-12-03,7,0,高频多品类用户
201534,1,2017-11-29,1,4,低频沉睡用户
201553,2,2017-12-01,2,2,稳定复购用户
201569,5,2017-12-01,4,2,高频多品类用户
201590,8,2017-12-02,7,1,高频多品类用户
201591,3,2017-12-03,3,0,高频多品类用户
201602,3,2017-12-03,3,0,高频多品类用户
201604,2,2017-11-30,2,3,稳定复购用户
201610,11,2017-12-02,10,1,高频多品类用户
201619,1,2017-11-26,1,7,低频沉睡用户
201627,2,2017-12-03,1,0,稳定复购用户
201640,5,2017-12-01,5,2,高频多品类用户
201641,1,2017-11-28,1,5,低频沉睡用户
201644,1,2017-12-02,1,1,新购买用户
201648,1,2017-11-27,1,6,低频沉睡用户
201655,1,2017-11-25,1,8,低频沉睡用户
201661,6,2017-12-03,5,0,高频多品类用户
201662,1,2017-11-29,1,4,低频沉睡用户
201663,3,2017-12-03,3,0,高频多品类用户
201665,8,2017-12-01,8,2,高频多品类用户
201670,2,2017-12-03,2,0,稳定复购用户
201695,7,2017-12-03,7,0,高频多品类用户
201697,3,2017-12-02,3,1,高频多品类用户
201703,4,2017-11-30,3,3,高频多品类用户
201711,4,2017-11-29,4,4,高频多品类用户
201716,8,2017-12-02,8,1,高频多品类用户
201723,1,2017-11-27,1,6,低频沉睡用户
201735,1,2017-11-29,1,4,低频沉睡用户
201737,1,2017-11-28,1,5,低频沉睡用户
201746,2,2017-11-30,2,3,稳定复购用户
201748,5,2017-12-01,5,2,高频多品类用户
201759,1,2017-12-02,1,1,新购买用户
201764,1,2017-11-29,1,4,低频沉睡用户
201765,1,2017-11-30,1,3,低频沉睡用户
201776,12,2017-12-03,12,0,高频多品类用户
201788,1,2017-11-26,1,7,低频沉睡用户
201800,3,2017-12-02,3,1,高频多品类用户
201803,1,2017-11-28,1,5,低频沉睡用户
201804,2,2017-12-01,2,2,稳定复购用户
201812,1,2017-11-27,1,6,低频沉睡用户
201814,1,2017-11-30,1,3,低频沉睡用户
201816,6,2017-12-03,5,0,高频多品类用户
201839,2,2017-12-03,2,0,稳定复购用户
201841,2,2017-12-01,2,2,稳定复购用户
201844,3,2017-12-03,3,0,高频多品类用户
201845,3,2017-12-03,3,0,高频多品类用户
201851,6,2017-11-30,5,3,高频多品类用户
201857,8,2017-12-02,7,1,高频多品类用户
201865,1,2017-12-02,1,1,新购买用户
201871,1,2017-12-01,1,2,低频沉睡用户
201878,3,2017-12-03,3,0,高频多品类用户
201904,1,2017-12-03,1,0,新购买用户
201911,1,2017-12-03,1,0,新购买用户
201914,1,2017-12-01,1,2,低频沉睡用户
201919,1,2017-12-02,1,1,新购买用户
201926,6,2017-12-02,6,1,高频多品类用户
201928,1,2017-11-26,1,7,低频沉睡用户
201933,1,2017-12-02,1,1,新购买用户
201943,17,2017-12-03,15,0,高频多品类用户
201968,1,2017-11-25,1,8,低频沉睡用户
201970,4,2017-12-03,4,0,高频多品类用户
201975,2,2017-12-03,2,0,稳定复购用户
201977,3,2017-12-02,3,1,高频多品类用户
201978,8,2017-12-03,6,0,高频多品类用户
202004,8,2017-11-27,7,6,高频多品类用户
202015,7,2017-11-28,6,5,高频多品类用户
202024,1,2017-11-30,1,3,低频沉睡用户
202035,2,2017-12-02,2,1,稳定复购用户
202050,2,2017-11-28,2,5,稳定复购用户
202055,4,2017-12-03,3,0,高频多品类用户
202058,1,2017-11-30,1,3,低频沉睡用户
202069,3,2017-11-28,3,5,高频多品类用户
202076,6,2017-12-02,4,1,高频多品类用户
202091,1,2017-11-28,1,5,低频沉睡用户
202093,3,2017-11-26,3,7,高频多品类用户
202098,21,2017-12-03,21,0,高频多品类用户
202099,5,2017-12-01,5,2,高频多品类用户
202101,2,2017-12-03,2,0,稳定复购用户
202104,4,2017-12-03,4,0,高频多品类用户
202112,5,2017-12-02,4,1,高频多品类用户
202115,1,2017-11-25,1,8,低频沉睡用户
202134,1,2017-11-29,1,4,低频沉睡用户
202155,1,2017-12-03,1,0,新购买用户
202160,2,2017-11-28,2,5,稳定复购用户
202161,3,2017-12-03,1,0,稳定复购用户
202162,1,2017-11-27,1,6,低频沉睡用户
202178,6,2017-12-03,6,0,高频多品类用户
202179,1,2017-12-02,1,1,新购买用户
202181,1,2017-12-03,1,0,新购买用户
202187,2,2017-12-02,2,1,稳定复购用户
202189,2,2017-12-03,2,0,稳定复购用户
202219,2,2017-11-29,2,4,稳定复购用户
202256,1,2017-11-25,1,8,低频沉睡用户
202257,3,2017-11-29,2,4,高频多品类用户
202290,5,2017-12-03,4,0,高频多品类用户
202293,1,2017-11-25,1,8,低频沉睡用户
202303,1,2017-11-30,1,3,低频沉睡用户
202312,9,2017-12-02,8,1,高频多品类用户
202320,2,2017-11-26,1,7,稳定复购用户
202329,1,2017-11-30,1,3,低频沉睡用户
202342,1,2017-11-30,1,3,低频沉睡用户
202345,3,2017-11-28,3,5,高频多品类用户
202346,6,2017-12-03,6,0,高频多品类用户
202354,4,2017-12-01,3,2,高频多品类用户
202361,2,2017-12-02,2,1,稳定复购用户
202373,4,2017-11-30,3,3,高频多品类用户
202395,1,2017-11-26,1,7,低频沉睡用户
202402,5,2017-12-03,4,0,高频多品类用户
202403,1,2017-11-29,1,4,低频沉睡用户
202406,2,2017-12-01,2,2,稳定复购用户
202414,11,2017-12-03,10,0,高频多品类用户
202427,1,2017-12-02,1,1,新购买用户
202430,1,2017-12-03,1,0,新购买用户
202441,2,2017-11-27,2,6,稳定复购用户
202445,3,2017-11-30,2,3,高频多品类用户
202448,1,2017-12-03,1,0,新购买用户
202460,8,2017-11-29,5,4,高频多品类用户
202464,3,2017-12-03,3,0,高频多品类用户
202473,2,2017-12-02,2,1,稳定复购用户
202480,15,2017-12-02,10,1,高频多品类用户
202483,1,2017-11-30,1,3,低频沉睡用户
202485,4,2017-12-02,3,1,高频多品类用户
202492,3,2017-11-30,3,3,高频多品类用户
202494,4,2017-12-02,4,1,高频多品类用户
202495,6,2017-12-02,5,1,高频多品类用户
202504,1,2017-11-29,1,4,低频沉睡用户
202512,7,2017-12-01,4,2,高频多品类用户
202522,5,2017-12-03,2,0,高频多品类用户
202523,3,2017-12-03,3,0,高频多品类用户
202528,3,2017-11-28,3,5,高频多品类用户
202546,3,2017-12-03,3,0,高频多品类用户
202553,3,2017-12-02,3,1,高频多品类用户
202554,5,2017-12-03,5,0,高频多品类用户
202557,5,2017-12-03,3,0,高频多品类用户
202559,1,2017-12-02,1,1,新购买用户
202566,3,2017-12-01,2,2,高频多品类用户
202571,4,2017-12-03,2,0,高频多品类用户
202576,1,2017-12-01,1,2,低频沉睡用户
202578,4,2017-12-03,3,0,高频多品类用户
202597,1,2017-11-27,1,6,低频沉睡用户
202598,6,2017-12-03,6,0,高频多品类用户
202600,1,2017-12-01,1,2,低频沉睡用户
202601,2,2017-12-02,2,1,稳定复购用户
202605,1,2017-12-01,1,2,低频沉睡用户
202631,2,2017-12-01,2,2,稳定复购用户
202642,4,2017-12-01,3,2,高频多品类用户
202647,3,2017-12-02,3,1,高频多品类用户
202658,1,2017-12-03,1,0,新购买用户
202661,4,2017-11-30,2,3,高频多品类用户
202668,1,2017-11-28,1,5,低频沉睡用户
202674,3,2017-11-30,3,3,高频多品类用户
202695,5,2017-12-01,5,2,高频多品类用户
202696,2,2017-12-02,2,1,稳定复购用户
202700,3,2017-12-03,3,0,高频多品类用户
202711,4,2017-12-03,3,0,高频多品类用户
202712,1,2017-11-27,1,6,低频沉睡用户
202714,2,2017-11-29,2,4,稳定复购用户
202745,2,2017-11-28,2,5,稳定复购用户
202754,9,2017-12-03,9,0,高频多品类用户
202756,2,2017-12-03,2,0,稳定复购用户
202763,4,2017-11-28,2,5,高频多品类用户
202764,5,2017-12-01,1,2,稳定复购用户
202768,3,2017-11-30,2,3,高频多品类用户
202775,6,2017-11-30,6,3,高频多品类用户
202777,2,2017-11-26,2,7,稳定复购用户
202789,4,2017-12-03,4,0,高频多品类用户
202796,1,2017-11-28,1,5,低频沉睡用户
202797,2,2017-12-01,2,2,稳定复购用户
202802,1,2017-11-26,1,7,低频沉睡用户
202805,4,2017-12-02,4,1,高频多品类用户
202809,2,2017-11-26,2,7,稳定复购用户
202823,2,2017-11-29,2,4,稳定复购用户
202829,5,2017-12-03,5,0,高频多品类用户
202831,5,2017-12-03,5,0,高频多品类用户
202836,2,2017-12-01,1,2,稳定复购用户
202861,2,2017-11-30,2,3,稳定复购用户
202863,1,2017-11-30,1,3,低频沉睡用户
202866,5,2017-12-02,4,1,高频多品类用户
202875,1,2017-11-26,1,7,低频沉睡用户
202878,2,2017-11-28,2,5,稳定复购用户
202879,1,2017-12-02,1,1,新购买用户
202887,1,2017-11-26,1,7,低频沉睡用户
202904,12,2017-12-01,9,2,高频多品类用户
202923,3,2017-12-02,2,1,高频多品类用户
202934,3,2017-12-01,2,2,高频多品类用户
202935,2,2017-11-30,2,3,稳定复购用户
202945,1,2017-11-28,1,5,低频沉睡用户
202958,1,2017-11-28,1,5,低频沉睡用户
202966,4,2017-11-30,3,3,高频多品类用户
202970,18,2017-12-01,12,2,高频多品类用户
202972,1,2017-12-02,1,1,新购买用户
202974,16,2017-12-03,10,0,高频多品类用户
202977,1,2017-11-30,1,3,低频沉睡用户
202979,5,2017-11-30,4,3,高频多品类用户
202982,3,2017-11-27,3,6,高频多品类用户
202985,1,2017-12-02,1,1,新购买用户
202991,2,2017-12-01,1,2,稳定复购用户
202993,14,2017-12-03,12,0,高频多品类用户
202998,9,2017-12-01,8,2,高频多品类用户
203001,1,2017-12-01,1,2,低频沉睡用户
203005,1,2017-11-26,1,7,低频沉睡用户
203012,1,2017-11-30,1,3,低频沉睡用户
203014,6,2017-12-01,6,2,高频多品类用户
203018,1,2017-12-01,1,2,低频沉睡用户
203020,1,2017-12-02,1,1,新购买用户
203032,3,2017-11-29,3,4,高频多品类用户
203035,2,2017-11-26,2,7,稳定复购用户
203048,1,2017-11-29,1,4,低频沉睡用户
203064,2,2017-12-03,2,0,稳定复购用户
203078,4,2017-12-03,4,0,高频多品类用户
203084,3,2017-12-03,3,0,高频多品类用户
203092,4,2017-12-03,4,0,高频多品类用户
203094,2,2017-12-01,2,2,稳定复购用户
203097,3,2017-12-03,3,0,高频多品类用户
203100,5,2017-11-30,4,3,高频多品类用户
203110,1,2017-12-03,1,0,新购买用户
203118,2,2017-11-30,1,3,稳定复购用户
203122,6,2017-12-01,3,2,高频多品类用户
203124,2,2017-11-26,2,7,稳定复购用户
203139,8,2017-12-03,7,0,高频多品类用户
203143,1,2017-11-28,1,5,低频沉睡用户
203151,2,2017-12-03,2,0,稳定复购用户
203164,4,2017-12-01,3,2,高频多品类用户
203183,2,2017-11-30,2,3,稳定复购用户
203214,5,2017-11-28,2,5,高频多品类用户
203222,1,2017-11-27,1,6,低频沉睡用户
203223,1,2017-12-03,1,0,新购买用户
203224,2,2017-11-27,2,6,稳定复购用户
203226,1,2017-12-02,1,1,新购买用户
203239,1,2017-12-01,1,2,低频沉睡用户
203253,3,2017-12-01,2,2,高频多品类用户
203254,5,2017-12-02,5,1,高频多品类用户
203256,4,2017-12-03,3,0,高频多品类用户
203267,2,2017-12-01,2,2,稳定复购用户
203274,4,2017-12-02,4,1,高频多品类用户
203278,2,2017-11-29,2,4,稳定复购用户
203281,1,2017-12-03,1,0,新购买用户
203284,16,2017-12-03,9,0,高频多品类用户
203285,2,2017-12-02,2,1,稳定复购用户
203288,2,2017-11-30,1,3,稳定复购用户
203315,3,2017-11-30,3,3,高频多品类用户
203316,20,2017-12-03,15,0,高频多品类用户
203317,1,2017-11-25,1,8,低频沉睡用户
203332,1,2017-11-30,1,3,低频沉睡用户
203335,4,2017-12-03,4,0,高频多品类用户
203344,1,2017-12-03,1,0,新购买用户
203347,2,2017-11-26,2,7,稳定复购用户
203353,5,2017-11-29,4,4,高频多品类用户
203354,1,2017-12-03,1,0,新购买用户
203357,5,2017-12-03,3,0,高频多品类用户
203360,4,2017-11-28,4,5,高频多品类用户
203368,2,2017-11-28,2,5,稳定复购用户
203380,2,2017-11-26,1,7,稳定复购用户
203386,4,2017-12-03,4,0,高频多品类用户
203390,1,2017-11-30,1,3,低频沉睡用户
203395,4,2017-11-30,4,3,高频多品类用户
203410,1,2017-11-27,1,6,低频沉睡用户
203419,15,2017-12-03,14,0,高频多品类用户
203421,3,2017-11-25,1,8,稳定复购用户
203422,4,2017-12-01,3,2,高频多品类用户
203429,4,2017-12-03,4,0,高频多品类用户
203431,1,2017-12-02,1,1,新购买用户
203433,3,2017-11-29,3,4,高频多品类用户
203437,14,2017-12-02,13,1,高频多品类用户
203446,1,2017-12-03,1,0,新购买用户
203449,4,2017-11-27,4,6,高频多品类用户
203452,1,2017-12-03,1,0,新购买用户
203453,1,2017-11-29,1,4,低频沉睡用户
203454,2,2017-12-03,2,0,稳定复购用户
203463,2,2017-11-26,2,7,稳定复购用户
203471,6,2017-11-30,5,3,高频多品类用户
203490,9,2017-11-30,9,3,高频多品类用户
203507,2,2017-11-27,2,6,稳定复购用户
203509,1,2017-12-02,1,1,新购买用户
203510,2,2017-12-02,1,1,稳定复购用户
203511,1,2017-12-02,1,1,新购买用户
203516,5,2017-12-02,4,1,高频多品类用户
203521,3,2017-11-30,3,3,高频多品类用户
203544,3,2017-12-02,3,1,高频多品类用户
203547,1,2017-11-29,1,4,低频沉睡用户
203558,5,2017-12-03,5,0,高频多品类用户
203559,2,2017-11-29,2,4,稳定复购用户
203562,2,2017-12-03,2,0,稳定复购用户
203585,1,2017-12-01,1,2,低频沉睡用户
203589,5,2017-12-03,4,0,高频多品类用户
203591,3,2017-11-29,3,4,高频多品类用户
203603,1,2017-12-02,1,1,新购买用户
203609,2,2017-11-28,2,5,稳定复购用户
203611,1,2017-11-26,1,7,低频沉睡用户
203630,1,2017-11-25,1,8,低频沉睡用户
203643,1,2017-12-03,1,0,新购买用户
203645,3,2017-12-01,3,2,高频多品类用户
203646,2,2017-11-29,1,4,稳定复购用户
203661,1,2017-11-27,1,6,低频沉睡用户
203664,1,2017-11-27,1,6,低频沉睡用户
203671,1,2017-11-30,1,3,低频沉睡用户
203677,1,2017-11-25,1,8,低频沉睡用户
203683,3,2017-12-02,3,1,高频多品类用户
203691,3,2017-12-03,3,0,高频多品类用户
203723,1,2017-12-03,1,0,新购买用户
203726,8,2017-12-02,6,1,高频多品类用户
203739,6,2017-12-03,5,0,高频多品类用户
203749,3,2017-12-03,2,0,高频多品类用户
203750,15,2017-12-03,13,0,高频多品类用户
203756,1,2017-11-26,1,7,低频沉睡用户
203784,6,2017-12-01,5,2,高频多品类用户
203786,2,2017-11-30,1,3,稳定复购用户
203792,7,2017-11-29,5,4,高频多品类用户
203793,4,2017-11-28,3,5,高频多品类用户
203807,4,2017-12-03,3,0,高频多品类用户
203813,1,2017-11-29,1,4,低频沉睡用户
203838,2,2017-11-30,2,3,稳定复购用户
203849,5,2017-12-03,3,0,高频多品类用户
203852,3,2017-11-28,2,5,高频多品类用户
203878,2,2017-12-02,2,1,稳定复购用户
203879,2,2017-11-29,2,4,稳定复购用户
203886,5,2017-12-03,5,0,高频多品类用户
203887,3,2017-12-02,2,1,高频多品类用户
203890,6,2017-12-01,5,2,高频多品类用户
203892,5,2017-12-03,4,0,高频多品类用户
203896,3,2017-12-03,2,0,高频多品类用户
203902,1,2017-11-27,1,6,低频沉睡用户
203921,5,2017-12-02,5,1,高频多品类用户
203924,2,2017-12-03,2,0,稳定复购用户
203927,8,2017-12-02,6,1,高频多品类用户
203931,1,2017-11-28,1,5,低频沉睡用户
203933,2,2017-11-27,1,6,稳定复购用户
203935,3,2017-12-03,3,0,高频多品类用户
203945,3,2017-11-28,3,5,高频多品类用户
203953,6,2017-12-02,4,1,高频多品类用户
203962,3,2017-11-29,3,4,高频多品类用户
203995,2,2017-12-01,2,2,稳定复购用户
204004,2,2017-11-30,2,3,稳定复购用户
204007,3,2017-11-29,3,4,高频多品类用户
204014,3,2017-12-03,1,0,稳定复购用户
204020,3,2017-11-25,3,8,高频多品类用户
204024,3,2017-11-27,3,6,高频多品类用户
204031,3,2017-12-01,3,2,高频多品类用户
204035,1,2017-11-25,1,8,低频沉睡用户
204058,3,2017-11-30,2,3,高频多品类用户
204065,5,2017-12-02,3,1,高频多品类用户
204066,3,2017-12-02,3,1,高频多品类用户
204070,6,2017-11-30,6,3,高频多品类用户
204083,3,2017-12-03,3,0,高频多品类用户
204096,5,2017-12-02,4,1,高频多品类用户
204111,2,2017-11-29,2,4,稳定复购用户
204127,6,2017-12-03,5,0,高频多品类用户
204142,1,2017-12-03,1,0,新购买用户
204156,3,2017-11-26,3,7,高频多品类用户
204157,4,2017-12-03,4,0,高频多品类用户
204158,2,2017-12-02,2,1,稳定复购用户
204175,4,2017-11-28,3,5,高频多品类用户
204180,3,2017-11-30,2,3,高频多品类用户
204183,1,2017-12-03,1,0,新购买用户
204185,6,2017-12-03,6,0,高频多品类用户
204186,2,2017-11-28,2,5,稳定复购用户
204200,2,2017-11-29,2,4,稳定复购用户
204209,1,2017-11-28,1,5,低频沉睡用户
204222,2,2017-11-27,2,6,稳定复购用户
204230,1,2017-12-01,1,2,低频沉睡用户
204233,1,2017-12-02,1,1,新购买用户
204247,4,2017-12-02,4,1,高频多品类用户
204275,5,2017-12-02,4,1,高频多品类用户
204317,3,2017-11-27,3,6,高频多品类用户
204318,9,2017-12-03,8,0,高频多品类用户
204322,1,2017-11-27,1,6,低频沉睡用户
204324,2,2017-11-30,2,3,稳定复购用户
204341,1,2017-12-03,1,0,新购买用户
204348,2,2017-12-02,1,1,稳定复购用户
204353,1,2017-11-30,1,3,低频沉睡用户
204355,1,2017-11-26,1,7,低频沉睡用户
204375,7,2017-12-02,5,1,高频多品类用户
204377,1,2017-11-28,1,5,低频沉睡用户
204392,2,2017-11-26,2,7,稳定复购用户
204395,1,2017-12-01,1,2,低频沉睡用户
204403,1,2017-11-30,1,3,低频沉睡用户
204411,1,2017-11-30,1,3,低频沉睡用户
204418,2,2017-12-02,2,1,稳定复购用户
204422,4,2017-11-30,3,3,高频多品类用户
204429,3,2017-11-28,3,5,高频多品类用户
204439,5,2017-12-03,4,0,高频多品类用户
204440,2,2017-12-03,1,0,稳定复购用户
204457,2,2017-12-02,1,1,稳定复购用户
204462,2,2017-11-30,2,3,稳定复购用户
204464,2,2017-12-03,1,0,稳定复购用户
204486,4,2017-12-01,4,2,高频多品类用户
204495,2,2017-12-03,2,0,稳定复购用户
204499,1,2017-12-02,1,1,新购买用户
204501,1,2017-11-29,1,4,低频沉睡用户
204504,1,2017-11-26,1,7,低频沉睡用户
204512,4,2017-12-03,3,0,高频多品类用户
204513,1,2017-11-27,1,6,低频沉睡用户
204525,1,2017-11-26,1,7,低频沉睡用户
204528,1,2017-11-27,1,6,低频沉睡用户
204545,1,2017-11-27,1,6,低频沉睡用户
204546,8,2017-12-01,6,2,高频多品类用户
204555,1,2017-12-03,1,0,新购买用户
204557,8,2017-12-03,8,0,高频多品类用户
204579,6,2017-11-30,5,3,高频多品类用户
204597,1,2017-11-25,1,8,低频沉睡用户
204599,2,2017-12-03,2,0,稳定复购用户
204604,3,2017-12-02,3,1,高频多品类用户
204618,1,2017-12-02,1,1,新购买用户
204623,1,2017-11-26,1,7,低频沉睡用户
204628,1,2017-11-28,1,5,低频沉睡用户
204634,2,2017-12-03,2,0,稳定复购用户
204635,2,2017-11-29,2,4,稳定复购用户
204637,6,2017-11-28,6,5,高频多品类用户
204655,1,2017-11-26,1,7,低频沉睡用户
204658,2,2017-11-27,2,6,稳定复购用户
204663,3,2017-12-01,3,2,高频多品类用户
204665,2,2017-11-30,2,3,稳定复购用户
204671,3,2017-12-01,3,2,高频多品类用户
204676,2,2017-12-02,2,1,稳定复购用户
204678,1,2017-12-01,1,2,低频沉睡用户
204680,1,2017-12-02,1,1,新购买用户
204682,2,2017-11-27,2,6,稳定复购用户
204697,7,2017-12-01,7,2,高频多品类用户
204700,7,2017-12-03,6,0,高频多品类用户
204703,1,2017-11-25,1,8,低频沉睡用户
204719,4,2017-12-01,4,2,高频多品类用户
204721,2,2017-12-01,2,2,稳定复购用户
204725,1,2017-12-03,1,0,新购买用户
204729,12,2017-12-03,12,0,高频多品类用户
204732,2,2017-11-30,2,3,稳定复购用户
204753,1,2017-11-25,1,8,低频沉睡用户
204756,9,2017-12-01,8,2,高频多品类用户
204761,2,2017-12-01,2,2,稳定复购用户
204787,3,2017-11-29,3,4,高频多品类用户
204792,1,2017-11-28,1,5,低频沉睡用户
204794,2,2017-11-30,2,3,稳定复购用户
204805,4,2017-12-02,3,1,高频多品类用户
204809,2,2017-11-30,2,3,稳定复购用户
204810,1,2017-12-02,1,1,新购买用户
204814,4,2017-12-01,4,2,高频多品类用户
204824,1,2017-11-25,1,8,低频沉睡用户
204829,8,2017-12-02,7,1,高频多品类用户
204831,1,2017-12-01,1,2,低频沉睡用户
204832,15,2017-12-02,7,1,高频多品类用户
204850,5,2017-12-03,5,0,高频多品类用户
204869,8,2017-12-02,8,1,高频多品类用户
204874,2,2017-12-03,1,0,稳定复购用户
204880,5,2017-12-02,5,1,高频多品类用户
204884,1,2017-12-03,1,0,新购买用户
204891,3,2017-12-01,3,2,高频多品类用户
204892,1,2017-11-26,1,7,低频沉睡用户
204895,9,2017-12-03,8,0,高频多品类用户
204897,2,2017-11-30,2,3,稳定复购用户
204905,3,2017-12-02,3,1,高频多品类用户
204912,1,2017-11-25,1,8,低频沉睡用户
204922,1,2017-11-29,1,4,低频沉睡用户
204928,2,2017-12-01,2,2,稳定复购用户
204930,2,2017-12-03,2,0,稳定复购用户
204932,1,2017-12-03,1,0,新购买用户
204945,2,2017-12-02,2,1,稳定复购用户
204947,3,2017-12-01,3,2,高频多品类用户
204959,27,2017-12-03,16,0,高频多品类用户
204966,2,2017-12-01,2,2,稳定复购用户
204967,4,2017-12-03,4,0,高频多品类用户
204979,6,2017-12-02,5,1,高频多品类用户
204990,5,2017-12-03,4,0,高频多品类用户
205005,1,2017-12-03,1,0,新购买用户
205014,8,2017-12-02,6,1,高频多品类用户
205015,2,2017-11-28,2,5,稳定复购用户
205016,10,2017-12-02,8,1,高频多品类用户
205017,4,2017-11-28,4,5,高频多品类用户
205019,5,2017-11-30,5,3,高频多品类用户
205034,1,2017-12-02,1,1,新购买用户
205036,2,2017-12-02,2,1,稳定复购用户
205054,2,2017-11-29,2,4,稳定复购用户
205055,1,2017-12-03,1,0,新购买用户
205062,3,2017-11-30,3,3,高频多品类用户
205071,2,2017-12-02,1,1,稳定复购用户
205072,5,2017-12-02,5,1,高频多品类用户
205073,15,2017-12-03,8,0,高频多品类用户
205081,7,2017-11-30,6,3,高频多品类用户
205090,1,2017-12-03,1,0,新购买用户
205097,5,2017-11-30,5,3,高频多品类用户
205107,3,2017-11-28,3,5,高频多品类用户
205115,3,2017-11-29,2,4,高频多品类用户
205131,5,2017-12-01,4,2,高频多品类用户
205143,1,2017-12-03,1,0,新购买用户
205156,1,2017-12-02,1,1,新购买用户
205162,1,2017-12-03,1,0,新购买用户
205164,1,2017-11-29,1,4,低频沉睡用户
205167,2,2017-12-02,2,1,稳定复购用户
205174,1,2017-12-02,1,1,新购买用户
205188,1,2017-12-02,1,1,新购买用户
205189,3,2017-12-02,3,1,高频多品类用户
205197,2,2017-12-02,2,1,稳定复购用户
205201,2,2017-12-02,2,1,稳定复购用户
205205,2,2017-12-01,2,2,稳定复购用户
205208,6,2017-12-03,5,0,高频多品类用户
205212,2,2017-12-03,2,0,稳定复购用户
205237,1,2017-11-25,1,8,低频沉睡用户
205239,1,2017-11-30,1,3,低频沉睡用户
205240,5,2017-12-03,5,0,高频多品类用户
205243,1,2017-12-01,1,2,低频沉睡用户
205252,6,2017-12-02,5,1,高频多品类用户
205261,2,2017-12-03,2,0,稳定复购用户
205273,1,2017-12-02,1,1,新购买用户
205296,3,2017-11-29,3,4,高频多品类用户
205305,1,2017-12-02,1,1,新购买用户
205325,1,2017-11-28,1,5,低频沉睡用户
205327,4,2017-11-29,4,4,高频多品类用户
205331,5,2017-11-29,5,4,高频多品类用户
205356,2,2017-12-02,2,1,稳定复购用户
205376,6,2017-11-30,6,3,高频多品类用户
205397,2,2017-11-28,2,5,稳定复购用户
205416,1,2017-11-25,1,8,低频沉睡用户
205434,2,2017-11-29,2,4,稳定复购用户
205444,1,2017-11-30,1,3,低频沉睡用户
205447,3,2017-12-02,3,1,高频多品类用户
205461,1,2017-11-27,1,6,低频沉睡用户
205505,3,2017-11-30,3,3,高频多品类用户
205507,1,2017-11-27,1,6,低频沉睡用户
205514,6,2017-12-03,5,0,高频多品类用户
205522,17,2017-12-03,10,0,高频多品类用户
205532,2,2017-11-30,2,3,稳定复购用户
205551,1,2017-11-30,1,3,低频沉睡用户
205553,18,2017-12-03,11,0,高频多品类用户
205569,2,2017-11-29,2,4,稳定复购用户
205577,3,2017-12-03,3,0,高频多品类用户
205579,6,2017-12-03,6,0,高频多品类用户
205581,2,2017-11-28,2,5,稳定复购用户
205585,2,2017-12-03,2,0,稳定复购用户
205607,1,2017-11-28,1,5,低频沉睡用户
205610,1,2017-11-26,1,7,低频沉睡用户
205615,1,2017-11-30,1,3,低频沉睡用户
205619,3,2017-11-30,3,3,高频多品类用户
205620,1,2017-11-29,1,4,低频沉睡用户
205624,1,2017-11-30,1,3,低频沉睡用户
205628,1,2017-11-29,1,4,低频沉睡用户
205638,5,2017-12-02,3,1,高频多品类用户
205652,2,2017-11-30,2,3,稳定复购用户
205659,5,2017-12-01,4,2,高频多品类用户
205674,1,2017-11-27,1,6,低频沉睡用户
205683,4,2017-12-02,3,1,高频多品类用户
205696,3,2017-12-01,1,2,稳定复购用户
205704,1,2017-12-03,1,0,新购买用户
205711,6,2017-12-03,4,0,高频多品类用户
205727,3,2017-12-02,3,1,高频多品类用户
205728,4,2017-12-03,4,0,高频多品类用户
205732,9,2017-12-02,8,1,高频多品类用户
205748,5,2017-12-03,5,0,高频多品类用户
205749,2,2017-11-28,2,5,稳定复购用户
205757,2,2017-11-30,2,3,稳定复购用户
205771,2,2017-11-26,1,7,稳定复购用户
205777,4,2017-12-03,3,0,高频多品类用户
205791,1,2017-11-30,1,3,低频沉睡用户
205804,1,2017-11-29,1,4,低频沉睡用户
205822,1,2017-12-01,1,2,低频沉睡用户
205831,2,2017-12-03,2,0,稳定复购用户
205832,2,2017-12-02,2,1,稳定复购用户
205848,1,2017-11-30,1,3,低频沉睡用户
205855,2,2017-12-03,2,0,稳定复购用户
205860,4,2017-12-03,3,0,高频多品类用户
205861,6,2017-11-30,4,3,高频多品类用户
205880,1,2017-11-27,1,6,低频沉睡用户
205882,1,2017-12-03,1,0,新购买用户
205889,2,2017-12-02,2,1,稳定复购用户
205895,5,2017-12-02,4,1,高频多品类用户
205899,1,2017-11-29,1,4,低频沉睡用户
205902,1,2017-12-01,1,2,低频沉睡用户
205912,1,2017-11-28,1,5,低频沉睡用户
205920,4,2017-11-28,4,5,高频多品类用户
205931,8,2017-12-01,7,2,高频多品类用户
205940,1,2017-11-29,1,4,低频沉睡用户
205941,1,2017-12-02,1,1,新购买用户
205948,6,2017-12-02,5,1,高频多品类用户
205952,1,2017-12-02,1,1,新购买用户
205954,1,2017-11-26,1,7,低频沉睡用户
205955,1,2017-12-02,1,1,新购买用户
205989,4,2017-12-02,4,1,高频多品类用户
205994,1,2017-11-27,1,6,低频沉睡用户
205997,2,2017-12-03,2,0,稳定复购用户
206023,2,2017-12-03,2,0,稳定复购用户
206035,3,2017-12-02,3,1,高频多品类用户
206036,1,2017-11-30,1,3,低频沉睡用户
206040,4,2017-12-01,3,2,高频多品类用户
206062,1,2017-11-29,1,4,低频沉睡用户
206071,3,2017-11-29,3,4,高频多品类用户
206079,2,2017-12-03,1,0,稳定复购用户
206090,8,2017-11-30,7,3,高频多品类用户
206104,1,2017-12-03,1,0,新购买用户
206105,3,2017-12-01,3,2,高频多品类用户
206113,2,2017-11-29,2,4,稳定复购用户
206116,1,2017-12-03,1,0,新购买用户
206118,2,2017-12-01,2,2,稳定复购用户
206119,1,2017-11-28,1,5,低频沉睡用户
206123,5,2017-12-02,5,1,高频多品类用户
206132,1,2017-12-01,1,2,低频沉睡用户
206133,2,2017-12-02,2,1,稳定复购用户
206141,4,2017-12-02,3,1,高频多品类用户
206142,6,2017-11-26,2,7,高频多品类用户
206143,4,2017-12-02,4,1,高频多品类用户
206170,2,2017-11-29,2,4,稳定复购用户
206188,4,2017-12-03,3,0,高频多品类用户
206207,2,2017-11-29,2,4,稳定复购用户
206208,3,2017-12-03,2,0,高频多品类用户
206230,1,2017-11-29,1,4,低频沉睡用户
206232,3,2017-12-03,3,0,高频多品类用户
206268,5,2017-12-01,5,2,高频多品类用户
206269,2,2017-12-01,2,2,稳定复购用户
206275,1,2017-12-01,1,2,低频沉睡用户
206277,1,2017-11-28,1,5,低频沉睡用户
206284,2,2017-11-29,2,4,稳定复购用户
206290,1,2017-11-28,1,5,低频沉睡用户
206302,1,2017-12-03,1,0,新购买用户
206305,5,2017-12-02,5,1,高频多品类用户
206330,7,2017-12-02,7,1,高频多品类用户
206335,1,2017-12-03,1,0,新购买用户
206345,2,2017-11-28,1,5,稳定复购用户
206351,14,2017-12-01,14,2,高频多品类用户
206366,6,2017-12-03,6,0,高频多品类用户
206367,5,2017-12-03,5,0,高频多品类用户
206377,9,2017-12-03,8,0,高频多品类用户
206380,2,2017-11-28,2,5,稳定复购用户
206390,2,2017-12-03,2,0,稳定复购用户
206427,4,2017-12-03,2,0,高频多品类用户
206454,4,2017-12-02,4,1,高频多品类用户
206463,4,2017-11-30,3,3,高频多品类用户
206470,2,2017-11-26,2,7,稳定复购用户
206477,3,2017-11-30,3,3,高频多品类用户
206485,4,2017-12-01,4,2,高频多品类用户
206486,3,2017-12-01,3,2,高频多品类用户
206497,1,2017-12-02,1,1,新购买用户
206499,1,2017-11-27,1,6,低频沉睡用户
206502,10,2017-11-29,7,4,高频多品类用户
206506,2,2017-11-30,2,3,稳定复购用户
206507,2,2017-11-28,2,5,稳定复购用户
206534,5,2017-12-01,5,2,高频多品类用户
206535,4,2017-12-02,3,1,高频多品类用户
206537,3,2017-12-01,3,2,高频多品类用户
206542,1,2017-12-01,1,2,低频沉睡用户
206546,1,2017-12-02,1,1,新购买用户
206554,4,2017-11-30,4,3,高频多品类用户
206567,5,2017-12-02,5,1,高频多品类用户
206571,7,2017-12-03,6,0,高频多品类用户
206576,7,2017-12-03,7,0,高频多品类用户
206577,1,2017-11-27,1,6,低频沉睡用户
206580,6,2017-12-03,5,0,高频多品类用户
206583,4,2017-12-03,3,0,高频多品类用户
206591,7,2017-12-02,6,1,高频多品类用户
206601,2,2017-12-01,1,2,稳定复购用户
206616,3,2017-12-03,2,0,高频多品类用户
206633,2,2017-12-02,2,1,稳定复购用户
206635,1,2017-11-26,1,7,低频沉睡用户
206639,3,2017-12-01,3,2,高频多品类用户
206643,7,2017-12-03,7,0,高频多品类用户
206653,1,2017-12-02,1,1,新购买用户
206671,2,2017-11-28,1,5,稳定复购用户
206672,2,2017-11-27,2,6,稳定复购用户
206678,3,2017-12-01,2,2,高频多品类用户
206690,2,2017-12-01,2,2,稳定复购用户
206698,3,2017-12-02,3,1,高频多品类用户
206709,1,2017-11-27,1,6,低频沉睡用户
206714,5,2017-11-29,5,4,高频多品类用户
206718,1,2017-11-26,1,7,低频沉睡用户
206728,3,2017-12-03,3,0,高频多品类用户
206736,2,2017-11-30,2,3,稳定复购用户
206748,2,2017-11-30,2,3,稳定复购用户
206750,2,2017-12-01,2,2,稳定复购用户
206759,1,2017-11-29,1,4,低频沉睡用户
206766,3,2017-11-27,3,6,高频多品类用户
206772,2,2017-12-03,2,0,稳定复购用户
206774,10,2017-11-30,10,3,高频多品类用户
206782,4,2017-12-02,4,1,高频多品类用户
206795,2,2017-12-01,2,2,稳定复购用户
206797,2,2017-11-29,2,4,稳定复购用户
206799,2,2017-12-02,2,1,稳定复购用户
206808,1,2017-11-27,1,6,低频沉睡用户
206810,1,2017-11-30,1,3,低频沉睡用户
206833,2,2017-11-26,1,7,稳定复购用户
206836,2,2017-12-02,2,1,稳定复购用户
206839,2,2017-11-29,2,4,稳定复购用户
206847,3,2017-12-03,3,0,高频多品类用户
206887,9,2017-12-02,9,1,高频多品类用户
206890,3,2017-12-01,3,2,高频多品类用户
206908,3,2017-12-01,3,2,高频多品类用户
206918,2,2017-11-28,2,5,稳定复购用户
206930,3,2017-12-02,3,1,高频多品类用户
206941,2,2017-12-03,2,0,稳定复购用户
206951,2,2017-12-02,2,1,稳定复购用户
206966,2,2017-11-28,1,5,稳定复购用户
206969,2,2017-12-02,2,1,稳定复购用户
206981,2,2017-12-01,2,2,稳定复购用户
206998,4,2017-12-03,4,0,高频多品类用户
207039,2,2017-12-02,2,1,稳定复购用户
207054,2,2017-11-26,2,7,稳定复购用户
207067,3,2017-12-01,3,2,高频多品类用户
207077,2,2017-12-02,1,1,稳定复购用户
207079,1,2017-11-27,1,6,低频沉睡用户
207080,3,2017-11-30,3,3,高频多品类用户
207083,11,2017-11-29,9,4,高频多品类用户
207084,2,2017-11-28,1,5,稳定复购用户
207087,3,2017-12-02,3,1,高频多品类用户
207093,2,2017-12-02,2,1,稳定复购用户
207094,1,2017-11-29,1,4,低频沉睡用户
207104,2,2017-12-01,2,2,稳定复购用户
207111,2,2017-11-26,2,7,稳定复购用户
207129,3,2017-12-03,3,0,高频多品类用户
207151,2,2017-12-02,2,1,稳定复购用户
207153,1,2017-11-26,1,7,低频沉睡用户
207161,1,2017-11-26,1,7,低频沉睡用户
207163,3,2017-12-02,3,1,高频多品类用户
207168,3,2017-12-02,3,1,高频多品类用户
207185,5,2017-12-01,4,2,高频多品类用户
207186,1,2017-11-27,1,6,低频沉睡用户
207191,3,2017-12-02,3,1,高频多品类用户
207195,4,2017-12-02,4,1,高频多品类用户
207196,1,2017-12-02,1,1,新购买用户
207204,3,2017-12-03,3,0,高频多品类用户
207205,1,2017-11-29,1,4,低频沉睡用户
207209,1,2017-12-01,1,2,低频沉睡用户
207213,6,2017-11-30,5,3,高频多品类用户
207221,3,2017-12-01,3,2,高频多品类用户
207229,2,2017-11-30,2,3,稳定复购用户
207241,2,2017-12-03,2,0,稳定复购用户
207245,1,2017-11-30,1,3,低频沉睡用户
207247,2,2017-11-30,2,3,稳定复购用户
207249,3,2017-12-02,3,1,高频多品类用户
207256,1,2017-11-29,1,4,低频沉睡用户
207261,2,2017-12-02,2,1,稳定复购用户
207266,2,2017-12-02,2,1,稳定复购用户
207273,4,2017-12-03,3,0,高频多品类用户
207277,1,2017-11-30,1,3,低频沉睡用户
207280,6,2017-12-03,6,0,高频多品类用户
207286,5,2017-12-03,4,0,高频多品类用户
207288,2,2017-12-01,2,2,稳定复购用户
207289,4,2017-11-29,2,4,高频多品类用户
207292,7,2017-12-01,5,2,高频多品类用户
207301,3,2017-11-29,3,4,高频多品类用户
207308,1,2017-11-28,1,5,低频沉睡用户
207311,4,2017-12-01,4,2,高频多品类用户
207313,5,2017-12-02,5,1,高频多品类用户
207315,1,2017-12-01,1,2,低频沉睡用户
207319,4,2017-12-02,3,1,高频多品类用户
207320,3,2017-11-30,2,3,高频多品类用户
207322,2,2017-12-02,2,1,稳定复购用户
207327,4,2017-12-02,4,1,高频多品类用户
207335,1,2017-11-28,1,5,低频沉睡用户
207340,1,2017-11-25,1,8,低频沉睡用户
207346,3,2017-11-28,3,5,高频多品类用户
207356,1,2017-12-02,1,1,新购买用户
207366,1,2017-12-02,1,1,新购买用户
207377,1,2017-11-29,1,4,低频沉睡用户
207381,7,2017-11-30,6,3,高频多品类用户
207386,1,2017-11-25,1,8,低频沉睡用户
207389,6,2017-11-30,6,3,高频多品类用户
207397,2,2017-11-28,2,5,稳定复购用户
207413,4,2017-12-03,4,0,高频多品类用户
207419,1,2017-12-02,1,1,新购买用户
207420,1,2017-11-29,1,4,低频沉睡用户
207450,1,2017-11-28,1,5,低频沉睡用户
207453,1,2017-12-02,1,1,新购买用户
207467,3,2017-11-27,3,6,高频多品类用户
207470,13,2017-12-03,6,0,高频多品类用户
207508,2,2017-11-28,1,5,稳定复购用户
207520,5,2017-12-03,5,0,高频多品类用户
207534,4,2017-12-03,3,0,高频多品类用户
207544,3,2017-12-01,3,2,高频多品类用户
207549,4,2017-11-30,3,3,高频多品类用户
207550,3,2017-11-27,3,6,高频多品类用户
207553,2,2017-11-26,2,7,稳定复购用户
207563,1,2017-12-01,1,2,低频沉睡用户
207564,1,2017-11-25,1,8,低频沉睡用户
207568,1,2017-12-02,1,1,新购买用户
207569,2,2017-12-02,2,1,稳定复购用户
207572,1,2017-11-26,1,7,低频沉睡用户
207583,1,2017-11-30,1,3,低频沉睡用户
207585,1,2017-11-29,1,4,低频沉睡用户
207596,12,2017-11-28,8,5,高频多品类用户
207617,4,2017-12-03,3,0,高频多品类用户
207622,7,2017-12-02,3,1,高频多品类用户
207634,4,2017-12-02,4,1,高频多品类用户
207636,1,2017-11-26,1,7,低频沉睡用户
207639,1,2017-11-29,1,4,低频沉睡用户
207645,7,2017-12-02,7,1,高频多品类用户
207649,5,2017-12-03,5,0,高频多品类用户
207651,3,2017-12-03,3,0,高频多品类用户
207666,2,2017-11-26,2,7,稳定复购用户
207682,3,2017-12-03,3,0,高频多品类用户
207692,3,2017-12-02,3,1,高频多品类用户
207704,3,2017-11-26,3,7,高频多品类用户
207708,1,2017-11-26,1,7,低频沉睡用户
207721,1,2017-12-03,1,0,新购买用户
207725,3,2017-12-03,3,0,高频多品类用户
207734,1,2017-11-29,1,4,低频沉睡用户
207748,2,2017-11-27,2,6,稳定复购用户
207759,6,2017-12-03,6,0,高频多品类用户
207760,3,2017-11-29,3,4,高频多品类用户
207761,6,2017-12-03,4,0,高频多品类用户
207766,1,2017-12-02,1,1,新购买用户
207791,9,2017-12-03,7,0,高频多品类用户
207792,1,2017-12-02,1,1,新购买用户
207803,5,2017-12-03,5,0,高频多品类用户
207817,1,2017-11-25,1,8,低频沉睡用户
207818,10,2017-12-03,5,0,高频多品类用户
207837,2,2017-12-03,2,0,稳定复购用户
207840,1,2017-11-28,1,5,低频沉睡用户
207841,3,2017-12-02,1,1,稳定复购用户
207845,4,2017-11-29,4,4,高频多品类用户
207849,4,2017-12-02,3,1,高频多品类用户
207859,5,2017-11-29,3,4,高频多品类用户
207862,1,2017-11-30,1,3,低频沉睡用户
207864,9,2017-11-30,8,3,高频多品类用户
207867,1,2017-12-01,1,2,低频沉睡用户
207882,2,2017-11-28,2,5,稳定复购用户
207883,1,2017-11-27,1,6,低频沉睡用户
207892,1,2017-12-02,1,1,新购买用户
207913,3,2017-12-03,3,0,高频多品类用户
207914,4,2017-11-27,4,6,高频多品类用户
207916,1,2017-11-28,1,5,低频沉睡用户
207929,2,2017-11-27,2,6,稳定复购用户
207931,3,2017-11-29,3,4,高频多品类用户
207947,2,2017-12-02,2,1,稳定复购用户
207958,1,2017-11-29,1,4,低频沉睡用户
207964,11,2017-12-03,11,0,高频多品类用户
207969,2,2017-11-26,2,7,稳定复购用户
207974,1,2017-11-26,1,7,低频沉睡用户
207977,11,2017-12-03,7,0,高频多品类用户
207989,2,2017-11-27,2,6,稳定复购用户
207990,8,2017-12-01,7,2,高频多品类用户
207992,2,2017-11-25,2,8,稳定复购用户
207997,3,2017-12-02,3,1,高频多品类用户
208015,1,2017-11-29,1,4,低频沉睡用户
208016,2,2017-11-26,2,7,稳定复购用户
208030,3,2017-12-02,2,1,高频多品类用户
208057,2,2017-12-03,2,0,稳定复购用户
208060,4,2017-12-02,4,1,高频多品类用户
208065,2,2017-12-02,2,1,稳定复购用户
208067,1,2017-12-02,1,1,新购买用户
208083,6,2017-12-02,5,1,高频多品类用户
208084,3,2017-11-27,3,6,高频多品类用户
208087,1,2017-11-30,1,3,低频沉睡用户
208090,2,2017-12-01,2,2,稳定复购用户
208097,1,2017-12-01,1,2,低频沉睡用户
208104,5,2017-12-03,2,0,高频多品类用户
208108,1,2017-12-01,1,2,低频沉睡用户
208111,2,2017-11-27,2,6,稳定复购用户
208112,2,2017-12-03,2,0,稳定复购用户
208116,1,2017-11-29,1,4,低频沉睡用户
208134,2,2017-12-01,2,2,稳定复购用户
208152,6,2017-12-02,5,1,高频多品类用户
208158,2,2017-12-02,2,1,稳定复购用户
208162,6,2017-12-03,4,0,高频多品类用户
208206,2,2017-11-30,2,3,稳定复购用户
208228,2,2017-11-26,1,7,稳定复购用户
208236,1,2017-12-02,1,1,新购买用户
208238,2,2017-11-28,2,5,稳定复购用户
208266,1,2017-11-25,1,8,低频沉睡用户
208272,4,2017-12-01,4,2,高频多品类用户
208293,5,2017-12-03,5,0,高频多品类用户
208302,1,2017-11-26,1,7,低频沉睡用户
208319,1,2017-11-25,1,8,低频沉睡用户
208332,6,2017-12-03,5,0,高频多品类用户
208335,3,2017-12-01,3,2,高频多品类用户
208340,4,2017-12-02,3,1,高频多品类用户
208344,2,2017-11-29,1,4,稳定复购用户
208374,6,2017-12-03,4,0,高频多品类用户
208381,5,2017-12-03,4,0,高频多品类用户
208388,1,2017-11-30,1,3,低频沉睡用户
208389,2,2017-11-29,1,4,稳定复购用户
208393,2,2017-12-01,1,2,稳定复购用户
208394,1,2017-12-03,1,0,新购买用户
208399,5,2017-12-01,4,2,高频多品类用户
208402,2,2017-12-03,2,0,稳定复购用户
208403,1,2017-11-28,1,5,低频沉睡用户
208404,2,2017-11-28,2,5,稳定复购用户
208419,3,2017-12-01,3,2,高频多品类用户
208423,7,2017-12-02,5,1,高频多品类用户
208428,6,2017-12-02,2,1,高频多品类用户
208446,4,2017-12-03,4,0,高频多品类用户
208452,2,2017-12-03,2,0,稳定复购用户
208454,3,2017-11-30,2,3,高频多品类用户
208456,3,2017-12-03,3,0,高频多品类用户
208472,1,2017-11-30,1,3,低频沉睡用户
208478,2,2017-11-26,2,7,稳定复购用户
208481,1,2017-11-25,1,8,低频沉睡用户
208486,7,2017-12-03,6,0,高频多品类用户
208489,8,2017-12-03,4,0,高频多品类用户
208499,4,2017-11-30,4,3,高频多品类用户
208504,3,2017-11-26,3,7,高频多品类用户
208509,1,2017-12-02,1,1,新购买用户
208511,3,2017-12-03,2,0,高频多品类用户
208515,3,2017-12-02,3,1,高频多品类用户
208519,3,2017-12-03,3,0,高频多品类用户
208523,2,2017-11-26,1,7,稳定复购用户
208536,3,2017-12-03,3,0,高频多品类用户
208550,4,2017-12-02,4,1,高频多品类用户
208552,2,2017-12-03,1,0,稳定复购用户
208555,5,2017-12-02,5,1,高频多品类用户
208557,1,2017-11-28,1,5,低频沉睡用户
208558,3,2017-11-26,2,7,高频多品类用户
208567,1,2017-11-29,1,4,低频沉睡用户
208568,3,2017-12-03,3,0,高频多品类用户
208576,1,2017-11-25,1,8,低频沉睡用户
208577,3,2017-11-30,3,3,高频多品类用户
208578,1,2017-11-28,1,5,低频沉睡用户
208589,6,2017-12-02,6,1,高频多品类用户
208596,6,2017-12-02,6,1,高频多品类用户
208599,1,2017-12-03,1,0,新购买用户
208609,7,2017-12-02,7,1,高频多品类用户
208618,2,2017-11-29,2,4,稳定复购用户
208625,1,2017-12-01,1,2,低频沉睡用户
208632,1,2017-11-27,1,6,低频沉睡用户
208635,2,2017-12-03,2,0,稳定复购用户
208638,4,2017-12-03,4,0,高频多品类用户
208641,3,2017-12-02,3,1,高频多品类用户
208644,7,2017-12-02,5,1,高频多品类用户
208656,1,2017-12-03,1,0,新购买用户
208657,5,2017-12-01,5,2,高频多品类用户
208664,3,2017-12-03,3,0,高频多品类用户
208677,2,2017-12-02,2,1,稳定复购用户
208685,2,2017-12-03,2,0,稳定复购用户
208705,4,2017-12-01,3,2,高频多品类用户
208717,2,2017-11-29,1,4,稳定复购用户
208722,1,2017-11-29,1,4,低频沉睡用户
208736,6,2017-12-03,5,0,高频多品类用户
208743,4,2017-11-30,4,3,高频多品类用户
208746,3,2017-11-28,3,5,高频多品类用户
208776,2,2017-12-03,2,0,稳定复购用户
208792,7,2017-12-02,5,1,高频多品类用户
208804,3,2017-12-01,2,2,高频多品类用户
208809,1,2017-12-03,1,0,新购买用户
208820,4,2017-12-02,4,1,高频多品类用户
208830,2,2017-12-01,2,2,稳定复购用户
208846,1,2017-11-28,1,5,低频沉睡用户
208863,3,2017-12-03,2,0,高频多品类用户
208866,1,2017-11-29,1,4,低频沉睡用户
208879,2,2017-12-01,2,2,稳定复购用户
208882,1,2017-12-02,1,1,新购买用户
208895,2,2017-11-25,2,8,稳定复购用户
208903,1,2017-11-26,1,7,低频沉睡用户
208905,1,2017-11-26,1,7,低频沉睡用户
208908,4,2017-12-03,4,0,高频多品类用户
208912,2,2017-11-27,2,6,稳定复购用户
208920,1,2017-11-30,1,3,低频沉睡用户
208922,1,2017-11-28,1,5,低频沉睡用户
208940,1,2017-11-26,1,7,低频沉睡用户
208955,2,2017-12-01,2,2,稳定复购用户
208956,1,2017-12-02,1,1,新购买用户
208981,1,2017-11-28,1,5,低频沉睡用户
208982,5,2017-11-30,4,3,高频多品类用户
208983,15,2017-12-03,10,0,高频多品类用户
208995,2,2017-12-03,1,0,稳定复购用户
208996,1,2017-12-03,1,0,新购买用户
209012,2,2017-12-03,2,0,稳定复购用户
209035,2,2017-12-03,2,0,稳定复购用户
209037,1,2017-11-30,1,3,低频沉睡用户
209049,1,2017-12-03,1,0,新购买用户
209057,1,2017-12-02,1,1,新购买用户
209059,1,2017-12-03,1,0,新购买用户
209074,1,2017-11-27,1,6,低频沉睡用户
209075,1,2017-11-28,1,5,低频沉睡用户
209086,3,2017-12-02,3,1,高频多品类用户
209092,1,2017-11-25,1,8,低频沉睡用户
209099,3,2017-12-01,3,2,高频多品类用户
209102,1,2017-11-26,1,7,低频沉睡用户
209109,1,2017-12-03,1,0,新购买用户
209112,3,2017-12-03,3,0,高频多品类用户
209117,8,2017-12-03,7,0,高频多品类用户
209119,2,2017-11-29,2,4,稳定复购用户
209125,2,2017-12-03,2,0,稳定复购用户
209126,1,2017-11-26,1,7,低频沉睡用户
209131,2,2017-11-28,2,5,稳定复购用户
209135,1,2017-12-03,1,0,新购买用户
209136,5,2017-11-29,5,4,高频多品类用户
209141,1,2017-11-28,1,5,低频沉睡用户
209143,3,2017-12-01,3,2,高频多品类用户
209153,4,2017-12-03,4,0,高频多品类用户
209166,3,2017-12-02,3,1,高频多品类用户
209174,2,2017-11-27,2,6,稳定复购用户
209179,2,2017-12-02,2,1,稳定复购用户
209184,4,2017-11-30,4,3,高频多品类用户
209188,9,2017-12-02,5,1,高频多品类用户
209195,2,2017-11-28,2,5,稳定复购用户
209199,2,2017-11-30,2,3,稳定复购用户
209207,8,2017-12-01,4,2,高频多品类用户
209222,2,2017-12-03,2,0,稳定复购用户
209231,2,2017-11-28,2,5,稳定复购用户
209236,1,2017-11-30,1,3,低频沉睡用户
209237,3,2017-12-02,2,1,高频多品类用户
209241,2,2017-11-27,2,6,稳定复购用户
209243,3,2017-12-03,2,0,高频多品类用户
209257,1,2017-12-02,1,1,新购买用户
209263,5,2017-11-30,5,3,高频多品类用户
209268,2,2017-12-01,2,2,稳定复购用户
209270,1,2017-11-26,1,7,低频沉睡用户
209283,2,2017-12-02,2,1,稳定复购用户
209287,10,2017-12-02,10,1,高频多品类用户
209307,1,2017-11-25,1,8,低频沉睡用户
209308,3,2017-12-03,3,0,高频多品类用户
209309,1,2017-12-03,1,0,新购买用户
209313,3,2017-11-30,3,3,高频多品类用户
209316,5,2017-12-03,5,0,高频多品类用户
209318,3,2017-11-30,3,3,高频多品类用户
209325,2,2017-11-28,2,5,稳定复购用户
209331,2,2017-11-26,2,7,稳定复购用户
209344,3,2017-11-30,3,3,高频多品类用户
209355,1,2017-11-29,1,4,低频沉睡用户
209357,2,2017-12-02,2,1,稳定复购用户
209363,1,2017-12-01,1,2,低频沉睡用户
209377,3,2017-12-03,3,0,高频多品类用户
209383,5,2017-12-01,5,2,高频多品类用户
209385,3,2017-12-02,3,1,高频多品类用户
209390,1,2017-12-02,1,1,新购买用户
209398,2,2017-11-27,2,6,稳定复购用户
209408,2,2017-12-03,2,0,稳定复购用户
209416,1,2017-11-29,1,4,低频沉睡用户
209420,5,2017-12-03,5,0,高频多品类用户
209425,4,2017-11-29,3,4,高频多品类用户
209452,2,2017-12-02,2,1,稳定复购用户
209454,1,2017-12-02,1,1,新购买用户
209458,7,2017-12-02,6,1,高频多品类用户
209461,1,2017-11-28,1,5,低频沉睡用户
209464,1,2017-11-25,1,8,低频沉睡用户
209465,1,2017-12-01,1,2,低频沉睡用户
209472,3,2017-12-03,3,0,高频多品类用户
209490,1,2017-11-29,1,4,低频沉睡用户
209494,1,2017-11-30,1,3,低频沉睡用户
209510,4,2017-12-03,3,0,高频多品类用户
209516,1,2017-11-28,1,5,低频沉睡用户
209517,2,2017-12-03,1,0,稳定复购用户
209528,4,2017-12-03,4,0,高频多品类用户
209531,4,2017-12-02,4,1,高频多品类用户
209536,1,2017-11-25,1,8,低频沉睡用户
209539,1,2017-12-02,1,1,新购买用户
209554,1,2017-12-03,1,0,新购买用户
209571,1,2017-11-30,1,3,低频沉睡用户
209572,2,2017-12-01,1,2,稳定复购用户
209574,2,2017-11-30,2,3,稳定复购用户
209577,5,2017-12-01,4,2,高频多品类用户
209583,2,2017-11-30,2,3,稳定复购用户
209584,1,2017-11-25,1,8,低频沉睡用户
209603,18,2017-12-03,17,0,高频多品类用户
209605,4,2017-11-30,3,3,高频多品类用户
209611,5,2017-12-01,5,2,高频多品类用户
209639,4,2017-12-02,4,1,高频多品类用户
209640,3,2017-12-03,3,0,高频多品类用户
209647,2,2017-12-01,2,2,稳定复购用户
209649,4,2017-12-02,3,1,高频多品类用户
209651,3,2017-11-29,3,4,高频多品类用户
209665,3,2017-12-02,3,1,高频多品类用户
209682,4,2017-11-27,4,6,高频多品类用户
209685,4,2017-12-02,4,1,高频多品类用户
209687,1,2017-12-03,1,0,新购买用户
209691,1,2017-11-26,1,7,低频沉睡用户
209707,2,2017-12-02,2,1,稳定复购用户
209713,5,2017-11-30,3,3,高频多品类用户
209717,5,2017-12-03,4,0,高频多品类用户
209719,5,2017-12-02,4,1,高频多品类用户
209722,2,2017-12-01,1,2,稳定复购用户
209729,4,2017-11-28,4,5,高频多品类用户
209732,1,2017-11-29,1,4,低频沉睡用户
209748,6,2017-12-02,5,1,高频多品类用户
209763,3,2017-12-02,3,1,高频多品类用户
209765,8,2017-12-03,3,0,高频多品类用户
209768,1,2017-11-26,1,7,低频沉睡用户
209779,11,2017-12-03,8,0,高频多品类用户
209782,2,2017-12-02,2,1,稳定复购用户
209787,7,2017-12-03,6,0,高频多品类用户
209789,5,2017-11-28,4,5,高频多品类用户
209790,1,2017-12-02,1,1,新购买用户
209792,1,2017-11-29,1,4,低频沉睡用户
209810,6,2017-12-03,6,0,高频多品类用户
209818,1,2017-11-25,1,8,低频沉睡用户
209826,2,2017-11-30,2,3,稳定复购用户
209830,1,2017-11-27,1,6,低频沉睡用户
209838,1,2017-11-30,1,3,低频沉睡用户
209839,1,2017-11-27,1,6,低频沉睡用户
209841,5,2017-12-03,5,0,高频多品类用户
209843,3,2017-11-30,3,3,高频多品类用户
209848,3,2017-11-29,3,4,高频多品类用户
209851,1,2017-11-25,1,8,低频沉睡用户
209853,2,2017-12-01,2,2,稳定复购用户
209855,2,2017-11-27,1,6,稳定复购用户
209879,7,2017-12-01,7,2,高频多品类用户
209886,3,2017-11-30,3,3,高频多品类用户
209888,4,2017-12-03,4,0,高频多品类用户
209890,4,2017-11-29,4,4,高频多品类用户
209895,2,2017-11-26,2,7,稳定复购用户
209899,8,2017-12-02,7,1,高频多品类用户
209906,3,2017-12-02,3,1,高频多品类用户
209907,1,2017-12-02,1,1,新购买用户
209908,4,2017-12-03,4,0,高频多品类用户
209912,1,2017-12-01,1,2,低频沉睡用户
209915,1,2017-11-29,1,4,低频沉睡用户
209919,8,2017-12-03,6,0,高频多品类用户
209931,1,2017-11-26,1,7,低频沉睡用户
209954,1,2017-11-26,1,7,低频沉睡用户
209956,1,2017-12-01,1,2,低频沉睡用户
209959,2,2017-11-30,2,3,稳定复购用户
209971,4,2017-12-03,3,0,高频多品类用户
209978,1,2017-11-27,1,6,低频沉睡用户
210007,4,2017-12-02,4,1,高频多品类用户
210015,2,2017-12-02,2,1,稳定复购用户
210030,3,2017-11-25,3,8,高频多品类用户
210032,2,2017-12-03,2,0,稳定复购用户
210038,2,2017-12-03,2,0,稳定复购用户
210050,1,2017-12-02,1,1,新购买用户
210057,4,2017-11-28,3,5,高频多品类用户
210077,2,2017-12-03,2,0,稳定复购用户
210097,4,2017-12-03,4,0,高频多品类用户
210105,1,2017-11-29,1,4,低频沉睡用户
210107,4,2017-11-30,4,3,高频多品类用户
210109,2,2017-11-30,2,3,稳定复购用户
210111,2,2017-11-30,2,3,稳定复购用户
210113,3,2017-12-02,3,1,高频多品类用户
210122,1,2017-12-01,1,2,低频沉睡用户
210133,1,2017-11-26,1,7,低频沉睡用户
210168,5,2017-11-30,5,3,高频多品类用户
210170,4,2017-11-30,4,3,高频多品类用户
210174,3,2017-11-29,3,4,高频多品类用户
210184,1,2017-11-27,1,6,低频沉睡用户
210203,3,2017-12-02,3,1,高频多品类用户
210207,4,2017-11-29,3,4,高频多品类用户
210208,2,2017-12-03,2,0,稳定复购用户
210220,4,2017-12-03,3,0,高频多品类用户
210234,1,2017-11-28,1,5,低频沉睡用户
210247,1,2017-11-25,1,8,低频沉睡用户
210270,1,2017-11-26,1,7,低频沉睡用户
210277,3,2017-12-03,3,0,高频多品类用户
210281,3,2017-12-02,3,1,高频多品类用户
210290,8,2017-12-03,6,0,高频多品类用户
210312,5,2017-11-30,5,3,高频多品类用户
210314,5,2017-12-03,5,0,高频多品类用户
210331,1,2017-11-26,1,7,低频沉睡用户
210332,11,2017-12-02,9,1,高频多品类用户
210344,1,2017-11-26,1,7,低频沉睡用户
210347,8,2017-12-03,7,0,高频多品类用户
210357,1,2017-11-26,1,7,低频沉睡用户
210363,2,2017-11-30,2,3,稳定复购用户
210381,4,2017-12-03,2,0,高频多品类用户
210398,2,2017-12-03,2,0,稳定复购用户
210415,10,2017-12-02,6,1,高频多品类用户
210421,1,2017-11-25,1,8,低频沉睡用户
210430,2,2017-11-27,1,6,稳定复购用户
210435,11,2017-12-03,9,0,高频多品类用户
210455,1,2017-11-30,1,3,低频沉睡用户
210458,5,2017-12-01,4,2,高频多品类用户
210473,1,2017-11-28,1,5,低频沉睡用户
210484,2,2017-12-02,2,1,稳定复购用户
210504,1,2017-11-30,1,3,低频沉睡用户
210507,1,2017-12-03,1,0,新购买用户
210509,1,2017-11-25,1,8,低频沉睡用户
210510,2,2017-12-03,2,0,稳定复购用户
210512,1,2017-11-30,1,3,低频沉睡用户
210536,1,2017-12-03,1,0,新购买用户
210545,2,2017-11-28,1,5,稳定复购用户
210557,22,2017-12-03,19,0,高频多品类用户
210564,5,2017-12-02,5,1,高频多品类用户
210571,3,2017-12-03,3,0,高频多品类用户
210572,1,2017-11-30,1,3,低频沉睡用户
210577,4,2017-11-27,3,6,高频多品类用户
210584,1,2017-11-26,1,7,低频沉睡用户
210600,1,2017-11-30,1,3,低频沉睡用户
210639,1,2017-11-30,1,3,低频沉睡用户
210640,3,2017-12-03,3,0,高频多品类用户
210643,1,2017-11-27,1,6,低频沉睡用户
210644,1,2017-11-28,1,5,低频沉睡用户
210660,4,2017-12-02,4,1,高频多品类用户
210668,1,2017-11-27,1,6,低频沉睡用户
210670,2,2017-12-02,2,1,稳定复购用户
210678,1,2017-11-28,1,5,低频沉睡用户
210679,2,2017-11-29,2,4,稳定复购用户
210682,3,2017-12-03,3,0,高频多品类用户
210711,13,2017-12-03,12,0,高频多品类用户
210714,1,2017-11-29,1,4,低频沉睡用户
210725,1,2017-11-29,1,4,低频沉睡用户
210726,5,2017-12-01,4,2,高频多品类用户
210729,3,2017-11-30,3,3,高频多品类用户
210737,6,2017-11-28,6,5,高频多品类用户
210751,1,2017-11-27,1,6,低频沉睡用户
210764,4,2017-11-27,3,6,高频多品类用户
210766,3,2017-12-03,3,0,高频多品类用户
210768,1,2017-11-27,1,6,低频沉睡用户
210770,6,2017-11-28,3,5,高频多品类用户
210773,1,2017-11-27,1,6,低频沉睡用户
210777,1,2017-11-27,1,6,低频沉睡用户
210796,2,2017-12-01,2,2,稳定复购用户
210800,2,2017-12-03,2,0,稳定复购用户
210803,7,2017-11-30,6,3,高频多品类用户
210807,2,2017-11-25,2,8,稳定复购用户
210810,1,2017-12-01,1,2,低频沉睡用户
210817,4,2017-12-02,3,1,高频多品类用户
210826,2,2017-12-02,1,1,稳定复购用户
210831,5,2017-12-02,4,1,高频多品类用户
210846,2,2017-11-30,2,3,稳定复购用户
210856,4,2017-12-03,3,0,高频多品类用户
210864,3,2017-12-03,3,0,高频多品类用户
210865,3,2017-12-03,3,0,高频多品类用户
210869,2,2017-12-02,2,1,稳定复购用户
210871,5,2017-11-30,3,3,高频多品类用户
210876,6,2017-12-02,6,1,高频多品类用户
210880,1,2017-11-30,1,3,低频沉睡用户
210881,2,2017-11-28,2,5,稳定复购用户
210882,1,2017-12-02,1,1,新购买用户
210888,2,2017-12-03,2,0,稳定复购用户
210899,1,2017-11-30,1,3,低频沉睡用户
210908,2,2017-12-03,2,0,稳定复购用户
210916,1,2017-12-03,1,0,新购买用户
210917,1,2017-11-27,1,6,低频沉睡用户
210925,2,2017-12-01,2,2,稳定复购用户
210929,4,2017-11-28,4,5,高频多品类用户
210930,10,2017-11-28,7,5,高频多品类用户
210938,8,2017-12-01,7,2,高频多品类用户
210944,8,2017-12-03,6,0,高频多品类用户
210956,1,2017-11-30,1,3,低频沉睡用户
210972,1,2017-11-28,1,5,低频沉睡用户
210981,1,2017-11-30,1,3,低频沉睡用户
210985,5,2017-12-01,5,2,高频多品类用户
210999,1,2017-11-25,1,8,低频沉睡用户
211003,1,2017-11-27,1,6,低频沉睡用户
211005,4,2017-11-30,4,3,高频多品类用户
211007,1,2017-12-01,1,2,低频沉睡用户
211010,1,2017-11-26,1,7,低频沉睡用户
211022,6,2017-12-03,6,0,高频多品类用户
211023,8,2017-12-03,8,0,高频多品类用户
211027,1,2017-11-28,1,5,低频沉睡用户
211035,4,2017-12-03,4,0,高频多品类用户
211038,2,2017-12-01,2,2,稳定复购用户
211064,2,2017-11-29,1,4,稳定复购用户
211065,3,2017-12-02,3,1,高频多品类用户
211068,1,2017-11-28,1,5,低频沉睡用户
211071,1,2017-12-03,1,0,新购买用户
211080,1,2017-11-29,1,4,低频沉睡用户
211087,1,2017-11-27,1,6,低频沉睡用户
211089,2,2017-12-03,2,0,稳定复购用户
211093,1,2017-12-03,1,0,新购买用户
211095,1,2017-11-29,1,4,低频沉睡用户
211097,8,2017-12-03,6,0,高频多品类用户
211098,2,2017-12-02,2,1,稳定复购用户
211101,4,2017-12-02,4,1,高频多品类用户
211102,1,2017-11-28,1,5,低频沉睡用户
211103,4,2017-12-01,3,2,高频多品类用户
211106,1,2017-11-25,1,8,低频沉睡用户
211111,1,2017-11-28,1,5,低频沉睡用户
211131,2,2017-12-01,2,2,稳定复购用户
211137,1,2017-11-25,1,8,低频沉睡用户
211139,1,2017-11-29,1,4,低频沉睡用户
211140,1,2017-11-27,1,6,低频沉睡用户
211170,7,2017-12-02,5,1,高频多品类用户
211215,1,2017-12-02,1,1,新购买用户
211219,4,2017-12-03,4,0,高频多品类用户
211223,3,2017-11-29,3,4,高频多品类用户
211233,1,2017-11-25,1,8,低频沉睡用户
211234,4,2017-11-29,4,4,高频多品类用户
211240,9,2017-12-02,9,1,高频多品类用户
211241,1,2017-12-03,1,0,新购买用户
211245,4,2017-12-02,4,1,高频多品类用户
211248,3,2017-11-30,3,3,高频多品类用户
211250,3,2017-11-30,2,3,高频多品类用户
211276,4,2017-11-29,3,4,高频多品类用户
211281,2,2017-12-01,2,2,稳定复购用户
211286,2,2017-12-02,2,1,稳定复购用户
211288,4,2017-12-03,3,0,高频多品类用户
211291,5,2017-12-03,5,0,高频多品类用户
211299,4,2017-12-02,3,1,高频多品类用户
211308,2,2017-11-29,2,4,稳定复购用户
211310,3,2017-12-03,3,0,高频多品类用户
211319,3,2017-12-03,2,0,高频多品类用户
211326,1,2017-12-03,1,0,新购买用户
211335,1,2017-11-26,1,7,低频沉睡用户
211341,5,2017-12-03,5,0,高频多品类用户
211349,4,2017-11-26,3,7,高频多品类用户
211370,2,2017-12-02,1,1,稳定复购用户
211382,2,2017-12-03,2,0,稳定复购用户
211392,4,2017-12-03,3,0,高频多品类用户
211399,5,2017-12-03,3,0,高频多品类用户
211411,1,2017-11-26,1,7,低频沉睡用户
211420,5,2017-11-30,3,3,高频多品类用户
211427,3,2017-11-25,3,8,高频多品类用户
211428,1,2017-11-30,1,3,低频沉睡用户
211442,2,2017-12-02,2,1,稳定复购用户
211444,4,2017-12-03,4,0,高频多品类用户
211453,1,2017-12-03,1,0,新购买用户
211454,1,2017-12-02,1,1,新购买用户
211458,2,2017-11-26,2,7,稳定复购用户
211471,7,2017-12-03,7,0,高频多品类用户
211475,2,2017-12-02,2,1,稳定复购用户
211484,7,2017-12-02,5,1,高频多品类用户
211485,2,2017-12-03,2,0,稳定复购用户
211504,1,2017-12-03,1,0,新购买用户
211514,7,2017-12-01,5,2,高频多品类用户
211515,1,2017-12-01,1,2,低频沉睡用户
211522,1,2017-11-25,1,8,低频沉睡用户
211524,1,2017-11-28,1,5,低频沉睡用户
211525,4,2017-12-02,4,1,高频多品类用户
211529,8,2017-12-01,7,2,高频多品类用户
211531,1,2017-11-27,1,6,低频沉睡用户
211533,3,2017-11-29,3,4,高频多品类用户
211539,1,2017-12-01,1,2,低频沉睡用户
211552,7,2017-12-03,6,0,高频多品类用户
211560,1,2017-11-27,1,6,低频沉睡用户
211566,1,2017-11-27,1,6,低频沉睡用户
211571,2,2017-12-02,1,1,稳定复购用户
211574,1,2017-11-26,1,7,低频沉睡用户
211584,1,2017-11-28,1,5,低频沉睡用户
211585,1,2017-11-25,1,8,低频沉睡用户
211608,1,2017-11-30,1,3,低频沉睡用户
211617,2,2017-12-03,2,0,稳定复购用户
211644,1,2017-11-28,1,5,低频沉睡用户
211649,7,2017-11-30,6,3,高频多品类用户
211650,3,2017-12-01,3,2,高频多品类用户
211652,1,2017-11-26,1,7,低频沉睡用户
211654,2,2017-12-03,2,0,稳定复购用户
211664,1,2017-11-29,1,4,低频沉睡用户
211688,2,2017-12-02,2,1,稳定复购用户
211694,1,2017-11-28,1,5,低频沉睡用户
211698,3,2017-12-03,2,0,高频多品类用户
211710,1,2017-12-02,1,1,新购买用户
211716,1,2017-11-28,1,5,低频沉睡用户
211726,6,2017-12-03,5,0,高频多品类用户
211733,1,2017-11-30,1,3,低频沉睡用户
211739,1,2017-12-02,1,1,新购买用户
211744,1,2017-11-26,1,7,低频沉睡用户
211754,1,2017-11-30,1,3,低频沉睡用户
211760,2,2017-12-01,2,2,稳定复购用户
211761,6,2017-12-02,5,1,高频多品类用户
211764,3,2017-11-27,2,6,高频多品类用户
211766,5,2017-12-03,5,0,高频多品类用户
211771,1,2017-11-27,1,6,低频沉睡用户
211772,2,2017-12-01,2,2,稳定复购用户
211775,9,2017-12-01,8,2,高频多品类用户
211784,3,2017-12-01,3,2,高频多品类用户
211803,3,2017-11-25,3,8,高频多品类用户
211805,1,2017-11-29,1,4,低频沉睡用户
211819,3,2017-12-03,3,0,高频多品类用户
211821,3,2017-12-03,3,0,高频多品类用户
211844,1,2017-11-29,1,4,低频沉睡用户
211846,2,2017-11-29,2,4,稳定复购用户
211847,1,2017-11-30,1,3,低频沉睡用户
211851,4,2017-12-03,4,0,高频多品类用户
211853,2,2017-12-02,2,1,稳定复购用户
211854,1,2017-12-02,1,1,新购买用户
211862,3,2017-12-03,2,0,高频多品类用户
211863,6,2017-11-29,6,4,高频多品类用户
211867,1,2017-11-30,1,3,低频沉睡用户
211868,5,2017-12-01,5,2,高频多品类用户
211869,1,2017-11-28,1,5,低频沉睡用户
211885,2,2017-12-03,2,0,稳定复购用户
211888,5,2017-12-03,5,0,高频多品类用户
211891,1,2017-11-27,1,6,低频沉睡用户
211922,4,2017-12-03,4,0,高频多品类用户
211923,5,2017-12-03,5,0,高频多品类用户
211927,5,2017-11-29,5,4,高频多品类用户
211965,4,2017-12-02,4,1,高频多品类用户
211968,1,2017-11-25,1,8,低频沉睡用户
211971,2,2017-11-30,2,3,稳定复购用户
211974,1,2017-11-30,1,3,低频沉睡用户
211995,1,2017-11-26,1,7,低频沉睡用户
212011,1,2017-12-01,1,2,低频沉睡用户
212013,3,2017-12-01,3,2,高频多品类用户
212018,3,2017-12-01,2,2,高频多品类用户
212021,1,2017-11-29,1,4,低频沉睡用户
212023,2,2017-12-02,2,1,稳定复购用户
212027,1,2017-11-27,1,6,低频沉睡用户
212031,2,2017-12-01,1,2,稳定复购用户
212036,1,2017-11-28,1,5,低频沉睡用户
212039,3,2017-11-30,3,3,高频多品类用户
212040,1,2017-11-25,1,8,低频沉睡用户
212042,9,2017-12-03,7,0,高频多品类用户
212044,2,2017-11-29,2,4,稳定复购用户
212051,9,2017-12-03,9,0,高频多品类用户
212053,3,2017-12-02,3,1,高频多品类用户
212063,1,2017-11-28,1,5,低频沉睡用户
212065,1,2017-12-03,1,0,新购买用户
212068,1,2017-11-27,1,6,低频沉睡用户
212071,2,2017-12-03,1,0,稳定复购用户
212077,1,2017-11-26,1,7,低频沉睡用户
212078,1,2017-11-26,1,7,低频沉睡用户
212079,5,2017-12-01,4,2,高频多品类用户
212084,1,2017-11-26,1,7,低频沉睡用户
212097,5,2017-12-02,5,1,高频多品类用户
212100,1,2017-12-01,1,2,低频沉睡用户
212102,5,2017-12-02,5,1,高频多品类用户
212106,2,2017-12-02,2,1,稳定复购用户
212108,3,2017-11-27,2,6,高频多品类用户
212110,1,2017-12-03,1,0,新购买用户
212111,1,2017-11-28,1,5,低频沉睡用户
212115,2,2017-11-26,2,7,稳定复购用户
212118,2,2017-12-03,2,0,稳定复购用户
212140,5,2017-12-02,4,1,高频多品类用户
212147,7,2017-11-30,6,3,高频多品类用户
212149,5,2017-11-30,3,3,高频多品类用户
212150,4,2017-12-02,4,1,高频多品类用户
212158,2,2017-12-03,2,0,稳定复购用户
212169,4,2017-12-03,4,0,高频多品类用户
212172,3,2017-11-30,2,3,高频多品类用户
212181,2,2017-12-03,2,0,稳定复购用户
212190,4,2017-11-28,4,5,高频多品类用户
212191,9,2017-12-02,8,1,高频多品类用户
212192,2,2017-12-02,2,1,稳定复购用户
212193,1,2017-11-29,1,4,低频沉睡用户
212200,3,2017-12-01,3,2,高频多品类用户
212206,5,2017-12-02,3,1,高频多品类用户
212215,2,2017-12-03,2,0,稳定复购用户
212217,4,2017-12-03,3,0,高频多品类用户
212228,2,2017-12-01,2,2,稳定复购用户
212230,5,2017-12-03,5,0,高频多品类用户
212246,1,2017-11-25,1,8,低频沉睡用户
212250,6,2017-12-02,6,1,高频多品类用户
212253,1,2017-11-26,1,7,低频沉睡用户
212263,1,2017-12-02,1,1,新购买用户
212271,7,2017-12-03,7,0,高频多品类用户
212275,2,2017-11-27,2,6,稳定复购用户
212294,2,2017-11-28,2,5,稳定复购用户
212299,1,2017-12-03,1,0,新购买用户
212302,2,2017-12-03,1,0,稳定复购用户
212310,4,2017-12-02,4,1,高频多品类用户
212311,4,2017-12-02,3,1,高频多品类用户
212312,7,2017-12-03,6,0,高频多品类用户
212316,2,2017-12-01,2,2,稳定复购用户
212335,1,2017-11-27,1,6,低频沉睡用户
212344,2,2017-11-27,1,6,稳定复购用户
212346,1,2017-12-01,1,2,低频沉睡用户
212356,6,2017-12-03,5,0,高频多品类用户
212357,2,2017-11-30,2,3,稳定复购用户
212361,2,2017-12-01,2,2,稳定复购用户
212366,3,2017-11-28,3,5,高频多品类用户
212379,3,2017-11-26,2,7,高频多品类用户
212383,1,2017-12-02,1,1,新购买用户
212388,14,2017-12-01,7,2,高频多品类用户
212393,1,2017-11-29,1,4,低频沉睡用户
212394,1,2017-12-03,1,0,新购买用户
212395,1,2017-11-25,1,8,低频沉睡用户
212396,7,2017-12-01,4,2,高频多品类用户
212397,2,2017-12-03,1,0,稳定复购用户
212402,1,2017-11-27,1,6,低频沉睡用户
212405,1,2017-11-28,1,5,低频沉睡用户
212425,2,2017-11-30,2,3,稳定复购用户
212428,3,2017-12-03,3,0,高频多品类用户
212433,1,2017-12-01,1,2,低频沉睡用户
212434,2,2017-11-28,1,5,稳定复购用户
212454,5,2017-12-02,5,1,高频多品类用户
212457,5,2017-12-02,4,1,高频多品类用户
212463,1,2017-11-30,1,3,低频沉睡用户
212475,1,2017-11-29,1,4,低频沉睡用户
212505,2,2017-12-02,1,1,稳定复购用户
212508,1,2017-11-28,1,5,低频沉睡用户
212512,5,2017-11-28,4,5,高频多品类用户
212518,5,2017-11-30,3,3,高频多品类用户
212521,1,2017-11-28,1,5,低频沉睡用户
212524,3,2017-11-30,3,3,高频多品类用户
212527,1,2017-11-26,1,7,低频沉睡用户
212529,9,2017-12-03,8,0,高频多品类用户
212531,3,2017-12-03,3,0,高频多品类用户
212536,5,2017-12-01,5,2,高频多品类用户
212552,2,2017-11-29,1,4,稳定复购用户
212582,2,2017-11-29,2,4,稳定复购用户
212600,1,2017-11-25,1,8,低频沉睡用户
212624,8,2017-12-03,7,0,高频多品类用户
212627,1,2017-12-01,1,2,低频沉睡用户
212655,2,2017-12-02,2,1,稳定复购用户
212658,1,2017-12-03,1,0,新购买用户
212662,4,2017-12-02,4,1,高频多品类用户
212666,3,2017-11-30,3,3,高频多品类用户
212676,5,2017-11-29,2,4,高频多品类用户
212680,2,2017-12-01,2,2,稳定复购用户
212694,3,2017-12-03,3,0,高频多品类用户
212707,2,2017-12-03,2,0,稳定复购用户
212711,5,2017-12-03,4,0,高频多品类用户
212712,1,2017-12-02,1,1,新购买用户
212715,5,2017-12-02,4,1,高频多品类用户
212731,6,2017-12-01,6,2,高频多品类用户
212734,1,2017-12-01,1,2,低频沉睡用户
212737,3,2017-11-29,3,4,高频多品类用户
212741,1,2017-11-27,1,6,低频沉睡用户
212743,2,2017-12-02,2,1,稳定复购用户
212749,1,2017-11-28,1,5,低频沉睡用户
212752,1,2017-11-30,1,3,低频沉睡用户
212765,1,2017-12-02,1,1,新购买用户
212768,1,2017-11-26,1,7,低频沉睡用户
212779,3,2017-12-03,3,0,高频多品类用户
212780,1,2017-11-30,1,3,低频沉睡用户
212782,4,2017-12-03,4,0,高频多品类用户
212792,3,2017-11-29,3,4,高频多品类用户
212795,2,2017-12-02,2,1,稳定复购用户
212798,9,2017-12-03,8,0,高频多品类用户
212799,2,2017-11-30,2,3,稳定复购用户
212803,1,2017-11-30,1,3,低频沉睡用户
212811,4,2017-12-01,4,2,高频多品类用户
212816,3,2017-12-03,3,0,高频多品类用户
212818,5,2017-12-02,5,1,高频多品类用户
212820,2,2017-11-29,1,4,稳定复购用户
212825,5,2017-11-30,5,3,高频多品类用户
212826,1,2017-12-02,1,1,新购买用户
212838,8,2017-12-02,3,1,高频多品类用户
212842,2,2017-12-02,2,1,稳定复购用户
212856,6,2017-12-03,5,0,高频多品类用户
212865,6,2017-12-02,6,1,高频多品类用户
212873,1,2017-12-02,1,1,新购买用户
212876,1,2017-12-01,1,2,低频沉睡用户
212884,3,2017-12-01,3,2,高频多品类用户
212890,5,2017-12-02,3,1,高频多品类用户
212902,2,2017-11-28,2,5,稳定复购用户
212904,3,2017-11-28,3,5,高频多品类用户
212916,1,2017-12-01,1,2,低频沉睡用户
212922,5,2017-12-02,4,1,高频多品类用户
212925,3,2017-12-01,3,2,高频多品类用户
212930,1,2017-11-28,1,5,低频沉睡用户
212948,4,2017-12-03,4,0,高频多品类用户
212977,2,2017-12-03,2,0,稳定复购用户
212980,1,2017-11-27,1,6,低频沉睡用户
212981,11,2017-12-02,9,1,高频多品类用户
212984,2,2017-12-03,2,0,稳定复购用户
212988,3,2017-12-02,3,1,高频多品类用户
213020,1,2017-11-25,1,8,低频沉睡用户
213026,3,2017-11-28,2,5,高频多品类用户
213029,1,2017-11-30,1,3,低频沉睡用户
213037,5,2017-11-29,4,4,高频多品类用户
213052,4,2017-11-29,4,4,高频多品类用户
213060,1,2017-11-28,1,5,低频沉睡用户
213076,4,2017-11-27,4,6,高频多品类用户
213077,1,2017-11-29,1,4,低频沉睡用户
213083,2,2017-12-01,2,2,稳定复购用户
213091,1,2017-11-28,1,5,低频沉睡用户
213094,5,2017-11-29,5,4,高频多品类用户
213097,6,2017-11-30,6,3,高频多品类用户
213111,1,2017-11-30,1,3,低频沉睡用户
213113,2,2017-11-27,2,6,稳定复购用户
213114,2,2017-12-03,2,0,稳定复购用户
213116,3,2017-12-02,3,1,高频多品类用户
213121,1,2017-11-25,1,8,低频沉睡用户
213143,4,2017-12-03,4,0,高频多品类用户
213162,4,2017-12-03,4,0,高频多品类用户
213171,2,2017-12-01,2,2,稳定复购用户
213174,1,2017-11-30,1,3,低频沉睡用户
213176,1,2017-12-02,1,1,新购买用户
213177,1,2017-11-30,1,3,低频沉睡用户
213185,3,2017-12-02,3,1,高频多品类用户
213198,4,2017-12-01,4,2,高频多品类用户
213199,7,2017-12-03,5,0,高频多品类用户
213208,1,2017-11-29,1,4,低频沉睡用户
213211,2,2017-11-28,2,5,稳定复购用户
213216,4,2017-12-03,3,0,高频多品类用户
213221,1,2017-11-26,1,7,低频沉睡用户
213222,3,2017-12-03,2,0,高频多品类用户
213247,3,2017-12-03,3,0,高频多品类用户
213255,8,2017-12-03,4,0,高频多品类用户
213276,5,2017-12-01,5,2,高频多品类用户
213287,1,2017-11-27,1,6,低频沉睡用户
213307,3,2017-12-01,3,2,高频多品类用户
213314,2,2017-11-30,2,3,稳定复购用户
213321,2,2017-11-28,2,5,稳定复购用户
213326,1,2017-11-27,1,6,低频沉睡用户
213330,1,2017-11-30,1,3,低频沉睡用户
213339,3,2017-11-27,3,6,高频多品类用户
213347,2,2017-11-29,2,4,稳定复购用户
213350,3,2017-12-02,3,1,高频多品类用户
213359,1,2017-11-29,1,4,低频沉睡用户
213362,5,2017-11-30,5,3,高频多品类用户
213364,5,2017-12-02,5,1,高频多品类用户
213378,10,2017-12-02,6,1,高频多品类用户
213379,1,2017-11-29,1,4,低频沉睡用户
213381,3,2017-11-29,3,4,高频多品类用户
213382,1,2017-12-02,1,1,新购买用户
213392,4,2017-12-01,4,2,高频多品类用户
213401,1,2017-12-01,1,2,低频沉睡用户
213404,2,2017-12-02,2,1,稳定复购用户
213409,3,2017-12-03,2,0,高频多品类用户
213410,10,2017-12-03,9,0,高频多品类用户
213411,1,2017-11-29,1,4,低频沉睡用户
213428,3,2017-12-02,3,1,高频多品类用户
213442,1,2017-12-03,1,0,新购买用户
213455,1,2017-12-03,1,0,新购买用户
213467,2,2017-11-28,2,5,稳定复购用户
213470,1,2017-11-26,1,7,低频沉睡用户
213474,4,2017-12-01,4,2,高频多品类用户
213482,1,2017-11-27,1,6,低频沉睡用户
213488,3,2017-12-03,3,0,高频多品类用户
213506,1,2017-11-30,1,3,低频沉睡用户
213508,5,2017-12-01,2,2,高频多品类用户
213515,3,2017-11-29,3,4,高频多品类用户
213517,1,2017-11-30,1,3,低频沉睡用户
213530,17,2017-12-03,12,0,高频多品类用户
213553,4,2017-12-03,2,0,高频多品类用户
213560,3,2017-11-28,3,5,高频多品类用户
213566,3,2017-12-01,3,2,高频多品类用户
213568,3,2017-12-02,2,1,高频多品类用户
213583,2,2017-12-02,2,1,稳定复购用户
213586,2,2017-12-03,1,0,稳定复购用户
213587,8,2017-12-02,4,1,高频多品类用户
213595,7,2017-12-02,7,1,高频多品类用户
213599,2,2017-12-03,2,0,稳定复购用户
213608,7,2017-12-02,5,1,高频多品类用户
213614,11,2017-12-03,9,0,高频多品类用户
213620,4,2017-12-03,3,0,高频多品类用户
213648,2,2017-11-26,2,7,稳定复购用户
213652,11,2017-11-30,10,3,高频多品类用户
213663,3,2017-11-29,2,4,高频多品类用户
213666,1,2017-11-30,1,3,低频沉睡用户
213673,4,2017-12-03,4,0,高频多品类用户
213675,1,2017-11-28,1,5,低频沉睡用户
213687,1,2017-11-27,1,6,低频沉睡用户
213697,1,2017-11-26,1,7,低频沉睡用户
213698,2,2017-11-26,2,7,稳定复购用户
213701,3,2017-12-03,3,0,高频多品类用户
213702,4,2017-11-29,4,4,高频多品类用户
213709,5,2017-12-03,4,0,高频多品类用户
213716,1,2017-11-27,1,6,低频沉睡用户
213717,3,2017-11-29,3,4,高频多品类用户
213719,4,2017-11-30,4,3,高频多品类用户
213725,2,2017-12-03,2,0,稳定复购用户
213736,3,2017-12-03,2,0,高频多品类用户
213746,3,2017-12-03,3,0,高频多品类用户
213750,3,2017-11-27,3,6,高频多品类用户
213769,7,2017-12-03,6,0,高频多品类用户
213774,3,2017-12-03,3,0,高频多品类用户
213788,1,2017-12-03,1,0,新购买用户
213805,1,2017-11-30,1,3,低频沉睡用户
213806,1,2017-12-01,1,2,低频沉睡用户
213807,2,2017-11-27,2,6,稳定复购用户
213817,3,2017-12-02,3,1,高频多品类用户
213818,1,2017-11-27,1,6,低频沉睡用户
213821,1,2017-11-26,1,7,低频沉睡用户
213823,6,2017-12-01,5,2,高频多品类用户
213825,6,2017-11-30,5,3,高频多品类用户
213859,3,2017-11-25,2,8,高频多品类用户
213870,3,2017-12-03,3,0,高频多品类用户
213877,1,2017-11-25,1,8,低频沉睡用户
213878,6,2017-11-30,6,3,高频多品类用户
213905,2,2017-11-26,2,7,稳定复购用户
213911,9,2017-12-01,7,2,高频多品类用户
213926,1,2017-11-28,1,5,低频沉睡用户
213937,2,2017-11-29,2,4,稳定复购用户
213938,6,2017-12-02,6,1,高频多品类用户
213948,1,2017-12-02,1,1,新购买用户
213949,1,2017-12-03,1,0,新购买用户
213963,4,2017-12-01,4,2,高频多品类用户
213966,10,2017-12-03,6,0,高频多品类用户
213969,1,2017-12-02,1,1,新购买用户
213980,13,2017-11-27,3,6,高频多品类用户
214002,3,2017-12-02,3,1,高频多品类用户
214013,2,2017-12-02,2,1,稳定复购用户
214031,2,2017-12-02,2,1,稳定复购用户
214032,2,2017-11-30,2,3,稳定复购用户
214051,2,2017-12-03,2,0,稳定复购用户
214056,1,2017-12-03,1,0,新购买用户
214065,1,2017-12-01,1,2,低频沉睡用户
214078,4,2017-12-03,4,0,高频多品类用户
214084,1,2017-12-03,1,0,新购买用户
214118,2,2017-11-28,2,5,稳定复购用户
214119,5,2017-12-01,5,2,高频多品类用户
214121,4,2017-12-02,4,1,高频多品类用户
214141,2,2017-11-27,2,6,稳定复购用户
214164,4,2017-12-01,2,2,高频多品类用户
214178,4,2017-12-02,4,1,高频多品类用户
214181,1,2017-11-30,1,3,低频沉睡用户
214195,1,2017-11-30,1,3,低频沉睡用户
214199,1,2017-12-01,1,2,低频沉睡用户
214215,2,2017-11-28,2,5,稳定复购用户
214229,1,2017-11-29,1,4,低频沉睡用户
214235,3,2017-11-29,3,4,高频多品类用户
214236,8,2017-12-01,7,2,高频多品类用户
214251,1,2017-12-02,1,1,新购买用户
214273,4,2017-12-01,3,2,高频多品类用户
214292,3,2017-12-03,3,0,高频多品类用户
214296,5,2017-12-03,5,0,高频多品类用户
214333,2,2017-11-27,1,6,稳定复购用户
214337,1,2017-12-03,1,0,新购买用户
214338,4,2017-12-02,3,1,高频多品类用户
214344,4,2017-12-03,4,0,高频多品类用户
214345,1,2017-11-25,1,8,低频沉睡用户
214346,2,2017-11-29,2,4,稳定复购用户
214371,3,2017-11-27,3,6,高频多品类用户
214388,13,2017-12-01,11,2,高频多品类用户
214391,2,2017-12-03,2,0,稳定复购用户
214394,1,2017-12-03,1,0,新购买用户
214404,1,2017-11-26,1,7,低频沉睡用户
214409,2,2017-11-29,1,4,稳定复购用户
214417,1,2017-12-01,1,2,低频沉睡用户
214424,2,2017-12-01,1,2,稳定复购用户
214431,2,2017-12-02,2,1,稳定复购用户
214433,6,2017-12-01,6,2,高频多品类用户
214436,7,2017-12-01,7,2,高频多品类用户
214438,1,2017-11-27,1,6,低频沉睡用户
214443,2,2017-11-26,2,7,稳定复购用户
214457,5,2017-11-29,4,4,高频多品类用户
214474,3,2017-11-25,2,8,高频多品类用户
214475,3,2017-11-27,3,6,高频多品类用户
214480,5,2017-12-02,5,1,高频多品类用户
214501,1,2017-11-30,1,3,低频沉睡用户
214502,1,2017-11-30,1,3,低频沉睡用户
214506,7,2017-12-03,6,0,高频多品类用户
214510,3,2017-11-27,3,6,高频多品类用户
214512,1,2017-11-25,1,8,低频沉睡用户
214516,2,2017-11-29,2,4,稳定复购用户
214520,3,2017-12-02,3,1,高频多品类用户
214522,2,2017-11-30,2,3,稳定复购用户
214527,14,2017-11-26,13,7,高频多品类用户
214531,4,2017-11-28,3,5,高频多品类用户
214546,2,2017-12-01,2,2,稳定复购用户
214550,2,2017-11-30,2,3,稳定复购用户
214552,3,2017-11-28,2,5,高频多品类用户
214565,2,2017-11-30,2,3,稳定复购用户
214572,1,2017-11-29,1,4,低频沉睡用户
214577,1,2017-12-02,1,1,新购买用户
214582,2,2017-12-03,2,0,稳定复购用户
214597,1,2017-11-25,1,8,低频沉睡用户
214599,1,2017-11-30,1,3,低频沉睡用户
214600,9,2017-12-03,8,0,高频多品类用户
214612,2,2017-12-03,2,0,稳定复购用户
214614,8,2017-12-01,7,2,高频多品类用户
214616,1,2017-12-01,1,2,低频沉睡用户
214628,2,2017-12-03,2,0,稳定复购用户
214636,1,2017-11-28,1,5,低频沉睡用户
214662,4,2017-12-03,3,0,高频多品类用户
214672,3,2017-12-03,2,0,高频多品类用户
214678,3,2017-11-27,3,6,高频多品类用户
214691,7,2017-12-03,7,0,高频多品类用户
214695,1,2017-12-03,1,0,新购买用户
214703,2,2017-12-03,2,0,稳定复购用户
214722,1,2017-11-29,1,4,低频沉睡用户
214728,2,2017-12-01,2,2,稳定复购用户
214733,3,2017-12-03,3,0,高频多品类用户
214734,1,2017-11-28,1,5,低频沉睡用户
214739,6,2017-12-03,6,0,高频多品类用户
214756,1,2017-12-03,1,0,新购买用户
214763,2,2017-11-29,2,4,稳定复购用户
214783,1,2017-11-27,1,6,低频沉睡用户
214786,1,2017-11-28,1,5,低频沉睡用户
214788,1,2017-11-25,1,8,低频沉睡用户
214803,1,2017-11-27,1,6,低频沉睡用户
214813,4,2017-11-29,4,4,高频多品类用户
214831,1,2017-12-02,1,1,新购买用户
214835,4,2017-12-01,4,2,高频多品类用户
214845,4,2017-12-01,4,2,高频多品类用户
214847,3,2017-11-29,3,4,高频多品类用户
214869,2,2017-11-28,2,5,稳定复购用户
214872,3,2017-11-29,3,4,高频多品类用户
214879,2,2017-12-03,2,0,稳定复购用户
214882,1,2017-12-01,1,2,低频沉睡用户
214896,2,2017-12-03,2,0,稳定复购用户
214899,2,2017-11-28,2,5,稳定复购用户
214900,2,2017-11-27,2,6,稳定复购用户
214907,6,2017-11-30,5,3,高频多品类用户
214911,1,2017-11-26,1,7,低频沉睡用户
214932,2,2017-11-30,2,3,稳定复购用户
214934,3,2017-12-01,2,2,高频多品类用户
214943,1,2017-11-25,1,8,低频沉睡用户
214944,1,2017-12-03,1,0,新购买用户
214948,2,2017-12-03,2,0,稳定复购用户
214955,2,2017-12-03,2,0,稳定复购用户
214958,1,2017-11-25,1,8,低频沉睡用户
214966,2,2017-12-01,2,2,稳定复购用户
214979,1,2017-12-03,1,0,新购买用户
214982,12,2017-12-02,9,1,高频多品类用户
214993,1,2017-12-02,1,1,新购买用户
215021,2,2017-11-28,2,5,稳定复购用户
215041,1,2017-11-27,1,6,低频沉睡用户
215043,1,2017-11-27,1,6,低频沉睡用户
215055,2,2017-11-26,2,7,稳定复购用户
215085,7,2017-12-03,7,0,高频多品类用户
215102,4,2017-12-01,4,2,高频多品类用户
215112,5,2017-12-03,5,0,高频多品类用户
215114,1,2017-12-01,1,2,低频沉睡用户
215115,1,2017-11-29,1,4,低频沉睡用户
215117,3,2017-11-30,3,3,高频多品类用户
215118,1,2017-12-01,1,2,低频沉睡用户
215119,5,2017-11-25,4,8,高频多品类用户
215120,1,2017-11-28,1,5,低频沉睡用户
215124,2,2017-12-01,1,2,稳定复购用户
215132,5,2017-11-30,5,3,高频多品类用户
215141,1,2017-12-02,1,1,新购买用户
215149,1,2017-11-26,1,7,低频沉睡用户
215160,1,2017-12-02,1,1,新购买用户
215181,6,2017-12-03,6,0,高频多品类用户
215189,2,2017-12-03,2,0,稳定复购用户
215190,2,2017-11-26,2,7,稳定复购用户
215192,1,2017-11-26,1,7,低频沉睡用户
215203,6,2017-12-03,5,0,高频多品类用户
215206,3,2017-12-03,2,0,高频多品类用户
215217,4,2017-12-02,3,1,高频多品类用户
215221,1,2017-12-02,1,1,新购买用户
215228,3,2017-12-02,3,1,高频多品类用户
215231,1,2017-12-03,1,0,新购买用户
215261,4,2017-12-03,3,0,高频多品类用户
215268,3,2017-12-01,3,2,高频多品类用户
215288,6,2017-12-02,4,1,高频多品类用户
215293,3,2017-11-29,1,4,稳定复购用户
215296,3,2017-11-28,2,5,高频多品类用户
215300,2,2017-11-29,2,4,稳定复购用户
215305,10,2017-11-28,8,5,高频多品类用户
215310,1,2017-11-29,1,4,低频沉睡用户
215317,2,2017-11-29,2,4,稳定复购用户
215324,4,2017-12-02,2,1,高频多品类用户
215327,1,2017-11-27,1,6,低频沉睡用户
215338,1,2017-12-01,1,2,低频沉睡用户
215340,5,2017-12-03,5,0,高频多品类用户
215349,2,2017-11-28,2,5,稳定复购用户
215367,1,2017-12-01,1,2,低频沉睡用户
215371,1,2017-12-02,1,1,新购买用户
215383,1,2017-11-30,1,3,低频沉睡用户
215385,2,2017-12-01,2,2,稳定复购用户
215390,2,2017-12-03,2,0,稳定复购用户
215402,1,2017-12-02,1,1,新购买用户
215410,2,2017-11-28,1,5,稳定复购用户
215415,3,2017-12-02,2,1,高频多品类用户
215428,1,2017-11-29,1,4,低频沉睡用户
215441,1,2017-11-25,1,8,低频沉睡用户
215447,1,2017-11-28,1,5,低频沉睡用户
215456,3,2017-11-29,3,4,高频多品类用户
215472,1,2017-11-28,1,5,低频沉睡用户
215482,2,2017-12-02,2,1,稳定复购用户
215483,6,2017-12-02,6,1,高频多品类用户
215498,3,2017-11-27,2,6,高频多品类用户
215511,1,2017-11-30,1,3,低频沉睡用户
215513,1,2017-12-03,1,0,新购买用户
215520,2,2017-11-29,2,4,稳定复购用户
215521,6,2017-11-30,4,3,高频多品类用户
215526,5,2017-12-03,3,0,高频多品类用户
215530,2,2017-11-28,2,5,稳定复购用户
215543,3,2017-12-03,3,0,高频多品类用户
215551,3,2017-12-02,3,1,高频多品类用户
215562,6,2017-11-29,3,4,高频多品类用户
215587,4,2017-12-02,4,1,高频多品类用户
215588,1,2017-11-28,1,5,低频沉睡用户
215598,1,2017-11-27,1,6,低频沉睡用户
215605,1,2017-12-01,1,2,低频沉睡用户
215607,7,2017-12-01,5,2,高频多品类用户
215608,6,2017-11-30,3,3,高频多品类用户
215613,1,2017-12-01,1,2,低频沉睡用户
215625,1,2017-11-27,1,6,低频沉睡用户
215626,5,2017-12-03,5,0,高频多品类用户
215641,2,2017-12-01,2,2,稳定复购用户
215651,1,2017-12-02,1,1,新购买用户
215668,1,2017-12-01,1,2,低频沉睡用户
215681,4,2017-12-02,3,1,高频多品类用户
215685,5,2017-12-02,4,1,高频多品类用户
215686,2,2017-12-02,2,1,稳定复购用户
215689,1,2017-11-27,1,6,低频沉睡用户
215691,2,2017-11-30,2,3,稳定复购用户
215697,1,2017-11-27,1,6,低频沉睡用户
215700,2,2017-12-01,1,2,稳定复购用户
215710,1,2017-12-02,1,1,新购买用户
215717,4,2017-12-02,4,1,高频多品类用户
215722,1,2017-11-26,1,7,低频沉睡用户
215733,8,2017-12-02,7,1,高频多品类用户
215736,5,2017-12-03,4,0,高频多品类用户
215739,6,2017-12-01,5,2,高频多品类用户
215740,1,2017-12-03,1,0,新购买用户
215744,9,2017-12-03,9,0,高频多品类用户
215748,3,2017-12-02,3,1,高频多品类用户
215758,4,2017-11-30,4,3,高频多品类用户
215760,3,2017-12-01,3,2,高频多品类用户
215767,1,2017-11-30,1,3,低频沉睡用户
215777,1,2017-11-26,1,7,低频沉睡用户
215781,1,2017-12-02,1,1,新购买用户
215787,3,2017-11-29,3,4,高频多品类用户
215790,6,2017-12-02,6,1,高频多品类用户
215792,17,2017-12-02,9,1,高频多品类用户
215793,1,2017-11-27,1,6,低频沉睡用户
215797,1,2017-12-03,1,0,新购买用户
215823,1,2017-12-01,1,2,低频沉睡用户
215828,4,2017-12-02,2,1,高频多品类用户
215841,1,2017-12-03,1,0,新购买用户
215842,2,2017-11-30,2,3,稳定复购用户
215843,1,2017-11-25,1,8,低频沉睡用户
215848,6,2017-12-03,4,0,高频多品类用户
215851,3,2017-12-02,3,1,高频多品类用户
215862,1,2017-12-02,1,1,新购买用户
215863,4,2017-11-28,2,5,高频多品类用户
215872,7,2017-11-27,2,6,高频多品类用户
215876,4,2017-12-03,2,0,高频多品类用户
215881,2,2017-11-30,2,3,稳定复购用户
215889,2,2017-11-29,2,4,稳定复购用户
215897,1,2017-11-30,1,3,低频沉睡用户
215903,2,2017-12-01,2,2,稳定复购用户
215904,2,2017-12-02,1,1,稳定复购用户
215911,3,2017-11-26,3,7,高频多品类用户
215915,3,2017-12-03,3,0,高频多品类用户
215931,2,2017-12-02,2,1,稳定复购用户
215933,3,2017-11-29,3,4,高频多品类用户
215934,1,2017-12-01,1,2,低频沉睡用户
215936,1,2017-11-25,1,8,低频沉睡用户
215941,1,2017-11-28,1,5,低频沉睡用户
215950,1,2017-11-26,1,7,低频沉睡用户
215965,2,2017-11-28,2,5,稳定复购用户
216003,2,2017-11-29,1,4,稳定复购用户
216015,3,2017-12-02,3,1,高频多品类用户
216021,4,2017-12-02,4,1,高频多品类用户
216023,2,2017-11-27,2,6,稳定复购用户
216055,3,2017-11-28,3,5,高频多品类用户
216067,2,2017-12-01,2,2,稳定复购用户
216083,3,2017-11-25,3,8,高频多品类用户
216084,3,2017-11-29,2,4,高频多品类用户
216092,1,2017-11-30,1,3,低频沉睡用户
216093,1,2017-11-29,1,4,低频沉睡用户
216095,3,2017-12-01,3,2,高频多品类用户
216096,1,2017-12-02,1,1,新购买用户
216105,1,2017-12-02,1,1,新购买用户
216106,4,2017-12-03,4,0,高频多品类用户
216110,5,2017-12-01,4,2,高频多品类用户
216127,9,2017-12-03,6,0,高频多品类用户
216128,3,2017-11-30,2,3,高频多品类用户
216137,1,2017-11-30,1,3,低频沉睡用户
216143,2,2017-12-02,2,1,稳定复购用户
216144,4,2017-12-01,4,2,高频多品类用户
216155,9,2017-12-03,4,0,高频多品类用户
216164,2,2017-12-03,2,0,稳定复购用户
216173,3,2017-12-03,3,0,高频多品类用户
216187,1,2017-11-25,1,8,低频沉睡用户
216194,3,2017-12-01,3,2,高频多品类用户
216201,2,2017-11-26,2,7,稳定复购用户
216202,5,2017-12-01,5,2,高频多品类用户
216204,1,2017-12-01,1,2,低频沉睡用户
216207,2,2017-12-03,2,0,稳定复购用户
216208,5,2017-12-01,4,2,高频多品类用户
216209,2,2017-11-25,2,8,稳定复购用户
216234,2,2017-11-29,2,4,稳定复购用户
216237,3,2017-11-28,3,5,高频多品类用户
216240,6,2017-12-03,4,0,高频多品类用户
216247,2,2017-12-03,2,0,稳定复购用户
216262,3,2017-12-01,3,2,高频多品类用户
216271,1,2017-12-03,1,0,新购买用户
216276,2,2017-12-03,2,0,稳定复购用户
216287,2,2017-11-29,2,4,稳定复购用户
216291,2,2017-11-30,2,3,稳定复购用户
216304,3,2017-12-01,2,2,高频多品类用户
216308,6,2017-11-30,5,3,高频多品类用户
216319,3,2017-11-29,3,4,高频多品类用户
216323,2,2017-12-03,2,0,稳定复购用户
216326,10,2017-12-03,9,0,高频多品类用户
216328,3,2017-11-29,3,4,高频多品类用户
216344,3,2017-11-28,3,5,高频多品类用户
216361,2,2017-12-02,2,1,稳定复购用户
216363,8,2017-12-03,6,0,高频多品类用户
216367,1,2017-12-01,1,2,低频沉睡用户
216369,5,2017-12-03,5,0,高频多品类用户
216371,2,2017-11-30,2,3,稳定复购用户
216383,1,2017-11-29,1,4,低频沉睡用户
216385,2,2017-11-30,2,3,稳定复购用户
216386,4,2017-11-27,4,6,高频多品类用户
216388,1,2017-11-30,1,3,低频沉睡用户
216391,2,2017-12-03,2,0,稳定复购用户
216393,1,2017-11-29,1,4,低频沉睡用户
216403,2,2017-11-29,2,4,稳定复购用户
216406,3,2017-12-02,3,1,高频多品类用户
216410,2,2017-12-03,2,0,稳定复购用户
216430,2,2017-11-30,2,3,稳定复购用户
216431,2,2017-12-03,2,0,稳定复购用户
216438,2,2017-11-29,1,4,稳定复购用户
216440,1,2017-12-02,1,1,新购买用户
216441,2,2017-12-02,1,1,稳定复购用户
216452,1,2017-11-27,1,6,低频沉睡用户
216453,2,2017-12-03,2,0,稳定复购用户
216455,1,2017-11-25,1,8,低频沉睡用户
216462,3,2017-12-03,3,0,高频多品类用户
216469,3,2017-11-30,3,3,高频多品类用户
216472,1,2017-11-27,1,6,低频沉睡用户
216479,1,2017-11-28,1,5,低频沉睡用户
216482,1,2017-11-29,1,4,低频沉睡用户
216486,1,2017-11-27,1,6,低频沉睡用户
216497,3,2017-11-26,2,7,高频多品类用户
216499,1,2017-12-02,1,1,新购买用户
216515,5,2017-12-02,4,1,高频多品类用户
216516,4,2017-12-03,2,0,高频多品类用户
216522,2,2017-11-29,1,4,稳定复购用户
216527,15,2017-11-30,7,3,高频多品类用户
216528,2,2017-12-02,1,1,稳定复购用户
216531,1,2017-11-30,1,3,低频沉睡用户
216536,4,2017-12-03,4,0,高频多品类用户
216538,10,2017-12-02,7,1,高频多品类用户
216557,3,2017-12-02,3,1,高频多品类用户
216576,1,2017-11-28,1,5,低频沉睡用户
216577,2,2017-12-03,2,0,稳定复购用户
216581,11,2017-12-02,8,1,高频多品类用户
216585,2,2017-11-26,2,7,稳定复购用户
216606,1,2017-12-01,1,2,低频沉睡用户
216611,3,2017-12-03,3,0,高频多品类用户
216626,2,2017-12-03,2,0,稳定复购用户
216628,1,2017-12-02,1,1,新购买用户
216647,1,2017-11-28,1,5,低频沉睡用户
216680,2,2017-11-30,2,3,稳定复购用户
216687,7,2017-12-02,7,1,高频多品类用户
216698,1,2017-11-26,1,7,低频沉睡用户
216701,4,2017-12-02,4,1,高频多品类用户
216705,4,2017-12-02,2,1,高频多品类用户
216706,2,2017-11-30,2,3,稳定复购用户
216710,3,2017-12-02,3,1,高频多品类用户
216715,6,2017-12-02,5,1,高频多品类用户
216733,1,2017-11-25,1,8,低频沉睡用户
216739,2,2017-11-25,1,8,稳定复购用户
216740,3,2017-11-29,3,4,高频多品类用户
216748,1,2017-12-02,1,1,新购买用户
216754,2,2017-12-02,2,1,稳定复购用户
216765,1,2017-12-03,1,0,新购买用户
216766,3,2017-12-02,1,1,稳定复购用户
216781,2,2017-11-27,2,6,稳定复购用户
216820,9,2017-12-01,4,2,高频多品类用户
216826,5,2017-12-01,3,2,高频多品类用户
216830,4,2017-12-02,4,1,高频多品类用户
216832,4,2017-12-02,3,1,高频多品类用户
216841,3,2017-11-30,3,3,高频多品类用户
216845,4,2017-12-03,4,0,高频多品类用户
216852,2,2017-12-01,1,2,稳定复购用户
216854,8,2017-12-02,6,1,高频多品类用户
216856,8,2017-12-03,7,0,高频多品类用户
216863,8,2017-11-29,7,4,高频多品类用户
216871,7,2017-12-01,7,2,高频多品类用户
216878,2,2017-12-03,2,0,稳定复购用户
216881,3,2017-12-01,3,2,高频多品类用户
216883,3,2017-12-03,3,0,高频多品类用户
216885,7,2017-12-01,5,2,高频多品类用户
216886,2,2017-12-01,1,2,稳定复购用户
216890,3,2017-11-29,3,4,高频多品类用户
216891,5,2017-11-30,4,3,高频多品类用户
216895,1,2017-11-27,1,6,低频沉睡用户
216899,5,2017-12-03,4,0,高频多品类用户
216918,2,2017-12-01,2,2,稳定复购用户
216923,2,2017-12-02,2,1,稳定复购用户
216936,8,2017-11-30,7,3,高频多品类用户
216946,2,2017-11-29,2,4,稳定复购用户
216956,1,2017-12-03,1,0,新购买用户
216962,5,2017-12-02,5,1,高频多品类用户
216969,6,2017-12-02,5,1,高频多品类用户
216982,4,2017-12-03,3,0,高频多品类用户
216984,3,2017-12-01,2,2,高频多品类用户
216994,1,2017-12-01,1,2,低频沉睡用户
216998,5,2017-12-02,3,1,高频多品类用户
217000,1,2017-12-01,1,2,低频沉睡用户
217006,3,2017-12-01,3,2,高频多品类用户
217013,1,2017-11-27,1,6,低频沉睡用户
217025,17,2017-12-03,8,0,高频多品类用户
217037,1,2017-11-26,1,7,低频沉睡用户
217041,1,2017-11-26,1,7,低频沉睡用户
217046,1,2017-11-26,1,7,低频沉睡用户
217049,1,2017-11-27,1,6,低频沉睡用户
217058,1,2017-12-03,1,0,新购买用户
217083,1,2017-12-03,1,0,新购买用户
217085,5,2017-12-02,5,1,高频多品类用户
217105,1,2017-12-03,1,0,新购买用户
217113,1,2017-11-28,1,5,低频沉睡用户
217115,3,2017-11-27,2,6,高频多品类用户
217119,1,2017-11-29,1,4,低频沉睡用户
217124,3,2017-12-02,3,1,高频多品类用户
217136,2,2017-12-01,2,2,稳定复购用户
217138,1,2017-11-28,1,5,低频沉睡用户
217147,3,2017-11-26,1,7,稳定复购用户
217165,3,2017-12-03,3,0,高频多品类用户
217167,3,2017-12-02,3,1,高频多品类用户
217174,2,2017-11-26,1,7,稳定复购用户
217178,16,2017-11-30,12,3,高频多品类用户
217180,1,2017-12-02,1,1,新购买用户
217189,6,2017-12-03,5,0,高频多品类用户
217195,2,2017-12-01,2,2,稳定复购用户
217206,3,2017-11-26,3,7,高频多品类用户
217208,4,2017-12-01,4,2,高频多品类用户
217209,1,2017-11-26,1,7,低频沉睡用户
217213,2,2017-12-02,2,1,稳定复购用户
217252,1,2017-12-01,1,2,低频沉睡用户
217257,1,2017-11-29,1,4,低频沉睡用户
217259,3,2017-12-02,3,1,高频多品类用户
217263,13,2017-12-03,11,0,高频多品类用户
217272,3,2017-12-03,3,0,高频多品类用户
217287,1,2017-12-01,1,2,低频沉睡用户
217300,5,2017-12-03,4,0,高频多品类用户
217301,5,2017-12-01,5,2,高频多品类用户
217306,1,2017-12-02,1,1,新购买用户
217308,2,2017-11-25,1,8,稳定复购用户
217318,2,2017-12-01,2,2,稳定复购用户
217320,1,2017-11-30,1,3,低频沉睡用户
217325,5,2017-11-30,5,3,高频多品类用户
217327,1,2017-11-30,1,3,低频沉睡用户
217332,1,2017-12-01,1,2,低频沉睡用户
217342,2,2017-12-01,2,2,稳定复购用户
217358,1,2017-11-25,1,8,低频沉睡用户
217367,3,2017-11-30,3,3,高频多品类用户
217383,2,2017-11-29,2,4,稳定复购用户
217397,1,2017-11-29,1,4,低频沉睡用户
217399,2,2017-12-03,2,0,稳定复购用户
217403,2,2017-11-28,1,5,稳定复购用户
217416,1,2017-11-25,1,8,低频沉睡用户
217418,7,2017-12-03,6,0,高频多品类用户
217420,1,2017-12-01,1,2,低频沉睡用户
217434,1,2017-11-25,1,8,低频沉睡用户
217446,3,2017-12-02,3,1,高频多品类用户
217447,3,2017-12-02,2,1,高频多品类用户
217452,2,2017-12-02,1,1,稳定复购用户
217460,1,2017-12-01,1,2,低频沉睡用户
217477,1,2017-12-01,1,2,低频沉睡用户
217483,7,2017-12-01,6,2,高频多品类用户
217488,3,2017-11-30,2,3,高频多品类用户
217489,1,2017-11-28,1,5,低频沉睡用户
217497,3,2017-12-02,2,1,高频多品类用户
217501,2,2017-11-27,2,6,稳定复购用户
217502,2,2017-11-30,2,3,稳定复购用户
217509,4,2017-12-03,4,0,高频多品类用户
217512,1,2017-12-03,1,0,新购买用户
217516,4,2017-12-02,3,1,高频多品类用户
217517,5,2017-12-02,5,1,高频多品类用户
217520,1,2017-12-01,1,2,低频沉睡用户
217525,4,2017-11-30,4,3,高频多品类用户
217537,7,2017-12-02,6,1,高频多品类用户
217541,1,2017-12-01,1,2,低频沉睡用户
217543,1,2017-11-27,1,6,低频沉睡用户
217545,7,2017-12-02,6,1,高频多品类用户
217550,4,2017-11-27,2,6,高频多品类用户
217555,1,2017-12-02,1,1,新购买用户
217560,1,2017-11-28,1,5,低频沉睡用户
217568,1,2017-12-01,1,2,低频沉睡用户
217575,5,2017-12-03,4,0,高频多品类用户
217576,4,2017-11-27,3,6,高频多品类用户
217578,1,2017-12-03,1,0,新购买用户
217580,2,2017-12-03,2,0,稳定复购用户
217608,1,2017-11-27,1,6,低频沉睡用户
217610,1,2017-12-02,1,1,新购买用户
217620,1,2017-12-03,1,0,新购买用户
217636,1,2017-11-28,1,5,低频沉睡用户
217637,1,2017-11-29,1,4,低频沉睡用户
217656,4,2017-12-03,3,0,高频多品类用户
217663,3,2017-11-27,2,6,高频多品类用户
217674,4,2017-11-29,4,4,高频多品类用户
217687,1,2017-12-03,1,0,新购买用户
217693,1,2017-12-03,1,0,新购买用户
217695,1,2017-11-30,1,3,低频沉睡用户
217707,8,2017-12-02,5,1,高频多品类用户
217714,7,2017-12-03,5,0,高频多品类用户
217722,7,2017-12-02,6,1,高频多品类用户
217725,1,2017-11-29,1,4,低频沉睡用户
217744,3,2017-11-27,3,6,高频多品类用户
217756,6,2017-12-03,6,0,高频多品类用户
217773,1,2017-11-27,1,6,低频沉睡用户
217784,1,2017-12-03,1,0,新购买用户
217792,3,2017-11-25,3,8,高频多品类用户
217798,2,2017-11-26,2,7,稳定复购用户
217801,5,2017-11-27,5,6,高频多品类用户
217833,4,2017-12-02,3,1,高频多品类用户
217840,3,2017-12-02,2,1,高频多品类用户
217843,4,2017-12-02,4,1,高频多品类用户
217844,2,2017-12-03,2,0,稳定复购用户
217855,1,2017-12-03,1,0,新购买用户
217856,2,2017-12-03,2,0,稳定复购用户
217872,2,2017-12-01,2,2,稳定复购用户
217883,2,2017-12-02,2,1,稳定复购用户
217887,3,2017-12-03,3,0,高频多品类用户
217890,2,2017-11-27,2,6,稳定复购用户
217891,10,2017-12-03,8,0,高频多品类用户
217897,1,2017-11-29,1,4,低频沉睡用户
217907,2,2017-11-27,2,6,稳定复购用户
217913,5,2017-12-03,4,0,高频多品类用户
217922,4,2017-11-27,4,6,高频多品类用户
217929,8,2017-12-03,6,0,高频多品类用户
217932,2,2017-11-30,2,3,稳定复购用户
217934,1,2017-11-26,1,7,低频沉睡用户
217937,3,2017-12-01,3,2,高频多品类用户
217940,3,2017-11-28,3,5,高频多品类用户
217944,2,2017-11-26,1,7,稳定复购用户
217949,21,2017-11-29,12,4,高频多品类用户
217952,2,2017-12-02,2,1,稳定复购用户
217962,1,2017-11-28,1,5,低频沉睡用户
217965,1,2017-11-28,1,5,低频沉睡用户
217966,3,2017-12-01,3,2,高频多品类用户
217975,4,2017-11-30,4,3,高频多品类用户
217976,19,2017-12-02,14,1,高频多品类用户
217977,7,2017-12-03,6,0,高频多品类用户
217978,1,2017-11-25,1,8,低频沉睡用户
217986,6,2017-12-03,6,0,高频多品类用户
217989,3,2017-12-02,2,1,高频多品类用户
217993,1,2017-11-25,1,8,低频沉睡用户
218012,1,2017-12-02,1,1,新购买用户
218014,4,2017-11-30,4,3,高频多品类用户
218051,2,2017-11-28,2,5,稳定复购用户
218056,2,2017-12-03,2,0,稳定复购用户
218057,2,2017-12-03,2,0,稳定复购用户
218058,1,2017-11-30,1,3,低频沉睡用户
218075,11,2017-12-03,6,0,高频多品类用户
218082,3,2017-12-03,3,0,高频多品类用户
218084,1,2017-11-27,1,6,低频沉睡用户
218094,2,2017-11-29,1,4,稳定复购用户
218095,1,2017-11-29,1,4,低频沉睡用户
218096,5,2017-12-01,4,2,高频多品类用户
218108,2,2017-12-01,2,2,稳定复购用户
218121,1,2017-11-30,1,3,低频沉睡用户
218122,2,2017-12-01,1,2,稳定复购用户
218125,1,2017-12-01,1,2,低频沉睡用户
218131,2,2017-11-28,2,5,稳定复购用户
218133,1,2017-11-29,1,4,低频沉睡用户
218137,2,2017-12-03,2,0,稳定复购用户
218144,2,2017-11-30,2,3,稳定复购用户
218161,1,2017-12-02,1,1,新购买用户
218170,1,2017-11-26,1,7,低频沉睡用户
218192,1,2017-11-27,1,6,低频沉睡用户
218202,2,2017-11-28,2,5,稳定复购用户
218214,2,2017-11-30,2,3,稳定复购用户
218221,3,2017-12-03,2,0,高频多品类用户
218236,1,2017-11-28,1,5,低频沉睡用户
218238,4,2017-12-01,3,2,高频多品类用户
218243,7,2017-12-01,6,2,高频多品类用户
218248,2,2017-11-28,2,5,稳定复购用户
218267,1,2017-12-01,1,2,低频沉睡用户
218275,2,2017-11-29,2,4,稳定复购用户
1000001,1,2017-12-03,1,0,新购买用户
1000011,2,2017-11-25,2,8,稳定复购用户
1000027,2,2017-12-03,2,0,稳定复购用户
1000028,4,2017-12-03,4,0,高频多品类用户
1000037,5,2017-12-01,3,2,高频多品类用户
1000054,4,2017-12-02,3,1,高频多品类用户
1000060,1,2017-12-01,1,2,低频沉睡用户
1000061,3,2017-12-03,3,0,高频多品类用户
1000070,1,2017-11-28,1,5,低频沉睡用户
1000084,7,2017-12-03,6,0,高频多品类用户
1000085,12,2017-12-01,8,2,高频多品类用户
1000103,4,2017-12-03,3,0,高频多品类用户
1000115,7,2017-12-03,3,0,高频多品类用户
1000134,3,2017-12-02,2,1,高频多品类用户
1000135,1,2017-11-28,1,5,低频沉睡用户
1000139,2,2017-12-03,2,0,稳定复购用户
1000151,3,2017-12-03,3,0,高频多品类用户
1000154,1,2017-11-26,1,7,低频沉睡用户
1000165,2,2017-12-01,2,2,稳定复购用户
1000169,1,2017-11-30,1,3,低频沉睡用户
1000186,1,2017-11-30,1,3,低频沉睡用户
1000191,5,2017-12-02,4,1,高频多品类用户
1000194,1,2017-11-29,1,4,低频沉睡用户
1000204,1,2017-11-26,1,7,低频沉睡用户
1000209,3,2017-11-28,3,5,高频多品类用户
1000222,6,2017-11-29,3,4,高频多品类用户
1000228,5,2017-11-30,5,3,高频多品类用户
1000236,1,2017-11-30,1,3,低频沉睡用户
1000251,3,2017-11-28,3,5,高频多品类用户
1000263,4,2017-12-02,4,1,高频多品类用户
1000269,3,2017-12-03,3,0,高频多品类用户
1000274,2,2017-11-27,2,6,稳定复购用户
1000282,1,2017-11-27,1,6,低频沉睡用户
1000283,1,2017-11-27,1,6,低频沉睡用户
1000291,2,2017-11-30,2,3,稳定复购用户
1000296,1,2017-12-01,1,2,低频沉睡用户
1000313,5,2017-12-02,4,1,高频多品类用户
1000317,2,2017-11-26,2,7,稳定复购用户
1000319,1,2017-12-03,1,0,新购买用户
1000328,1,2017-12-03,1,0,新购买用户
1000332,1,2017-12-03,1,0,新购买用户
1000335,8,2017-12-03,8,0,高频多品类用户
1000349,8,2017-12-02,6,1,高频多品类用户
1000364,1,2017-11-28,1,5,低频沉睡用户
1000398,4,2017-12-03,3,0,高频多品类用户
1000408,3,2017-11-27,3,6,高频多品类用户
1000417,11,2017-12-03,11,0,高频多品类用户
1000420,1,2017-11-28,1,5,低频沉睡用户
1000429,3,2017-12-03,3,0,高频多品类用户
1000436,7,2017-12-03,6,0,高频多品类用户
1000438,8,2017-12-03,1,0,稳定复购用户
1000455,1,2017-11-28,1,5,低频沉睡用户
1000485,1,2017-11-30,1,3,低频沉睡用户
1000488,19,2017-12-03,14,0,高频多品类用户
1000490,2,2017-11-30,2,3,稳定复购用户
1000497,1,2017-11-29,1,4,低频沉睡用户
1000504,1,2017-12-01,1,2,低频沉睡用户
1000505,6,2017-12-01,5,2,高频多品类用户
1000511,3,2017-12-03,2,0,高频多品类用户
1000519,2,2017-11-27,2,6,稳定复购用户
1000520,3,2017-12-02,3,1,高频多品类用户
1000538,2,2017-12-03,2,0,稳定复购用户
1000539,1,2017-12-01,1,2,低频沉睡用户
1000541,1,2017-12-02,1,1,新购买用户
1000565,6,2017-12-02,5,1,高频多品类用户
1000573,2,2017-11-29,2,4,稳定复购用户
1000581,3,2017-11-29,3,4,高频多品类用户
1000588,2,2017-12-01,2,2,稳定复购用户
1000590,2,2017-12-03,2,0,稳定复购用户
1000596,3,2017-11-29,3,4,高频多品类用户
1000610,4,2017-12-03,4,0,高频多品类用户
1000630,3,2017-11-29,3,4,高频多品类用户
1000636,7,2017-11-30,7,3,高频多品类用户
1000641,7,2017-11-30,5,3,高频多品类用户
1000647,1,2017-11-26,1,7,低频沉睡用户
1000650,1,2017-11-29,1,4,低频沉睡用户
1000659,4,2017-12-01,4,2,高频多品类用户
1000664,5,2017-11-30,3,3,高频多品类用户
1000676,3,2017-12-02,3,1,高频多品类用户
1000684,10,2017-12-03,7,0,高频多品类用户
1000686,1,2017-12-01,1,2,低频沉睡用户
1000688,1,2017-12-02,1,1,新购买用户
1000694,3,2017-12-01,3,2,高频多品类用户
1000703,2,2017-11-29,2,4,稳定复购用户
1000712,3,2017-11-29,3,4,高频多品类用户
1000715,3,2017-12-01,3,2,高频多品类用户
1000718,4,2017-11-30,3,3,高频多品类用户
1000722,1,2017-11-29,1,4,低频沉睡用户
1000723,16,2017-12-02,11,1,高频多品类用户
1000727,1,2017-12-03,1,0,新购买用户
1000732,1,2017-12-01,1,2,低频沉睡用户
1000735,3,2017-12-02,3,1,高频多品类用户
1000738,1,2017-11-26,1,7,低频沉睡用户
1000749,2,2017-12-03,2,0,稳定复购用户
1000751,1,2017-11-27,1,6,低频沉睡用户
1000772,1,2017-12-03,1,0,新购买用户
1000792,5,2017-12-01,3,2,高频多品类用户
1000803,1,2017-11-26,1,7,低频沉睡用户
1000807,5,2017-12-03,5,0,高频多品类用户
1000810,1,2017-12-01,1,2,低频沉睡用户
1000811,2,2017-11-30,2,3,稳定复购用户
1000836,4,2017-12-03,4,0,高频多品类用户
1000840,1,2017-12-02,1,1,新购买用户
1000856,3,2017-11-30,3,3,高频多品类用户
1000857,1,2017-11-29,1,4,低频沉睡用户
1000865,2,2017-12-01,2,2,稳定复购用户
1000866,1,2017-11-26,1,7,低频沉睡用户
1000867,1,2017-11-30,1,3,低频沉睡用户
1000872,4,2017-12-01,3,2,高频多品类用户
1000877,7,2017-11-30,6,3,高频多品类用户
1000878,4,2017-12-01,4,2,高频多品类用户
1000896,2,2017-11-26,2,7,稳定复购用户
1000911,5,2017-12-03,4,0,高频多品类用户
1000916,2,2017-12-01,2,2,稳定复购用户
1000919,1,2017-11-28,1,5,低频沉睡用户
1000922,1,2017-11-29,1,4,低频沉睡用户
1000923,1,2017-12-02,1,1,新购买用户
1000936,2,2017-11-27,2,6,稳定复购用户
1000937,4,2017-12-01,3,2,高频多品类用户
1000959,1,2017-11-26,1,7,低频沉睡用户
1000962,3,2017-11-30,3,3,高频多品类用户
1000964,1,2017-11-26,1,7,低频沉睡用户
1000984,1,2017-11-30,1,3,低频沉睡用户
1001005,2,2017-12-02,2,1,稳定复购用户
1001009,3,2017-11-30,3,3,高频多品类用户
1001017,2,2017-11-28,2,5,稳定复购用户
1001018,1,2017-11-26,1,7,低频沉睡用户
1001024,2,2017-11-29,2,4,稳定复购用户
1001048,1,2017-12-03,1,0,新购买用户
1001054,6,2017-12-03,6,0,高频多品类用户
1001065,4,2017-11-30,3,3,高频多品类用户
1001081,5,2017-12-02,4,1,高频多品类用户
1001088,2,2017-11-25,1,8,稳定复购用户
1001092,2,2017-11-28,1,5,稳定复购用户
1001099,5,2017-12-01,4,2,高频多品类用户
1001102,4,2017-12-02,3,1,高频多品类用户
1001104,2,2017-12-01,2,2,稳定复购用户
1001108,1,2017-11-26,1,7,低频沉睡用户
1001120,4,2017-11-30,4,3,高频多品类用户
1001121,1,2017-11-30,1,3,低频沉睡用户
1001131,4,2017-12-03,4,0,高频多品类用户
1001138,2,2017-12-03,2,0,稳定复购用户
1001145,5,2017-12-01,5,2,高频多品类用户
1001148,1,2017-12-03,1,0,新购买用户
1001151,3,2017-12-01,2,2,高频多品类用户
1001154,1,2017-11-29,1,4,低频沉睡用户
1001185,2,2017-11-29,2,4,稳定复购用户
1001186,4,2017-12-03,4,0,高频多品类用户
1001199,10,2017-12-03,7,0,高频多品类用户
1001201,2,2017-12-02,2,1,稳定复购用户
1001228,1,2017-12-02,1,1,新购买用户
1001230,2,2017-11-30,2,3,稳定复购用户
1001232,4,2017-11-30,4,3,高频多品类用户
1001235,4,2017-12-03,4,0,高频多品类用户
1001241,5,2017-12-01,5,2,高频多品类用户
1001248,3,2017-11-26,2,7,高频多品类用户
1001265,1,2017-12-01,1,2,低频沉睡用户
1001270,2,2017-12-02,2,1,稳定复购用户
1001301,1,2017-11-27,1,6,低频沉睡用户
1001305,15,2017-11-30,11,3,高频多品类用户
1001313,1,2017-12-02,1,1,新购买用户
1001326,5,2017-12-02,3,1,高频多品类用户
1001327,1,2017-11-29,1,4,低频沉睡用户
1001346,1,2017-11-27,1,6,低频沉睡用户
1001347,3,2017-12-01,3,2,高频多品类用户
1001352,2,2017-12-02,2,1,稳定复购用户
1001360,1,2017-11-27,1,6,低频沉睡用户
1001373,5,2017-11-30,4,3,高频多品类用户
1001375,10,2017-12-03,4,0,高频多品类用户
1001378,8,2017-12-03,8,0,高频多品类用户
1001381,2,2017-12-01,2,2,稳定复购用户
1001404,2,2017-12-01,2,2,稳定复购用户
1001419,7,2017-12-01,5,2,高频多品类用户
1001420,3,2017-11-28,3,5,高频多品类用户
1001421,2,2017-11-30,2,3,稳定复购用户
1001438,1,2017-11-29,1,4,低频沉睡用户
1001441,2,2017-12-03,2,0,稳定复购用户
1001444,3,2017-12-02,3,1,高频多品类用户
1001460,1,2017-11-29,1,4,低频沉睡用户
1001461,6,2017-11-30,4,3,高频多品类用户
1001466,5,2017-12-03,4,0,高频多品类用户
1001472,5,2017-11-25,5,8,高频多品类用户
1001482,1,2017-11-28,1,5,低频沉睡用户
1001489,1,2017-11-27,1,6,低频沉睡用户
1001492,1,2017-11-28,1,5,低频沉睡用户
1001512,1,2017-12-01,1,2,低频沉睡用户
1001521,1,2017-11-27,1,6,低频沉睡用户
1001524,1,2017-12-03,1,0,新购买用户
1001531,2,2017-12-03,2,0,稳定复购用户
1001532,3,2017-12-02,2,1,高频多品类用户
1001534,1,2017-11-26,1,7,低频沉睡用户
1001537,8,2017-12-03,6,0,高频多品类用户
1001543,1,2017-11-28,1,5,低频沉睡用户
1001545,10,2017-12-03,9,0,高频多品类用户
1001551,1,2017-12-03,1,0,新购买用户
1001557,1,2017-12-02,1,1,新购买用户
1001562,2,2017-11-30,2,3,稳定复购用户
1001566,7,2017-12-01,5,2,高频多品类用户
1001569,2,2017-11-28,1,5,稳定复购用户
1001578,2,2017-12-02,2,1,稳定复购用户
1001591,1,2017-12-02,1,1,新购买用户
1001596,4,2017-12-02,3,1,高频多品类用户
1001601,2,2017-11-30,2,3,稳定复购用户
1001606,1,2017-12-01,1,2,低频沉睡用户
1001608,1,2017-11-27,1,6,低频沉睡用户
1001618,1,2017-11-26,1,7,低频沉睡用户
1001625,6,2017-12-03,4,0,高频多品类用户
1001626,2,2017-11-30,2,3,稳定复购用户
1001628,1,2017-11-30,1,3,低频沉睡用户
1001629,9,2017-12-03,8,0,高频多品类用户
1001652,4,2017-12-03,4,0,高频多品类用户
1001654,2,2017-12-01,2,2,稳定复购用户
1001662,9,2017-11-30,6,3,高频多品类用户
1001667,2,2017-12-02,2,1,稳定复购用户
1001673,2,2017-11-29,2,4,稳定复购用户
1001676,3,2017-12-03,2,0,高频多品类用户
1001686,1,2017-12-01,1,2,低频沉睡用户
1001688,1,2017-11-27,1,6,低频沉睡用户
1001689,1,2017-12-01,1,2,低频沉睡用户
1001697,1,2017-12-02,1,1,新购买用户
1001700,2,2017-11-30,2,3,稳定复购用户
1001711,5,2017-12-03,5,0,高频多品类用户
1001737,3,2017-11-30,3,3,高频多品类用户
1001744,1,2017-11-28,1,5,低频沉睡用户
1001757,2,2017-12-03,2,0,稳定复购用户
1001769,3,2017-11-28,3,5,高频多品类用户
1001771,1,2017-11-26,1,7,低频沉睡用户
1001783,4,2017-12-02,3,1,高频多品类用户
1001784,2,2017-11-28,1,5,稳定复购用户
1001788,3,2017-11-28,3,5,高频多品类用户
1001800,1,2017-12-01,1,2,低频沉睡用户
1001803,2,2017-11-29,2,4,稳定复购用户
1001804,4,2017-12-03,4,0,高频多品类用户
1001809,1,2017-11-29,1,4,低频沉睡用户
1001823,1,2017-11-30,1,3,低频沉睡用户
1001829,4,2017-12-02,4,1,高频多品类用户
1001841,7,2017-12-02,6,1,高频多品类用户
1001844,2,2017-12-01,2,2,稳定复购用户
1001847,3,2017-11-26,2,7,高频多品类用户
1001850,2,2017-12-02,2,1,稳定复购用户
1001855,3,2017-11-29,3,4,高频多品类用户
1001856,8,2017-12-02,7,1,高频多品类用户
1001860,3,2017-12-01,2,2,高频多品类用户
1001866,15,2017-11-30,11,3,高频多品类用户
1001870,2,2017-12-02,2,1,稳定复购用户
1001872,2,2017-11-27,2,6,稳定复购用户
1001875,5,2017-12-01,3,2,高频多品类用户
1001876,2,2017-12-03,1,0,稳定复购用户
1001877,3,2017-12-02,2,1,高频多品类用户
1001879,2,2017-12-03,2,0,稳定复购用户
1001882,1,2017-12-03,1,0,新购买用户
1001891,2,2017-11-30,2,3,稳定复购用户
1001902,2,2017-12-03,2,0,稳定复购用户
1001903,1,2017-11-29,1,4,低频沉睡用户
1001908,2,2017-12-01,2,2,稳定复购用户
1001912,1,2017-12-01,1,2,低频沉睡用户
1001915,5,2017-12-02,5,1,高频多品类用户
1001917,3,2017-11-30,3,3,高频多品类用户
1001920,3,2017-12-01,2,2,高频多品类用户
1001921,6,2017-12-03,4,0,高频多品类用户
1001944,4,2017-11-30,3,3,高频多品类用户
1001946,1,2017-11-28,1,5,低频沉睡用户
1001947,1,2017-12-02,1,1,新购买用户
1001952,2,2017-12-03,2,0,稳定复购用户
1001967,3,2017-12-03,3,0,高频多品类用户
1001981,1,2017-11-26,1,7,低频沉睡用户
1001982,2,2017-12-03,2,0,稳定复购用户
1001985,1,2017-11-29,1,4,低频沉睡用户
1001988,4,2017-12-03,3,0,高频多品类用户
1002005,1,2017-11-30,1,3,低频沉睡用户
1002010,1,2017-11-30,1,3,低频沉睡用户
1002020,4,2017-12-03,4,0,高频多品类用户
1002031,16,2017-12-03,9,0,高频多品类用户
1002032,4,2017-11-30,3,3,高频多品类用户
1002034,5,2017-12-02,5,1,高频多品类用户
1002040,3,2017-11-30,3,3,高频多品类用户
1002042,7,2017-12-03,5,0,高频多品类用户
1002044,1,2017-11-29,1,4,低频沉睡用户
1002046,8,2017-11-28,6,5,高频多品类用户
1002058,1,2017-11-28,1,5,低频沉睡用户
1002066,5,2017-12-01,5,2,高频多品类用户
1002093,4,2017-12-03,4,0,高频多品类用户
1002095,4,2017-11-30,3,3,高频多品类用户
1002118,3,2017-12-01,3,2,高频多品类用户
1002127,2,2017-12-03,1,0,稳定复购用户
1002128,2,2017-11-30,2,3,稳定复购用户
1002132,5,2017-11-28,4,5,高频多品类用户
1002142,3,2017-12-02,3,1,高频多品类用户
1002147,1,2017-11-28,1,5,低频沉睡用户
1002166,7,2017-12-03,6,0,高频多品类用户
1002172,2,2017-11-26,2,7,稳定复购用户
1002180,2,2017-12-03,1,0,稳定复购用户
1002183,1,2017-11-29,1,4,低频沉睡用户
1002185,6,2017-12-02,6,1,高频多品类用户
1002188,3,2017-12-03,3,0,高频多品类用户
1002191,3,2017-11-30,3,3,高频多品类用户
1002194,3,2017-12-03,3,0,高频多品类用户
1002200,1,2017-11-26,1,7,低频沉睡用户
1002201,5,2017-12-02,4,1,高频多品类用户
1002202,3,2017-11-28,3,5,高频多品类用户
1002208,5,2017-12-03,4,0,高频多品类用户
1002213,2,2017-11-26,2,7,稳定复购用户
1002218,2,2017-12-03,2,0,稳定复购用户
1002222,11,2017-12-02,10,1,高频多品类用户
1002226,4,2017-12-01,2,2,高频多品类用户
1002228,10,2017-12-01,6,2,高频多品类用户
1002237,9,2017-12-02,9,1,高频多品类用户
1002246,8,2017-12-03,8,0,高频多品类用户
1002251,5,2017-12-01,3,2,高频多品类用户
1002254,2,2017-12-02,2,1,稳定复购用户
1002257,2,2017-12-03,2,0,稳定复购用户
1002260,1,2017-12-01,1,2,低频沉睡用户
1002271,2,2017-11-30,2,3,稳定复购用户
1002291,1,2017-11-25,1,8,低频沉睡用户
1002295,3,2017-12-02,2,1,高频多品类用户
1002306,1,2017-11-29,1,4,低频沉睡用户
1002307,10,2017-12-03,9,0,高频多品类用户
1002311,2,2017-12-03,2,0,稳定复购用户
1002315,1,2017-12-03,1,0,新购买用户
1002316,2,2017-11-29,1,4,稳定复购用户
1002317,3,2017-12-03,3,0,高频多品类用户
1002328,1,2017-11-28,1,5,低频沉睡用户
1002330,3,2017-11-29,2,4,高频多品类用户
1002331,7,2017-11-29,7,4,高频多品类用户
1002339,1,2017-11-28,1,5,低频沉睡用户
1002349,3,2017-11-28,3,5,高频多品类用户
1002350,2,2017-12-02,2,1,稳定复购用户
1002358,10,2017-12-03,6,0,高频多品类用户
1002375,1,2017-12-03,1,0,新购买用户
1002387,7,2017-12-01,7,2,高频多品类用户
1002388,5,2017-12-01,4,2,高频多品类用户
1002392,3,2017-12-02,3,1,高频多品类用户
1002413,5,2017-11-26,2,7,高频多品类用户
1002421,1,2017-12-01,1,2,低频沉睡用户
1002426,1,2017-12-01,1,2,低频沉睡用户
1002428,3,2017-11-30,3,3,高频多品类用户
1002435,3,2017-11-26,1,7,稳定复购用户
1002449,5,2017-12-02,5,1,高频多品类用户
1002453,1,2017-11-27,1,6,低频沉睡用户
1002460,2,2017-11-25,2,8,稳定复购用户
1002478,1,2017-11-27,1,6,低频沉睡用户
1002479,1,2017-11-30,1,3,低频沉睡用户
1002484,1,2017-11-29,1,4,低频沉睡用户
1002494,1,2017-11-28,1,5,低频沉睡用户
1002508,1,2017-11-30,1,3,低频沉睡用户
1002512,1,2017-12-03,1,0,新购买用户
1002520,4,2017-12-03,4,0,高频多品类用户
1002526,7,2017-11-29,7,4,高频多品类用户
1002534,4,2017-11-28,4,5,高频多品类用户
1002542,1,2017-12-02,1,1,新购买用户
1002547,1,2017-12-02,1,1,新购买用户
1002564,2,2017-12-01,2,2,稳定复购用户
1002566,5,2017-11-30,4,3,高频多品类用户
1002574,2,2017-12-03,2,0,稳定复购用户
1002578,4,2017-12-03,3,0,高频多品类用户
1002587,5,2017-12-01,5,2,高频多品类用户
1002589,8,2017-12-02,7,1,高频多品类用户
1002591,1,2017-12-03,1,0,新购买用户
1002593,1,2017-11-27,1,6,低频沉睡用户
1002597,2,2017-12-02,1,1,稳定复购用户
1002618,7,2017-12-03,7,0,高频多品类用户
1002637,7,2017-12-02,3,1,高频多品类用户
1002642,1,2017-12-03,1,0,新购买用户
1002661,1,2017-12-02,1,1,新购买用户
1002672,3,2017-12-02,3,1,高频多品类用户
1002684,2,2017-12-03,2,0,稳定复购用户
1002685,4,2017-12-01,4,2,高频多品类用户
1002696,2,2017-12-02,2,1,稳定复购用户
1002705,7,2017-11-26,7,7,高频多品类用户
1002714,3,2017-12-01,3,2,高频多品类用户
1002725,2,2017-11-28,2,5,稳定复购用户
1002756,2,2017-12-03,2,0,稳定复购用户
1002763,12,2017-12-01,9,2,高频多品类用户
1002766,1,2017-11-30,1,3,低频沉睡用户
1002767,1,2017-12-03,1,0,新购买用户
1002771,1,2017-12-03,1,0,新购买用户
1002793,1,2017-12-02,1,1,新购买用户
1002831,2,2017-12-03,2,0,稳定复购用户
1002846,1,2017-11-30,1,3,低频沉睡用户
1002847,3,2017-12-02,3,1,高频多品类用户
1002862,2,2017-12-03,2,0,稳定复购用户
1002878,3,2017-12-03,3,0,高频多品类用户
1002886,7,2017-11-29,6,4,高频多品类用户
1002890,1,2017-12-03,1,0,新购买用户
1002909,6,2017-12-03,6,0,高频多品类用户
1002927,5,2017-12-01,5,2,高频多品类用户
1002928,5,2017-12-01,4,2,高频多品类用户
1002931,2,2017-12-02,2,1,稳定复购用户
1002934,4,2017-12-03,4,0,高频多品类用户
1002940,4,2017-11-30,1,3,稳定复购用户
1002943,2,2017-12-02,2,1,稳定复购用户
1002970,6,2017-12-03,5,0,高频多品类用户
1002975,1,2017-12-01,1,2,低频沉睡用户
1002980,1,2017-11-25,1,8,低频沉睡用户
1002992,2,2017-12-02,2,1,稳定复购用户
1002996,1,2017-11-25,1,8,低频沉睡用户
1003022,8,2017-12-03,8,0,高频多品类用户
1003027,4,2017-12-03,3,0,高频多品类用户
1003041,4,2017-12-03,2,0,高频多品类用户
1003044,3,2017-11-29,3,4,高频多品类用户
1003047,2,2017-11-29,1,4,稳定复购用户
1003052,1,2017-12-02,1,1,新购买用户
1003057,1,2017-12-02,1,1,新购买用户
1003063,2,2017-12-02,2,1,稳定复购用户
1003065,5,2017-12-01,5,2,高频多品类用户
1003071,1,2017-12-01,1,2,低频沉睡用户
1003073,1,2017-12-03,1,0,新购买用户
1003076,3,2017-12-01,3,2,高频多品类用户
1003093,1,2017-11-30,1,3,低频沉睡用户
1003095,4,2017-11-28,4,5,高频多品类用户
1003110,2,2017-11-27,2,6,稳定复购用户
1003122,1,2017-11-27,1,6,低频沉睡用户
1003123,1,2017-12-03,1,0,新购买用户
1003124,1,2017-11-25,1,8,低频沉睡用户
1003131,5,2017-12-02,5,1,高频多品类用户
1003152,2,2017-11-28,2,5,稳定复购用户
1003157,2,2017-11-30,1,3,稳定复购用户
1003163,5,2017-11-27,4,6,高频多品类用户
1003171,2,2017-12-02,2,1,稳定复购用户
1003176,2,2017-12-02,2,1,稳定复购用户
1003177,6,2017-11-30,6,3,高频多品类用户
1003183,4,2017-12-03,4,0,高频多品类用户
1003184,2,2017-11-29,2,4,稳定复购用户
1003190,1,2017-12-02,1,1,新购买用户
1003191,6,2017-12-01,6,2,高频多品类用户
1003199,1,2017-11-25,1,8,低频沉睡用户
1003200,5,2017-12-03,4,0,高频多品类用户
1003221,1,2017-11-25,1,8,低频沉睡用户
1003226,1,2017-12-01,1,2,低频沉睡用户
1003227,1,2017-11-30,1,3,低频沉睡用户
1003230,1,2017-11-30,1,3,低频沉睡用户
1003239,3,2017-12-03,3,0,高频多品类用户
1003249,6,2017-12-03,6,0,高频多品类用户
1003250,1,2017-12-03,1,0,新购买用户
1003264,3,2017-12-03,3,0,高频多品类用户
1003273,4,2017-12-03,4,0,高频多品类用户
1003274,1,2017-11-28,1,5,低频沉睡用户
1003281,1,2017-11-28,1,5,低频沉睡用户
1003283,1,2017-12-01,1,2,低频沉睡用户
1003292,1,2017-12-02,1,1,新购买用户
1003293,1,2017-11-26,1,7,低频沉睡用户
1003296,2,2017-12-02,2,1,稳定复购用户
1003298,1,2017-11-25,1,8,低频沉睡用户
1003306,1,2017-11-26,1,7,低频沉睡用户
1003319,3,2017-12-01,3,2,高频多品类用户
1003321,6,2017-12-02,6,1,高频多品类用户
1003326,1,2017-12-01,1,2,低频沉睡用户
1003329,2,2017-11-27,2,6,稳定复购用户
1003332,3,2017-12-02,2,1,高频多品类用户
1003341,3,2017-12-01,1,2,稳定复购用户
1003343,3,2017-11-27,3,6,高频多品类用户
1003348,1,2017-12-03,1,0,新购买用户
1003351,5,2017-12-03,2,0,高频多品类用户
1003359,1,2017-11-25,1,8,低频沉睡用户
1003390,4,2017-12-02,3,1,高频多品类用户
1003397,2,2017-11-30,2,3,稳定复购用户
1003410,2,2017-12-02,2,1,稳定复购用户
1003422,3,2017-12-03,3,0,高频多品类用户
1003428,8,2017-12-02,6,1,高频多品类用户
1003432,1,2017-11-28,1,5,低频沉睡用户
1003440,2,2017-12-01,1,2,稳定复购用户
1003457,1,2017-11-30,1,3,低频沉睡用户
1003463,1,2017-12-03,1,0,新购买用户
1003467,1,2017-11-27,1,6,低频沉睡用户
1003475,1,2017-11-25,1,8,低频沉睡用户
1003479,2,2017-11-26,2,7,稳定复购用户
1003492,2,2017-12-01,2,2,稳定复购用户
1003499,1,2017-11-25,1,8,低频沉睡用户
1003509,4,2017-12-03,4,0,高频多品类用户
1003510,7,2017-12-03,7,0,高频多品类用户
1003512,1,2017-11-26,1,7,低频沉睡用户
1003514,2,2017-12-03,2,0,稳定复购用户
1003531,3,2017-11-26,2,7,高频多品类用户
1003550,2,2017-11-29,2,4,稳定复购用户
1003553,2,2017-11-26,2,7,稳定复购用户
1003559,4,2017-12-03,4,0,高频多品类用户
1003561,4,2017-12-03,3,0,高频多品类用户
1003562,4,2017-12-03,4,0,高频多品类用户
1003571,2,2017-11-29,2,4,稳定复购用户
1003584,2,2017-11-30,2,3,稳定复购用户
1003586,5,2017-12-02,5,1,高频多品类用户
1003598,1,2017-11-29,1,4,低频沉睡用户
1003610,3,2017-12-01,3,2,高频多品类用户
1003611,6,2017-11-29,5,4,高频多品类用户
1003612,1,2017-11-30,1,3,低频沉睡用户
1003627,2,2017-12-03,2,0,稳定复购用户
1003628,4,2017-12-03,4,0,高频多品类用户
1003629,1,2017-12-01,1,2,低频沉睡用户
1003643,3,2017-11-28,3,5,高频多品类用户
1003656,6,2017-12-03,6,0,高频多品类用户
1003685,1,2017-11-25,1,8,低频沉睡用户
1003693,1,2017-12-01,1,2,低频沉睡用户
1003703,2,2017-11-29,2,4,稳定复购用户
1003707,3,2017-12-03,3,0,高频多品类用户
1003711,3,2017-11-30,3,3,高频多品类用户
1003716,9,2017-12-03,8,0,高频多品类用户
1003724,4,2017-12-01,4,2,高频多品类用户
1003725,1,2017-12-02,1,1,新购买用户
1003733,1,2017-11-26,1,7,低频沉睡用户
1003740,3,2017-12-01,3,2,高频多品类用户
1003743,1,2017-11-29,1,4,低频沉睡用户
1003748,1,2017-12-03,1,0,新购买用户
1003756,1,2017-11-29,1,4,低频沉睡用户
1003757,1,2017-12-02,1,1,新购买用户
1003761,1,2017-12-02,1,1,新购买用户
1003766,2,2017-12-03,2,0,稳定复购用户
1003767,3,2017-11-29,3,4,高频多品类用户
1003781,5,2017-12-02,3,1,高频多品类用户
1003782,2,2017-12-03,2,0,稳定复购用户
1003792,1,2017-11-30,1,3,低频沉睡用户
1003807,1,2017-11-29,1,4,低频沉睡用户
1003821,2,2017-12-03,2,0,稳定复购用户
1003826,9,2017-12-03,7,0,高频多品类用户
1003837,6,2017-12-01,5,2,高频多品类用户
1003838,3,2017-12-02,1,1,稳定复购用户
1003846,2,2017-12-01,2,2,稳定复购用户
1003855,1,2017-11-25,1,8,低频沉睡用户
1003863,1,2017-12-03,1,0,新购买用户
1003866,1,2017-12-02,1,1,新购买用户
1003867,2,2017-12-03,2,0,稳定复购用户
1003871,3,2017-12-01,3,2,高频多品类用户
1003875,1,2017-11-26,1,7,低频沉睡用户
1003885,4,2017-12-02,3,1,高频多品类用户
1003887,1,2017-11-30,1,3,低频沉睡用户
1003893,1,2017-12-02,1,1,新购买用户
1003894,1,2017-11-27,1,6,低频沉睡用户
1003901,31,2017-12-02,20,1,高频多品类用户
1003906,8,2017-12-03,6,0,高频多品类用户
1003912,1,2017-11-26,1,7,低频沉睡用户
1003914,1,2017-11-28,1,5,低频沉睡用户
1003938,2,2017-12-02,2,1,稳定复购用户
1003940,3,2017-12-03,3,0,高频多品类用户
1003941,4,2017-11-27,4,6,高频多品类用户
1003947,1,2017-11-27,1,6,低频沉睡用户
1003961,1,2017-12-03,1,0,新购买用户
1003965,2,2017-11-26,2,7,稳定复购用户
1003975,5,2017-12-02,5,1,高频多品类用户
1003979,2,2017-11-29,2,4,稳定复购用户
1003983,43,2017-12-03,34,0,高频多品类用户
1003988,2,2017-12-03,1,0,稳定复购用户
1003991,1,2017-12-01,1,2,低频沉睡用户
1003993,1,2017-12-01,1,2,低频沉睡用户
1003998,2,2017-12-02,1,1,稳定复购用户
1004001,1,2017-12-03,1,0,新购买用户
1004002,1,2017-12-02,1,1,新购买用户
1004019,2,2017-12-02,2,1,稳定复购用户
1004020,1,2017-11-29,1,4,低频沉睡用户
1004021,3,2017-12-02,2,1,高频多品类用户
1004026,1,2017-12-03,1,0,新购买用户
1004032,2,2017-12-02,2,1,稳定复购用户
1004068,4,2017-12-02,4,1,高频多品类用户
1004073,1,2017-11-28,1,5,低频沉睡用户
1004075,4,2017-12-02,4,1,高频多品类用户
1004082,2,2017-12-03,2,0,稳定复购用户
1004087,2,2017-11-25,1,8,稳定复购用户
1004096,12,2017-12-02,11,1,高频多品类用户
1004106,3,2017-11-30,2,3,高频多品类用户
1004115,1,2017-11-25,1,8,低频沉睡用户
1004118,1,2017-12-01,1,2,低频沉睡用户
1004122,3,2017-11-27,3,6,高频多品类用户
1004140,1,2017-11-30,1,3,低频沉睡用户
1004146,1,2017-12-03,1,0,新购买用户
1004161,2,2017-12-03,2,0,稳定复购用户
1004165,4,2017-11-30,4,3,高频多品类用户
1004172,5,2017-12-03,5,0,高频多品类用户
1004183,2,2017-12-03,2,0,稳定复购用户
1004192,3,2017-11-25,3,8,高频多品类用户
1004196,2,2017-11-28,1,5,稳定复购用户
1004201,1,2017-11-26,1,7,低频沉睡用户
1004207,1,2017-12-02,1,1,新购买用户
1004212,3,2017-11-29,3,4,高频多品类用户
1004228,6,2017-11-30,3,3,高频多品类用户
1004232,3,2017-11-29,2,4,高频多品类用户
1004238,8,2017-11-30,8,3,高频多品类用户
1004246,1,2017-11-30,1,3,低频沉睡用户
1004259,3,2017-12-01,2,2,高频多品类用户
1004269,4,2017-12-03,3,0,高频多品类用户
1004274,2,2017-11-30,2,3,稳定复购用户
1004277,1,2017-12-01,1,2,低频沉睡用户
1004282,1,2017-12-03,1,0,新购买用户
1004289,1,2017-11-27,1,6,低频沉睡用户
1004296,2,2017-11-28,2,5,稳定复购用户
1004298,2,2017-11-27,1,6,稳定复购用户
1004302,1,2017-12-02,1,1,新购买用户
1004303,1,2017-11-25,1,8,低频沉睡用户
1004319,1,2017-12-01,1,2,低频沉睡用户
1004327,5,2017-12-01,4,2,高频多品类用户
1004335,3,2017-12-03,3,0,高频多品类用户
1004337,6,2017-12-03,6,0,高频多品类用户
1004339,5,2017-12-02,5,1,高频多品类用户
1004341,3,2017-11-29,3,4,高频多品类用户
1004350,2,2017-12-02,2,1,稳定复购用户
1004353,1,2017-12-01,1,2,低频沉睡用户
1004354,1,2017-12-03,1,0,新购买用户
1004357,3,2017-12-02,3,1,高频多品类用户
1004362,1,2017-11-30,1,3,低频沉睡用户
1004366,3,2017-12-02,3,1,高频多品类用户
1004368,2,2017-11-29,2,4,稳定复购用户
1004378,2,2017-12-01,2,2,稳定复购用户
1004381,5,2017-12-03,4,0,高频多品类用户
1004396,2,2017-12-02,2,1,稳定复购用户
1004403,2,2017-11-28,2,5,稳定复购用户
1004405,2,2017-12-02,2,1,稳定复购用户
1004406,3,2017-11-28,2,5,高频多品类用户
1004410,2,2017-11-29,2,4,稳定复购用户
1004413,2,2017-12-01,2,2,稳定复购用户
1004420,3,2017-11-29,3,4,高频多品类用户
1004426,1,2017-12-02,1,1,新购买用户
1004427,1,2017-11-25,1,8,低频沉睡用户
1004441,1,2017-12-03,1,0,新购买用户
1004442,4,2017-11-30,4,3,高频多品类用户
1004443,1,2017-11-29,1,4,低频沉睡用户
1004444,2,2017-12-02,2,1,稳定复购用户
1004446,2,2017-12-02,2,1,稳定复购用户
1004448,7,2017-12-03,5,0,高频多品类用户
1004454,1,2017-11-26,1,7,低频沉睡用户
1004458,12,2017-12-02,10,1,高频多品类用户
1004463,9,2017-11-28,8,5,高频多品类用户
1004466,2,2017-11-28,1,5,稳定复购用户
1004467,1,2017-12-02,1,1,新购买用户
1004471,3,2017-11-28,2,5,高频多品类用户
1004474,1,2017-11-30,1,3,低频沉睡用户
1004477,3,2017-12-03,3,0,高频多品类用户
1004490,3,2017-11-30,2,3,高频多品类用户
1004497,1,2017-12-02,1,1,新购买用户
1004504,4,2017-12-01,4,2,高频多品类用户
1004516,2,2017-11-29,2,4,稳定复购用户
1004523,6,2017-11-30,4,3,高频多品类用户
1004533,2,2017-12-03,2,0,稳定复购用户
1004538,3,2017-12-02,3,1,高频多品类用户
1004555,2,2017-12-03,2,0,稳定复购用户
1004560,4,2017-12-01,4,2,高频多品类用户
1004562,1,2017-12-03,1,0,新购买用户
1004565,2,2017-12-02,2,1,稳定复购用户
1004570,1,2017-12-02,1,1,新购买用户
1004572,5,2017-12-01,5,2,高频多品类用户
1004577,3,2017-12-02,3,1,高频多品类用户
1004580,1,2017-11-29,1,4,低频沉睡用户
1004584,15,2017-12-03,12,0,高频多品类用户
1004599,1,2017-12-02,1,1,新购买用户
1004603,6,2017-12-01,5,2,高频多品类用户
1004604,1,2017-11-26,1,7,低频沉睡用户
1004606,3,2017-11-30,3,3,高频多品类用户
1004608,1,2017-11-28,1,5,低频沉睡用户
1004611,1,2017-11-26,1,7,低频沉睡用户
1004651,2,2017-12-01,2,2,稳定复购用户
1004659,2,2017-12-02,2,1,稳定复购用户
1004663,6,2017-12-03,4,0,高频多品类用户
1004681,3,2017-12-03,3,0,高频多品类用户
1004682,3,2017-12-03,3,0,高频多品类用户
1004684,1,2017-11-30,1,3,低频沉睡用户
1004701,2,2017-11-29,2,4,稳定复购用户
1004726,10,2017-12-03,7,0,高频多品类用户
1004730,3,2017-12-02,3,1,高频多品类用户
1004737,2,2017-12-01,1,2,稳定复购用户
1004743,2,2017-12-02,2,1,稳定复购用户
1004745,8,2017-12-01,3,2,高频多品类用户
1004751,2,2017-12-03,2,0,稳定复购用户
1004775,1,2017-11-26,1,7,低频沉睡用户
1004778,1,2017-11-28,1,5,低频沉睡用户
1004785,6,2017-12-02,3,1,高频多品类用户
1004792,7,2017-12-02,6,1,高频多品类用户
1004800,1,2017-11-29,1,4,低频沉睡用户
1004807,5,2017-12-03,5,0,高频多品类用户
1004810,2,2017-12-03,2,0,稳定复购用户
1004829,2,2017-12-01,2,2,稳定复购用户
1004834,2,2017-12-03,2,0,稳定复购用户
1004835,8,2017-12-02,8,1,高频多品类用户
1004839,4,2017-12-03,4,0,高频多品类用户
1004841,2,2017-12-01,2,2,稳定复购用户
1004842,1,2017-11-30,1,3,低频沉睡用户
1004862,2,2017-12-02,2,1,稳定复购用户
1004879,6,2017-11-29,6,4,高频多品类用户
1004881,19,2017-11-30,19,3,高频多品类用户
1004886,1,2017-12-01,1,2,低频沉睡用户
1004895,3,2017-12-03,3,0,高频多品类用户
1004906,3,2017-12-02,3,1,高频多品类用户
1004929,2,2017-11-28,1,5,稳定复购用户
1004936,2,2017-12-02,2,1,稳定复购用户
1004944,1,2017-12-02,1,1,新购买用户
1004945,4,2017-11-30,4,3,高频多品类用户
1004958,1,2017-11-27,1,6,低频沉睡用户
1004960,1,2017-11-26,1,7,低频沉睡用户
1004964,6,2017-12-02,6,1,高频多品类用户
1004973,2,2017-12-02,2,1,稳定复购用户
1004974,2,2017-12-03,2,0,稳定复购用户
1004993,2,2017-12-02,2,1,稳定复购用户
1005016,2,2017-12-01,1,2,稳定复购用户
1005022,1,2017-11-26,1,7,低频沉睡用户
1005035,1,2017-12-03,1,0,新购买用户
1005055,3,2017-12-01,3,2,高频多品类用户
1005070,1,2017-12-02,1,1,新购买用户
1005074,6,2017-12-03,4,0,高频多品类用户
1005077,2,2017-12-03,2,0,稳定复购用户
1005082,2,2017-12-02,2,1,稳定复购用户
1005085,1,2017-11-29,1,4,低频沉睡用户
1005103,2,2017-12-02,1,1,稳定复购用户
1005115,1,2017-12-02,1,1,新购买用户
1005117,1,2017-11-26,1,7,低频沉睡用户
1005124,10,2017-12-02,8,1,高频多品类用户
1005129,1,2017-11-25,1,8,低频沉睡用户
1005131,1,2017-11-29,1,4,低频沉睡用户
1005134,2,2017-11-30,2,3,稳定复购用户
1005135,1,2017-12-02,1,1,新购买用户
1005166,5,2017-12-03,4,0,高频多品类用户
1005179,2,2017-11-28,2,5,稳定复购用户
1005186,2,2017-11-28,1,5,稳定复购用户
1005188,2,2017-12-02,2,1,稳定复购用户
1005196,1,2017-12-02,1,1,新购买用户
1005215,2,2017-11-28,1,5,稳定复购用户
1005218,2,2017-11-28,2,5,稳定复购用户
1005233,3,2017-11-30,3,3,高频多品类用户
1005249,1,2017-12-03,1,0,新购买用户
1005256,1,2017-12-01,1,2,低频沉睡用户
1005257,1,2017-12-03,1,0,新购买用户
1005259,21,2017-12-02,16,1,高频多品类用户
1005268,1,2017-11-27,1,6,低频沉睡用户
1005269,3,2017-11-28,1,5,稳定复购用户
1005281,3,2017-11-30,2,3,高频多品类用户
1005283,2,2017-12-01,2,2,稳定复购用户
1005284,11,2017-12-03,6,0,高频多品类用户
1005292,4,2017-12-03,4,0,高频多品类用户
1005293,4,2017-11-30,2,3,高频多品类用户
1005294,5,2017-12-02,4,1,高频多品类用户
1005304,1,2017-12-03,1,0,新购买用户
1005311,2,2017-11-28,2,5,稳定复购用户
1005313,2,2017-11-29,2,4,稳定复购用户
1005314,1,2017-11-29,1,4,低频沉睡用户
1005319,1,2017-12-01,1,2,低频沉睡用户
1005320,3,2017-12-02,3,1,高频多品类用户
1005324,4,2017-12-02,4,1,高频多品类用户
1005329,1,2017-12-02,1,1,新购买用户
1005337,5,2017-12-02,5,1,高频多品类用户
1005338,4,2017-11-30,3,3,高频多品类用户
1005345,3,2017-11-26,2,7,高频多品类用户
1005346,1,2017-11-25,1,8,低频沉睡用户
1005366,2,2017-11-30,2,3,稳定复购用户
1005383,1,2017-11-28,1,5,低频沉睡用户
1005401,2,2017-11-30,2,3,稳定复购用户
1005407,4,2017-12-03,4,0,高频多品类用户
1005412,1,2017-11-29,1,4,低频沉睡用户
1005413,1,2017-11-29,1,4,低频沉睡用户
1005414,4,2017-12-03,4,0,高频多品类用户
1005417,5,2017-11-30,5,3,高频多品类用户
1005419,7,2017-12-03,5,0,高频多品类用户
1005422,3,2017-12-02,3,1,高频多品类用户
1005430,2,2017-12-01,2,2,稳定复购用户
1005431,1,2017-11-27,1,6,低频沉睡用户
1005442,1,2017-12-02,1,1,新购买用户
1005444,1,2017-12-02,1,1,新购买用户
1005455,3,2017-11-27,3,6,高频多品类用户
1005459,1,2017-12-02,1,1,新购买用户
1005468,1,2017-11-30,1,3,低频沉睡用户
1005472,1,2017-12-01,1,2,低频沉睡用户
1005473,1,2017-12-02,1,1,新购买用户
1005474,4,2017-12-03,4,0,高频多品类用户
1005482,3,2017-11-29,3,4,高频多品类用户
1005487,1,2017-12-03,1,0,新购买用户
1005490,1,2017-12-02,1,1,新购买用户
1005498,5,2017-12-01,4,2,高频多品类用户
1005501,2,2017-12-03,2,0,稳定复购用户
1005502,3,2017-12-02,2,1,高频多品类用户
1005505,2,2017-11-29,2,4,稳定复购用户
1005507,1,2017-12-03,1,0,新购买用户
1005521,3,2017-11-29,3,4,高频多品类用户
1005522,1,2017-11-27,1,6,低频沉睡用户
1005524,1,2017-11-27,1,6,低频沉睡用户
1005541,2,2017-11-28,2,5,稳定复购用户
1005545,2,2017-12-03,2,0,稳定复购用户
1005548,2,2017-12-01,2,2,稳定复购用户
1005551,3,2017-12-01,2,2,高频多品类用户
1005559,3,2017-12-03,3,0,高频多品类用户
1005564,5,2017-12-01,4,2,高频多品类用户
1005571,3,2017-11-29,3,4,高频多品类用户
1005572,3,2017-11-30,3,3,高频多品类用户
1005585,2,2017-12-02,1,1,稳定复购用户
1005616,7,2017-11-26,6,7,高频多品类用户
1005626,3,2017-11-30,3,3,高频多品类用户
1005627,1,2017-11-26,1,7,低频沉睡用户
1005649,12,2017-11-28,9,5,高频多品类用户
1005659,1,2017-11-29,1,4,低频沉睡用户
1005661,3,2017-11-30,3,3,高频多品类用户
1005681,2,2017-12-03,2,0,稳定复购用户
1005688,7,2017-12-01,6,2,高频多品类用户
1005693,1,2017-11-26,1,7,低频沉睡用户
1005694,1,2017-11-30,1,3,低频沉睡用户
1005701,2,2017-11-27,2,6,稳定复购用户
1005703,5,2017-11-28,4,5,高频多品类用户
1005704,4,2017-12-03,3,0,高频多品类用户
1005705,2,2017-12-02,2,1,稳定复购用户
1005706,1,2017-11-29,1,4,低频沉睡用户
1005707,3,2017-12-01,3,2,高频多品类用户
1005709,15,2017-12-03,13,0,高频多品类用户
1005712,5,2017-12-03,5,0,高频多品类用户
1005713,4,2017-12-01,4,2,高频多品类用户
1005738,2,2017-12-03,2,0,稳定复购用户
1005742,4,2017-12-02,4,1,高频多品类用户
1005744,1,2017-11-26,1,7,低频沉睡用户
1005746,7,2017-12-03,5,0,高频多品类用户
1005752,4,2017-12-02,4,1,高频多品类用户
1005758,4,2017-12-02,4,1,高频多品类用户
1005760,4,2017-12-01,4,2,高频多品类用户
1005766,1,2017-12-02,1,1,新购买用户
1005767,1,2017-12-03,1,0,新购买用户
1005771,2,2017-12-03,2,0,稳定复购用户
1005775,1,2017-12-01,1,2,低频沉睡用户
1005779,2,2017-12-03,2,0,稳定复购用户
1005785,2,2017-12-01,2,2,稳定复购用户
1005787,2,2017-11-29,2,4,稳定复购用户
1005788,1,2017-11-28,1,5,低频沉睡用户
1005807,4,2017-12-03,4,0,高频多品类用户
1005822,2,2017-12-02,2,1,稳定复购用户
1005832,6,2017-11-30,6,3,高频多品类用户
1005834,2,2017-11-26,2,7,稳定复购用户
1005837,1,2017-11-26,1,7,低频沉睡用户
1005838,4,2017-12-03,4,0,高频多品类用户
1005845,5,2017-12-02,4,1,高频多品类用户
1005860,2,2017-11-28,1,5,稳定复购用户
1005864,2,2017-12-02,1,1,稳定复购用户
1005866,4,2017-11-27,4,6,高频多品类用户
1005874,4,2017-12-01,4,2,高频多品类用户
1005877,3,2017-11-28,3,5,高频多品类用户
1005880,1,2017-12-02,1,1,新购买用户
1005897,3,2017-12-02,3,1,高频多品类用户
1005906,3,2017-11-28,3,5,高频多品类用户
1005909,3,2017-12-02,3,1,高频多品类用户
1005910,2,2017-11-29,2,4,稳定复购用户
1005916,8,2017-12-03,7,0,高频多品类用户
1005924,5,2017-11-30,5,3,高频多品类用户
1005939,1,2017-11-30,1,3,低频沉睡用户
1005945,2,2017-11-30,2,3,稳定复购用户
1005952,3,2017-11-29,3,4,高频多品类用户
1005953,3,2017-11-30,3,3,高频多品类用户
1005961,4,2017-12-03,4,0,高频多品类用户
1005981,1,2017-12-01,1,2,低频沉睡用户
1005982,2,2017-12-02,2,1,稳定复购用户
1005985,5,2017-12-01,5,2,高频多品类用户
1005990,3,2017-12-02,2,1,高频多品类用户
1005995,6,2017-12-03,4,0,高频多品类用户
1005996,2,2017-12-02,2,1,稳定复购用户
1006002,1,2017-12-03,1,0,新购买用户
1006003,5,2017-11-30,4,3,高频多品类用户
1006015,2,2017-11-28,2,5,稳定复购用户
1006021,1,2017-11-29,1,4,低频沉睡用户
1006028,1,2017-11-27,1,6,低频沉睡用户
1006040,2,2017-12-03,2,0,稳定复购用户
1006063,1,2017-11-30,1,3,低频沉睡用户
1006079,1,2017-12-03,1,0,新购买用户
1006084,1,2017-12-01,1,2,低频沉睡用户
1006097,4,2017-12-01,4,2,高频多品类用户
1006102,1,2017-11-29,1,4,低频沉睡用户
1006110,7,2017-12-02,6,1,高频多品类用户
1006121,1,2017-11-28,1,5,低频沉睡用户
1006126,3,2017-11-25,3,8,高频多品类用户
1006141,9,2017-12-02,8,1,高频多品类用户
1006159,3,2017-12-02,3,1,高频多品类用户
1006173,3,2017-11-27,3,6,高频多品类用户
1006178,1,2017-11-27,1,6,低频沉睡用户
1006181,3,2017-11-29,3,4,高频多品类用户
1006204,3,2017-11-30,3,3,高频多品类用户
1006207,3,2017-12-03,3,0,高频多品类用户
1006224,3,2017-12-02,3,1,高频多品类用户
1006236,1,2017-11-29,1,4,低频沉睡用户
1006252,5,2017-12-01,5,2,高频多品类用户
1006255,2,2017-11-27,2,6,稳定复购用户
1006260,1,2017-12-03,1,0,新购买用户
1006261,1,2017-12-02,1,1,新购买用户
1006262,12,2017-12-03,9,0,高频多品类用户
1006267,6,2017-12-02,6,1,高频多品类用户
1006274,8,2017-12-03,7,0,高频多品类用户
1006288,1,2017-11-30,1,3,低频沉睡用户
1006306,2,2017-11-27,2,6,稳定复购用户
1006307,12,2017-12-02,10,1,高频多品类用户
1006309,1,2017-11-30,1,3,低频沉睡用户
1006312,5,2017-12-01,4,2,高频多品类用户
1006317,1,2017-11-30,1,3,低频沉睡用户
1006322,5,2017-12-01,5,2,高频多品类用户
1006336,1,2017-11-28,1,5,低频沉睡用户
1006351,1,2017-11-25,1,8,低频沉睡用户
1006354,3,2017-11-26,3,7,高频多品类用户
1006389,5,2017-11-28,5,5,高频多品类用户
1006392,2,2017-11-29,2,4,稳定复购用户
1006394,1,2017-12-02,1,1,新购买用户
1006395,3,2017-11-28,3,5,高频多品类用户
1006398,1,2017-12-02,1,1,新购买用户
1006402,6,2017-12-02,6,1,高频多品类用户
1006403,2,2017-12-03,2,0,稳定复购用户
1006404,3,2017-12-03,3,0,高频多品类用户
1006405,3,2017-12-02,3,1,高频多品类用户
1006407,2,2017-11-26,1,7,稳定复购用户
1006411,2,2017-12-02,2,1,稳定复购用户
1006422,2,2017-12-03,2,0,稳定复购用户
1006432,3,2017-11-30,1,3,稳定复购用户
1006439,1,2017-11-27,1,6,低频沉睡用户
1006446,8,2017-12-03,8,0,高频多品类用户
1006448,4,2017-11-29,2,4,高频多品类用户
1006451,4,2017-11-29,4,4,高频多品类用户
1006453,4,2017-12-03,3,0,高频多品类用户
1006469,5,2017-12-02,3,1,高频多品类用户
1006470,1,2017-11-30,1,3,低频沉睡用户
1006471,7,2017-12-01,6,2,高频多品类用户
1006480,1,2017-12-03,1,0,新购买用户
1006481,1,2017-12-01,1,2,低频沉睡用户
1006482,6,2017-12-02,5,1,高频多品类用户
1006495,1,2017-11-26,1,7,低频沉睡用户
1006498,1,2017-11-25,1,8,低频沉睡用户
1006510,3,2017-11-29,3,4,高频多品类用户
1006513,3,2017-12-02,3,1,高频多品类用户
1006525,3,2017-12-02,2,1,高频多品类用户
1006538,2,2017-12-02,1,1,稳定复购用户
1006543,1,2017-12-01,1,2,低频沉睡用户
1006553,5,2017-12-03,5,0,高频多品类用户
1006563,1,2017-11-26,1,7,低频沉睡用户
1006566,2,2017-12-03,2,0,稳定复购用户
1006582,5,2017-12-03,5,0,高频多品类用户
1006585,1,2017-12-02,1,1,新购买用户
1006586,3,2017-11-27,3,6,高频多品类用户
1006590,1,2017-11-27,1,6,低频沉睡用户
1006593,1,2017-12-01,1,2,低频沉睡用户
1006597,8,2017-12-02,5,1,高频多品类用户
1006601,3,2017-12-01,2,2,高频多品类用户
1006616,12,2017-11-30,6,3,高频多品类用户
1006618,1,2017-11-27,1,6,低频沉睡用户
1006634,1,2017-11-26,1,7,低频沉睡用户
1006647,1,2017-11-27,1,6,低频沉睡用户
1006651,5,2017-11-30,5,3,高频多品类用户
1006652,1,2017-12-03,1,0,新购买用户
1006653,9,2017-12-03,9,0,高频多品类用户
1006660,2,2017-12-02,2,1,稳定复购用户
1006666,3,2017-12-02,3,1,高频多品类用户
1006670,1,2017-11-27,1,6,低频沉睡用户
1006678,1,2017-11-29,1,4,低频沉睡用户
1006698,2,2017-12-03,2,0,稳定复购用户
1006704,1,2017-11-27,1,6,低频沉睡用户
1006707,4,2017-12-03,4,0,高频多品类用户
1006736,2,2017-11-30,2,3,稳定复购用户
1006740,4,2017-11-29,4,4,高频多品类用户
1006745,14,2017-11-29,14,4,高频多品类用户
1006754,2,2017-11-30,2,3,稳定复购用户
1006765,5,2017-12-03,5,0,高频多品类用户
1006767,1,2017-11-29,1,4,低频沉睡用户
1006768,2,2017-12-01,2,2,稳定复购用户
1006777,2,2017-12-01,2,2,稳定复购用户
1006784,1,2017-11-27,1,6,低频沉睡用户
1006803,3,2017-11-29,3,4,高频多品类用户
1006817,1,2017-12-02,1,1,新购买用户
1006823,2,2017-11-27,2,6,稳定复购用户
1006850,1,2017-11-29,1,4,低频沉睡用户
1006851,5,2017-12-01,4,2,高频多品类用户
1006864,4,2017-11-30,1,3,稳定复购用户
1006870,1,2017-12-02,1,1,新购买用户
1006872,23,2017-12-03,15,0,高频多品类用户
1006887,8,2017-12-01,6,2,高频多品类用户
1006889,6,2017-12-02,6,1,高频多品类用户
1006894,4,2017-11-28,4,5,高频多品类用户
1006897,16,2017-12-03,8,0,高频多品类用户
1006917,1,2017-11-29,1,4,低频沉睡用户
1006919,3,2017-12-03,3,0,高频多品类用户
1006920,7,2017-12-03,6,0,高频多品类用户
1006925,1,2017-11-25,1,8,低频沉睡用户
1006935,4,2017-11-30,4,3,高频多品类用户
1006938,3,2017-12-03,3,0,高频多品类用户
1006939,2,2017-11-30,2,3,稳定复购用户
1006940,2,2017-11-28,2,5,稳定复购用户
1006943,1,2017-11-28,1,5,低频沉睡用户
1006954,3,2017-11-30,3,3,高频多品类用户
1006964,4,2017-12-03,4,0,高频多品类用户
1006977,1,2017-11-30,1,3,低频沉睡用户
1006984,1,2017-12-03,1,0,新购买用户
1006992,2,2017-12-01,2,2,稳定复购用户
1007004,4,2017-12-03,4,0,高频多品类用户
1007006,1,2017-12-01,1,2,低频沉睡用户
1007017,2,2017-11-30,2,3,稳定复购用户
1007020,4,2017-12-01,4,2,高频多品类用户
1007027,3,2017-12-02,3,1,高频多品类用户
1007028,1,2017-11-28,1,5,低频沉睡用户
1007031,2,2017-11-29,2,4,稳定复购用户
1007035,13,2017-12-03,11,0,高频多品类用户
1007037,2,2017-12-02,2,1,稳定复购用户
1007046,2,2017-11-28,2,5,稳定复购用户
1007057,1,2017-11-27,1,6,低频沉睡用户
1007058,2,2017-12-02,2,1,稳定复购用户
1007071,24,2017-12-03,21,0,高频多品类用户
1007076,3,2017-12-01,3,2,高频多品类用户
1007077,1,2017-12-02,1,1,新购买用户
1007078,15,2017-12-03,13,0,高频多品类用户
1007082,3,2017-12-03,3,0,高频多品类用户
1007088,2,2017-12-02,2,1,稳定复购用户
1007094,1,2017-12-03,1,0,新购买用户
1007112,5,2017-12-03,4,0,高频多品类用户
1007123,3,2017-12-01,3,2,高频多品类用户
1007148,7,2017-12-03,6,0,高频多品类用户
1007155,4,2017-12-01,4,2,高频多品类用户
1007163,5,2017-12-02,5,1,高频多品类用户
1007171,4,2017-12-03,4,0,高频多品类用户
1007181,9,2017-12-01,7,2,高频多品类用户
1007190,4,2017-12-03,4,0,高频多品类用户
1007192,2,2017-12-03,2,0,稳定复购用户
1007200,1,2017-11-26,1,7,低频沉睡用户
1007201,2,2017-12-02,2,1,稳定复购用户
1007202,1,2017-12-01,1,2,低频沉睡用户
1007217,1,2017-11-26,1,7,低频沉睡用户
1007221,1,2017-11-25,1,8,低频沉睡用户
1007222,1,2017-12-02,1,1,新购买用户
1007225,4,2017-12-03,2,0,高频多品类用户
1007231,6,2017-11-29,2,4,高频多品类用户
1007246,1,2017-12-03,1,0,新购买用户
1007248,4,2017-12-02,3,1,高频多品类用户
1007250,1,2017-12-02,1,1,新购买用户
1007253,4,2017-12-02,4,1,高频多品类用户
1007255,5,2017-12-01,5,2,高频多品类用户
1007260,1,2017-11-29,1,4,低频沉睡用户
1007274,1,2017-12-03,1,0,新购买用户
1007275,1,2017-12-02,1,1,新购买用户
1007280,1,2017-11-27,1,6,低频沉睡用户
1007294,4,2017-12-03,4,0,高频多品类用户
1007313,1,2017-12-03,1,0,新购买用户
1007314,1,2017-11-25,1,8,低频沉睡用户
1007317,2,2017-11-30,2,3,稳定复购用户
1007319,7,2017-12-03,7,0,高频多品类用户
1007323,1,2017-11-30,1,3,低频沉睡用户
1007334,1,2017-11-25,1,8,低频沉睡用户
1007335,16,2017-12-03,9,0,高频多品类用户
1007339,2,2017-12-03,2,0,稳定复购用户
1007349,4,2017-12-02,4,1,高频多品类用户
1007353,2,2017-11-28,2,5,稳定复购用户
1007356,3,2017-12-02,3,1,高频多品类用户
1007371,1,2017-11-30,1,3,低频沉睡用户
1007387,7,2017-12-03,7,0,高频多品类用户
1007388,2,2017-11-28,2,5,稳定复购用户
1007391,3,2017-12-01,3,2,高频多品类用户
1007393,2,2017-12-03,2,0,稳定复购用户
1007401,2,2017-12-02,2,1,稳定复购用户
1007402,3,2017-11-30,3,3,高频多品类用户
1007441,2,2017-12-02,1,1,稳定复购用户
1007445,2,2017-12-02,1,1,稳定复购用户
1007452,2,2017-12-02,2,1,稳定复购用户
1007453,6,2017-12-03,6,0,高频多品类用户
1007476,3,2017-12-03,3,0,高频多品类用户
1007479,4,2017-12-03,3,0,高频多品类用户
1007484,3,2017-12-01,3,2,高频多品类用户
1007486,1,2017-11-30,1,3,低频沉睡用户
1007495,1,2017-11-25,1,8,低频沉睡用户
1007501,9,2017-12-03,9,0,高频多品类用户
1007503,2,2017-12-03,2,0,稳定复购用户
1007506,1,2017-12-02,1,1,新购买用户
1007511,2,2017-11-30,1,3,稳定复购用户
1007513,3,2017-11-29,3,4,高频多品类用户
1007539,2,2017-11-28,2,5,稳定复购用户
1007550,1,2017-12-01,1,2,低频沉睡用户
1007573,1,2017-12-03,1,0,新购买用户
1007579,5,2017-12-02,4,1,高频多品类用户
1007583,2,2017-12-01,2,2,稳定复购用户
1007595,5,2017-11-25,2,8,高频多品类用户
1007596,3,2017-11-30,3,3,高频多品类用户
1007597,2,2017-12-02,2,1,稳定复购用户
1007601,5,2017-12-03,4,0,高频多品类用户
1007609,1,2017-12-01,1,2,低频沉睡用户
1007617,1,2017-11-26,1,7,低频沉睡用户
1007624,1,2017-12-03,1,0,新购买用户
1007629,3,2017-12-03,3,0,高频多品类用户
1007635,1,2017-11-28,1,5,低频沉睡用户
1007642,1,2017-11-28,1,5,低频沉睡用户
1007644,1,2017-11-29,1,4,低频沉睡用户
1007659,1,2017-11-26,1,7,低频沉睡用户
1007665,1,2017-12-03,1,0,新购买用户
1007670,18,2017-12-03,14,0,高频多品类用户
1007671,2,2017-12-02,2,1,稳定复购用户
1007688,2,2017-11-30,2,3,稳定复购用户
1007691,1,2017-12-03,1,0,新购买用户
1007699,1,2017-12-03,1,0,新购买用户
1007704,4,2017-12-03,4,0,高频多品类用户
1007712,1,2017-11-25,1,8,低频沉睡用户
1007724,1,2017-12-01,1,2,低频沉睡用户
1007739,2,2017-12-02,2,1,稳定复购用户
1007747,6,2017-12-01,5,2,高频多品类用户
1007753,1,2017-12-01,1,2,低频沉睡用户
1007755,5,2017-12-02,5,1,高频多品类用户
1007770,3,2017-11-30,3,3,高频多品类用户
1007778,2,2017-12-02,2,1,稳定复购用户
1007779,1,2017-11-30,1,3,低频沉睡用户
1007782,4,2017-12-02,3,1,高频多品类用户
1007786,12,2017-12-01,11,2,高频多品类用户
1007791,2,2017-11-30,2,3,稳定复购用户
1007802,3,2017-12-03,2,0,高频多品类用户
1007808,1,2017-11-25,1,8,低频沉睡用户
1007819,1,2017-11-28,1,5,低频沉睡用户
1007833,1,2017-11-29,1,4,低频沉睡用户
1007839,4,2017-12-01,3,2,高频多品类用户
1007843,1,2017-12-03,1,0,新购买用户
1007848,5,2017-12-03,5,0,高频多品类用户
1007851,2,2017-11-29,2,4,稳定复购用户
1007857,3,2017-12-01,3,2,高频多品类用户
1007860,1,2017-12-03,1,0,新购买用户
1007870,4,2017-11-30,4,3,高频多品类用户
1007879,2,2017-12-01,2,2,稳定复购用户
1007884,2,2017-11-30,2,3,稳定复购用户
1007890,1,2017-12-02,1,1,新购买用户
1007894,1,2017-11-30,1,3,低频沉睡用户
1007906,2,2017-12-02,2,1,稳定复购用户
1007907,4,2017-12-03,2,0,高频多品类用户
1007912,14,2017-12-01,11,2,高频多品类用户
1007919,5,2017-12-03,5,0,高频多品类用户
1007925,5,2017-12-01,5,2,高频多品类用户
1007928,1,2017-12-03,1,0,新购买用户
1007934,3,2017-12-01,3,2,高频多品类用户
1007944,2,2017-11-29,2,4,稳定复购用户
1007952,13,2017-12-03,7,0,高频多品类用户
1007957,1,2017-12-03,1,0,新购买用户
1007963,3,2017-11-26,1,7,稳定复购用户
1007965,3,2017-11-27,3,6,高频多品类用户
1007976,3,2017-12-02,3,1,高频多品类用户
1007983,3,2017-12-02,2,1,高频多品类用户
1007993,3,2017-12-01,3,2,高频多品类用户
1008003,3,2017-12-02,3,1,高频多品类用户
1008008,1,2017-12-02,1,1,新购买用户
1008010,1,2017-11-28,1,5,低频沉睡用户
1008037,1,2017-11-29,1,4,低频沉睡用户
1008042,1,2017-12-01,1,2,低频沉睡用户
1008044,1,2017-11-26,1,7,低频沉睡用户
1008055,1,2017-11-27,1,6,低频沉睡用户
1008062,5,2017-12-01,5,2,高频多品类用户
1008065,4,2017-12-02,3,1,高频多品类用户
1008078,1,2017-11-30,1,3,低频沉睡用户
1008082,5,2017-12-02,3,1,高频多品类用户
1008085,10,2017-11-30,7,3,高频多品类用户
1008097,3,2017-11-29,3,4,高频多品类用户
1008100,4,2017-12-03,3,0,高频多品类用户
1008102,1,2017-11-30,1,3,低频沉睡用户
1008106,4,2017-12-03,3,0,高频多品类用户
1008107,2,2017-12-03,1,0,稳定复购用户
1008120,1,2017-12-01,1,2,低频沉睡用户
1008131,4,2017-12-01,4,2,高频多品类用户
1008137,5,2017-12-02,5,1,高频多品类用户
1008148,2,2017-12-02,2,1,稳定复购用户
1008151,1,2017-12-02,1,1,新购买用户
1008152,2,2017-11-30,2,3,稳定复购用户
1008162,2,2017-12-03,2,0,稳定复购用户
1008174,8,2017-12-03,7,0,高频多品类用户
1008183,4,2017-11-29,3,4,高频多品类用户
1008184,2,2017-12-01,2,2,稳定复购用户
1008187,4,2017-12-03,4,0,高频多品类用户
1008212,3,2017-12-03,3,0,高频多品类用户
1008215,2,2017-12-02,2,1,稳定复购用户
1008217,2,2017-11-26,2,7,稳定复购用户
1008221,9,2017-12-02,9,1,高频多品类用户
1008230,11,2017-12-01,10,2,高频多品类用户
1008231,1,2017-11-28,1,5,低频沉睡用户
1008241,3,2017-11-30,3,3,高频多品类用户
1008245,7,2017-12-03,7,0,高频多品类用户
1008253,1,2017-12-02,1,1,新购买用户
1008255,1,2017-11-27,1,6,低频沉睡用户
1008257,1,2017-12-02,1,1,新购买用户
1008258,1,2017-11-27,1,6,低频沉睡用户
1008275,20,2017-12-03,19,0,高频多品类用户
1008287,2,2017-12-02,2,1,稳定复购用户
1008289,5,2017-12-02,4,1,高频多品类用户
1008295,4,2017-11-26,4,7,高频多品类用户
1008302,1,2017-12-02,1,1,新购买用户
1008323,1,2017-12-03,1,0,新购买用户
1008333,3,2017-11-30,3,3,高频多品类用户
1008349,1,2017-12-02,1,1,新购买用户
1008366,2,2017-11-29,1,4,稳定复购用户
1008370,3,2017-12-03,3,0,高频多品类用户
1008376,1,2017-11-29,1,4,低频沉睡用户
1008378,4,2017-12-03,4,0,高频多品类用户
1008380,57,2017-11-29,14,4,高频多品类用户
1008382,1,2017-11-27,1,6,低频沉睡用户
1008385,4,2017-11-28,3,5,高频多品类用户
1008387,1,2017-12-01,1,2,低频沉睡用户
1008391,4,2017-12-03,2,0,高频多品类用户
1008392,1,2017-12-02,1,1,新购买用户
1008401,1,2017-11-27,1,6,低频沉睡用户
1008405,3,2017-11-30,2,3,高频多品类用户
1008411,1,2017-11-26,1,7,低频沉睡用户
1008415,1,2017-11-25,1,8,低频沉睡用户
1008418,1,2017-11-30,1,3,低频沉睡用户
1008425,3,2017-12-03,3,0,高频多品类用户
1008427,2,2017-12-01,1,2,稳定复购用户
1008429,2,2017-11-27,2,6,稳定复购用户
1008430,4,2017-12-03,3,0,高频多品类用户
1008481,2,2017-11-28,2,5,稳定复购用户
1008485,2,2017-12-02,2,1,稳定复购用户
1008489,1,2017-11-25,1,8,低频沉睡用户
1008500,2,2017-11-27,2,6,稳定复购用户
1008502,2,2017-11-28,1,5,稳定复购用户
1008531,1,2017-11-30,1,3,低频沉睡用户
1008557,5,2017-12-03,4,0,高频多品类用户
1008586,2,2017-12-03,2,0,稳定复购用户
1008587,4,2017-12-02,4,1,高频多品类用户
1008590,1,2017-12-02,1,1,新购买用户
1008612,2,2017-11-26,2,7,稳定复购用户
1008614,3,2017-12-03,3,0,高频多品类用户
1008615,1,2017-12-02,1,1,新购买用户
1008652,1,2017-12-01,1,2,低频沉睡用户
1008661,2,2017-12-02,2,1,稳定复购用户
1008665,2,2017-11-28,2,5,稳定复购用户
1008674,1,2017-11-30,1,3,低频沉睡用户
1008681,4,2017-12-01,3,2,高频多品类用户
1008684,1,2017-12-03,1,0,新购买用户
1008685,2,2017-12-03,2,0,稳定复购用户
1008698,3,2017-12-02,3,1,高频多品类用户
1008711,1,2017-11-26,1,7,低频沉睡用户
1008726,2,2017-12-03,2,0,稳定复购用户
1008729,2,2017-12-02,2,1,稳定复购用户
1008733,2,2017-11-30,2,3,稳定复购用户
1008737,1,2017-11-25,1,8,低频沉睡用户
1008744,1,2017-11-29,1,4,低频沉睡用户
1008748,2,2017-11-30,2,3,稳定复购用户
1008749,1,2017-11-25,1,8,低频沉睡用户
1008757,1,2017-12-02,1,1,新购买用户
1008764,2,2017-11-28,1,5,稳定复购用户
1008777,1,2017-12-02,1,1,新购买用户
1008779,4,2017-12-01,4,2,高频多品类用户
1008786,7,2017-12-02,6,1,高频多品类用户
1008791,1,2017-11-28,1,5,低频沉睡用户
1008793,1,2017-12-02,1,1,新购买用户
1008794,3,2017-12-02,2,1,高频多品类用户
1008799,15,2017-11-28,4,5,高频多品类用户
1008820,3,2017-12-01,2,2,高频多品类用户
1008829,1,2017-11-30,1,3,低频沉睡用户
1008830,17,2017-11-28,6,5,高频多品类用户
1008832,1,2017-11-26,1,7,低频沉睡用户
1008834,3,2017-11-30,3,3,高频多品类用户
1008842,8,2017-12-03,8,0,高频多品类用户
1008846,1,2017-12-03,1,0,新购买用户
1008849,2,2017-11-30,2,3,稳定复购用户
1008860,2,2017-12-01,2,2,稳定复购用户
1008868,1,2017-11-26,1,7,低频沉睡用户
1008870,5,2017-11-28,5,5,高频多品类用户
1008879,2,2017-12-02,2,1,稳定复购用户
1008882,2,2017-12-02,2,1,稳定复购用户
1008883,3,2017-11-29,3,4,高频多品类用户
1008891,5,2017-12-01,5,2,高频多品类用户
1008899,1,2017-11-27,1,6,低频沉睡用户
1008904,7,2017-12-03,7,0,高频多品类用户
1008905,1,2017-11-30,1,3,低频沉睡用户
1008906,3,2017-11-29,1,4,稳定复购用户
1008909,1,2017-11-26,1,7,低频沉睡用户
1008916,5,2017-12-03,4,0,高频多品类用户
1008933,2,2017-12-02,1,1,稳定复购用户
1008934,2,2017-12-02,2,1,稳定复购用户
1008938,1,2017-11-30,1,3,低频沉睡用户
1008956,1,2017-11-29,1,4,低频沉睡用户
1008961,4,2017-12-03,4,0,高频多品类用户
1008963,1,2017-12-02,1,1,新购买用户
1008972,11,2017-12-02,10,1,高频多品类用户
1008985,2,2017-11-27,2,6,稳定复购用户
1008993,6,2017-11-30,3,3,高频多品类用户
1008994,9,2017-11-30,9,3,高频多品类用户
1009003,1,2017-11-30,1,3,低频沉睡用户
1009005,3,2017-12-01,2,2,高频多品类用户
1009011,1,2017-12-01,1,2,低频沉睡用户
1009013,6,2017-12-01,5,2,高频多品类用户
1009021,2,2017-12-01,1,2,稳定复购用户
1009023,1,2017-11-25,1,8,低频沉睡用户
1009026,3,2017-12-03,3,0,高频多品类用户
1009046,5,2017-12-03,5,0,高频多品类用户
1009050,1,2017-11-25,1,8,低频沉睡用户
1009056,3,2017-12-03,3,0,高频多品类用户
1009070,8,2017-12-02,6,1,高频多品类用户
1009073,1,2017-11-26,1,7,低频沉睡用户
1009104,2,2017-12-03,2,0,稳定复购用户
1009107,1,2017-11-26,1,7,低频沉睡用户
1009121,4,2017-12-02,4,1,高频多品类用户
1009123,1,2017-12-01,1,2,低频沉睡用户
1009129,4,2017-12-03,4,0,高频多品类用户
1009135,2,2017-12-03,2,0,稳定复购用户
1009141,1,2017-11-26,1,7,低频沉睡用户
1009153,3,2017-12-03,3,0,高频多品类用户
1009155,3,2017-11-29,3,4,高频多品类用户
1009158,3,2017-12-02,3,1,高频多品类用户
1009165,1,2017-12-01,1,2,低频沉睡用户
1009202,3,2017-12-02,2,1,高频多品类用户
1009211,9,2017-12-03,7,0,高频多品类用户
1009217,1,2017-12-01,1,2,低频沉睡用户
1009221,3,2017-12-03,2,0,高频多品类用户
1009225,3,2017-11-29,3,4,高频多品类用户
1009233,2,2017-11-30,2,3,稳定复购用户
1009237,2,2017-11-28,1,5,稳定复购用户
1009243,1,2017-12-03,1,0,新购买用户
1009254,1,2017-11-30,1,3,低频沉睡用户
1009257,4,2017-11-29,3,4,高频多品类用户
1009283,2,2017-11-26,1,7,稳定复购用户
1009285,4,2017-12-01,4,2,高频多品类用户
1009291,2,2017-12-02,2,1,稳定复购用户
1009322,1,2017-11-26,1,7,低频沉睡用户
1009328,1,2017-12-03,1,0,新购买用户
1009352,2,2017-12-03,2,0,稳定复购用户
1009384,1,2017-11-30,1,3,低频沉睡用户
1009385,2,2017-11-26,1,7,稳定复购用户
1009391,6,2017-12-03,5,0,高频多品类用户
1009396,2,2017-11-30,2,3,稳定复购用户
1009402,2,2017-12-02,2,1,稳定复购用户
1009405,3,2017-11-30,3,3,高频多品类用户
1009407,2,2017-12-03,2,0,稳定复购用户
1009410,8,2017-12-01,6,2,高频多品类用户
1009415,1,2017-11-27,1,6,低频沉睡用户
1009417,6,2017-12-01,5,2,高频多品类用户
1009418,1,2017-11-26,1,7,低频沉睡用户
1009420,1,2017-12-02,1,1,新购买用户
1009424,1,2017-11-26,1,7,低频沉睡用户
1009437,5,2017-12-02,5,1,高频多品类用户
1009440,1,2017-11-30,1,3,低频沉睡用户
1009441,2,2017-12-01,2,2,稳定复购用户
1009457,2,2017-12-03,2,0,稳定复购用户
1009465,1,2017-12-02,1,1,新购买用户
1009469,2,2017-11-29,2,4,稳定复购用户
1009472,2,2017-12-03,2,0,稳定复购用户
1009501,17,2017-12-02,14,1,高频多品类用户
1009508,2,2017-12-03,2,0,稳定复购用户
1009512,3,2017-12-01,3,2,高频多品类用户
1009516,6,2017-12-02,5,1,高频多品类用户
1009524,3,2017-12-03,3,0,高频多品类用户
1009529,4,2017-12-03,4,0,高频多品类用户
1009532,6,2017-12-02,6,1,高频多品类用户
1009533,2,2017-11-28,1,5,稳定复购用户
1009542,2,2017-12-01,2,2,稳定复购用户
1009551,2,2017-12-03,1,0,稳定复购用户
1009553,1,2017-11-28,1,5,低频沉睡用户
1009558,1,2017-11-25,1,8,低频沉睡用户
1009559,4,2017-12-02,4,1,高频多品类用户
1009575,2,2017-12-03,2,0,稳定复购用户
1009587,3,2017-12-03,3,0,高频多品类用户
1009608,3,2017-12-03,2,0,高频多品类用户
1009611,7,2017-12-02,7,1,高频多品类用户
1009619,2,2017-12-02,2,1,稳定复购用户
1009623,2,2017-11-30,2,3,稳定复购用户
1009626,1,2017-11-29,1,4,低频沉睡用户
1009630,1,2017-11-29,1,4,低频沉睡用户
1009639,3,2017-12-03,3,0,高频多品类用户
1009645,1,2017-12-03,1,0,新购买用户
1009657,2,2017-11-30,2,3,稳定复购用户
1009666,4,2017-12-01,3,2,高频多品类用户
1009673,4,2017-12-03,2,0,高频多品类用户
1009684,2,2017-12-03,2,0,稳定复购用户
1009687,1,2017-11-27,1,6,低频沉睡用户
1009712,4,2017-11-30,3,3,高频多品类用户
1009718,3,2017-12-01,3,2,高频多品类用户
1009719,2,2017-12-01,1,2,稳定复购用户
1009722,3,2017-11-29,1,4,稳定复购用户
1009724,1,2017-11-25,1,8,低频沉睡用户
1009741,2,2017-11-29,2,4,稳定复购用户
1009748,1,2017-12-03,1,0,新购买用户
1009753,3,2017-12-03,3,0,高频多品类用户
1009765,2,2017-11-28,1,5,稳定复购用户
1009768,4,2017-12-02,3,1,高频多品类用户
1009771,3,2017-12-02,2,1,高频多品类用户
1009776,1,2017-11-26,1,7,低频沉睡用户
1009798,3,2017-11-28,3,5,高频多品类用户
1009803,2,2017-12-02,2,1,稳定复购用户
1009822,7,2017-12-03,6,0,高频多品类用户
1009825,2,2017-11-26,2,7,稳定复购用户
1009832,2,2017-11-28,2,5,稳定复购用户
1009833,6,2017-12-03,6,0,高频多品类用户
1009853,1,2017-12-03,1,0,新购买用户
1009859,5,2017-11-27,5,6,高频多品类用户
1009869,2,2017-12-01,2,2,稳定复购用户
1009880,3,2017-12-01,3,2,高频多品类用户
1009884,5,2017-11-28,2,5,高频多品类用户
1009888,2,2017-12-03,2,0,稳定复购用户
1009898,5,2017-12-03,5,0,高频多品类用户
1009932,2,2017-12-01,2,2,稳定复购用户
1009933,2,2017-11-28,2,5,稳定复购用户
1009934,11,2017-12-02,8,1,高频多品类用户
1009938,2,2017-11-29,1,4,稳定复购用户
1009940,2,2017-11-26,2,7,稳定复购用户
1009947,1,2017-11-25,1,8,低频沉睡用户
1009948,2,2017-11-30,2,3,稳定复购用户
1009949,1,2017-12-02,1,1,新购买用户
1009950,1,2017-12-02,1,1,新购买用户
1009982,1,2017-11-27,1,6,低频沉睡用户
1009997,4,2017-12-03,3,0,高频多品类用户
1010001,2,2017-11-27,2,6,稳定复购用户
1010006,4,2017-11-27,4,6,高频多品类用户
1010016,2,2017-12-02,2,1,稳定复购用户
1010017,2,2017-12-03,2,0,稳定复购用户
1010032,3,2017-12-01,3,2,高频多品类用户
1010040,3,2017-12-03,3,0,高频多品类用户
1010043,2,2017-12-01,2,2,稳定复购用户
1010044,3,2017-11-30,3,3,高频多品类用户
1010047,2,2017-11-28,2,5,稳定复购用户
1010051,5,2017-12-02,2,1,高频多品类用户
1010079,5,2017-12-02,5,1,高频多品类用户
1010088,1,2017-12-01,1,2,低频沉睡用户
1010093,4,2017-12-01,4,2,高频多品类用户
1010121,2,2017-11-28,2,5,稳定复购用户
1010125,5,2017-12-02,5,1,高频多品类用户
1010129,3,2017-11-27,1,6,稳定复购用户
1010133,1,2017-12-01,1,2,低频沉睡用户
1010149,1,2017-12-01,1,2,低频沉睡用户
1010155,1,2017-11-29,1,4,低频沉睡用户
1010157,3,2017-12-03,3,0,高频多品类用户
1010170,7,2017-12-03,7,0,高频多品类用户
1010173,2,2017-11-28,2,5,稳定复购用户
1010177,1,2017-12-02,1,1,新购买用户
1010189,2,2017-12-03,2,0,稳定复购用户
1010198,2,2017-12-02,2,1,稳定复购用户
1010199,1,2017-11-28,1,5,低频沉睡用户
1010204,1,2017-11-28,1,5,低频沉睡用户
1010205,2,2017-12-02,2,1,稳定复购用户
1010208,3,2017-11-30,3,3,高频多品类用户
1010210,1,2017-11-29,1,4,低频沉睡用户
1010211,2,2017-11-27,2,6,稳定复购用户
1010214,1,2017-11-27,1,6,低频沉睡用户
1010215,2,2017-11-25,1,8,稳定复购用户
1010219,14,2017-12-02,12,1,高频多品类用户
1010231,1,2017-11-26,1,7,低频沉睡用户
1010238,2,2017-11-30,2,3,稳定复购用户
1010254,1,2017-11-30,1,3,低频沉睡用户
1010263,1,2017-11-25,1,8,低频沉睡用户
1010267,4,2017-11-28,2,5,高频多品类用户
1010269,3,2017-11-29,3,4,高频多品类用户
1010279,3,2017-12-02,3,1,高频多品类用户
1010280,8,2017-12-03,8,0,高频多品类用户
1010281,7,2017-12-03,6,0,高频多品类用户
1010288,30,2017-12-02,21,1,高频多品类用户
1010299,10,2017-12-03,7,0,高频多品类用户
1010306,1,2017-12-02,1,1,新购买用户
1010311,1,2017-11-27,1,6,低频沉睡用户
1010325,1,2017-11-30,1,3,低频沉睡用户
1010327,4,2017-11-26,2,7,高频多品类用户
1010330,1,2017-12-02,1,1,新购买用户
1010333,16,2017-12-01,12,2,高频多品类用户
1010343,2,2017-11-30,2,3,稳定复购用户
1010347,3,2017-11-28,3,5,高频多品类用户
1010362,3,2017-12-01,3,2,高频多品类用户
1010373,2,2017-12-03,2,0,稳定复购用户
1010376,1,2017-12-03,1,0,新购买用户
1010381,6,2017-12-03,5,0,高频多品类用户
1010391,2,2017-11-29,2,4,稳定复购用户
1010396,3,2017-12-03,3,0,高频多品类用户
1010399,6,2017-12-01,6,2,高频多品类用户
1010411,3,2017-11-30,2,3,高频多品类用户
1010416,3,2017-11-28,3,5,高频多品类用户
1010418,2,2017-12-01,2,2,稳定复购用户
1010427,2,2017-12-03,2,0,稳定复购用户
1010433,2,2017-12-02,2,1,稳定复购用户
1010439,1,2017-11-27,1,6,低频沉睡用户
1010445,3,2017-12-03,3,0,高频多品类用户
1010453,6,2017-12-03,6,0,高频多品类用户
1010455,1,2017-12-03,1,0,新购买用户
1010456,1,2017-12-02,1,1,新购买用户
1010478,11,2017-12-03,6,0,高频多品类用户
1010480,1,2017-11-27,1,6,低频沉睡用户
1010504,3,2017-12-02,3,1,高频多品类用户
1010507,3,2017-11-27,3,6,高频多品类用户
1010508,1,2017-12-01,1,2,低频沉睡用户
1010510,4,2017-11-30,3,3,高频多品类用户
1010515,1,2017-11-29,1,4,低频沉睡用户
1010519,2,2017-12-02,2,1,稳定复购用户
1010533,2,2017-11-29,2,4,稳定复购用户
1010534,2,2017-11-27,2,6,稳定复购用户
1010536,1,2017-11-29,1,4,低频沉睡用户
1010537,1,2017-11-29,1,4,低频沉睡用户
1010539,2,2017-11-27,2,6,稳定复购用户
1010560,5,2017-11-30,4,3,高频多品类用户
1010564,1,2017-12-02,1,1,新购买用户
1010566,2,2017-11-26,1,7,稳定复购用户
1010568,2,2017-12-01,2,2,稳定复购用户
1010572,2,2017-12-03,2,0,稳定复购用户
1010582,3,2017-11-28,3,5,高频多品类用户
1010583,2,2017-11-30,2,3,稳定复购用户
1010590,2,2017-11-30,2,3,稳定复购用户
1010593,1,2017-12-03,1,0,新购买用户
1010596,3,2017-12-01,2,2,高频多品类用户
1010598,4,2017-12-02,3,1,高频多品类用户
1010599,1,2017-11-29,1,4,低频沉睡用户
1010603,10,2017-12-01,9,2,高频多品类用户
1010608,1,2017-11-29,1,4,低频沉睡用户
1010611,1,2017-11-26,1,7,低频沉睡用户
1010612,1,2017-12-02,1,1,新购买用户
1010630,2,2017-12-03,2,0,稳定复购用户
1010638,4,2017-12-03,4,0,高频多品类用户
1010641,1,2017-11-26,1,7,低频沉睡用户
1010655,2,2017-12-01,1,2,稳定复购用户
1010658,1,2017-12-02,1,1,新购买用户
1010664,5,2017-11-30,5,3,高频多品类用户
1010690,2,2017-12-03,1,0,稳定复购用户
1010691,5,2017-12-03,5,0,高频多品类用户
1010694,1,2017-12-03,1,0,新购买用户
1010697,1,2017-11-30,1,3,低频沉睡用户
1010704,3,2017-12-01,2,2,高频多品类用户
1010706,2,2017-11-30,2,3,稳定复购用户
1010711,3,2017-11-30,3,3,高频多品类用户
1010713,1,2017-12-03,1,0,新购买用户
1010736,2,2017-11-30,2,3,稳定复购用户
1010754,2,2017-12-02,2,1,稳定复购用户
1010755,4,2017-12-02,4,1,高频多品类用户
1010765,1,2017-12-03,1,0,新购买用户
1010780,2,2017-12-02,2,1,稳定复购用户
1010783,2,2017-11-29,2,4,稳定复购用户
1010784,4,2017-12-02,4,1,高频多品类用户
1010785,10,2017-12-02,10,1,高频多品类用户
1010806,3,2017-11-30,3,3,高频多品类用户
1010816,3,2017-11-30,3,3,高频多品类用户
1010817,1,2017-12-03,1,0,新购买用户
1010836,1,2017-11-28,1,5,低频沉睡用户
1010839,6,2017-12-03,5,0,高频多品类用户
1010853,2,2017-11-25,2,8,稳定复购用户
1010857,3,2017-12-03,2,0,高频多品类用户
1010861,3,2017-12-03,2,0,高频多品类用户
1010864,6,2017-12-02,4,1,高频多品类用户
1010869,9,2017-12-02,7,1,高频多品类用户
1010870,3,2017-12-02,2,1,高频多品类用户
1010874,1,2017-12-01,1,2,低频沉睡用户
1010896,4,2017-12-01,4,2,高频多品类用户
1010899,6,2017-12-01,6,2,高频多品类用户
1010912,1,2017-11-30,1,3,低频沉睡用户
1010915,4,2017-12-03,3,0,高频多品类用户
1010919,3,2017-11-30,3,3,高频多品类用户
1010944,5,2017-11-30,3,3,高频多品类用户
1010945,3,2017-11-29,3,4,高频多品类用户
1010947,5,2017-11-30,5,3,高频多品类用户
1010953,4,2017-11-30,4,3,高频多品类用户
1010978,7,2017-12-01,6,2,高频多品类用户
1010981,4,2017-11-29,4,4,高频多品类用户
1010995,1,2017-11-27,1,6,低频沉睡用户
1011004,2,2017-11-30,2,3,稳定复购用户
1011005,4,2017-12-02,3,1,高频多品类用户
1011017,1,2017-12-01,1,2,低频沉睡用户
1011021,11,2017-11-29,7,4,高频多品类用户
1011024,1,2017-11-28,1,5,低频沉睡用户
1011030,1,2017-12-01,1,2,低频沉睡用户
1011036,2,2017-11-29,2,4,稳定复购用户
1011050,4,2017-12-02,4,1,高频多品类用户
1011052,1,2017-11-27,1,6,低频沉睡用户
1011062,1,2017-11-25,1,8,低频沉睡用户
1011072,1,2017-11-29,1,4,低频沉睡用户
1011079,2,2017-12-03,2,0,稳定复购用户
1011084,3,2017-11-30,3,3,高频多品类用户
1011086,2,2017-11-26,1,7,稳定复购用户
1011092,1,2017-11-27,1,6,低频沉睡用户
1011096,4,2017-11-29,1,4,稳定复购用户
1011100,1,2017-12-02,1,1,新购买用户
1011108,2,2017-12-01,2,2,稳定复购用户
1011118,2,2017-11-30,2,3,稳定复购用户
1011120,3,2017-11-29,2,4,高频多品类用户
1011128,2,2017-11-29,2,4,稳定复购用户
1011169,1,2017-12-01,1,2,低频沉睡用户
1011171,3,2017-12-01,3,2,高频多品类用户
1011172,3,2017-12-01,3,2,高频多品类用户
1011173,2,2017-11-29,2,4,稳定复购用户
1011181,6,2017-12-03,6,0,高频多品类用户
1011202,1,2017-11-25,1,8,低频沉睡用户
1011207,4,2017-11-29,4,4,高频多品类用户
1011214,1,2017-11-27,1,6,低频沉睡用户
1011217,3,2017-11-25,3,8,高频多品类用户
1011219,4,2017-12-01,3,2,高频多品类用户
1011222,1,2017-11-30,1,3,低频沉睡用户
1011227,3,2017-11-26,2,7,高频多品类用户
1011235,2,2017-11-28,2,5,稳定复购用户
1011248,4,2017-12-03,4,0,高频多品类用户
1011254,3,2017-12-03,3,0,高频多品类用户
1011258,1,2017-11-25,1,8,低频沉睡用户
1011266,2,2017-12-01,2,2,稳定复购用户
1011272,3,2017-12-02,3,1,高频多品类用户
1011290,1,2017-11-26,1,7,低频沉睡用户
1011293,1,2017-11-30,1,3,低频沉睡用户
1011322,3,2017-12-03,3,0,高频多品类用户
1011326,3,2017-12-02,3,1,高频多品类用户
1011332,2,2017-11-29,2,4,稳定复购用户
1011340,1,2017-11-28,1,5,低频沉睡用户
1011361,2,2017-11-29,2,4,稳定复购用户
1011365,3,2017-11-30,3,3,高频多品类用户
1011387,2,2017-12-03,2,0,稳定复购用户
1011388,1,2017-11-30,1,3,低频沉睡用户
1011390,15,2017-12-02,11,1,高频多品类用户
1011391,3,2017-11-28,3,5,高频多品类用户
1011397,1,2017-12-03,1,0,新购买用户
1011400,2,2017-11-30,2,3,稳定复购用户
1011409,3,2017-12-03,3,0,高频多品类用户
1011415,1,2017-11-29,1,4,低频沉睡用户
1011419,2,2017-11-27,2,6,稳定复购用户
1011420,2,2017-12-02,2,1,稳定复购用户
1011431,1,2017-11-30,1,3,低频沉睡用户
1011470,5,2017-12-01,4,2,高频多品类用户
1011487,3,2017-12-03,3,0,高频多品类用户
1011490,1,2017-11-28,1,5,低频沉睡用户
1011499,4,2017-12-03,4,0,高频多品类用户
1011521,6,2017-11-30,6,3,高频多品类用户
1011527,3,2017-12-03,3,0,高频多品类用户
1011565,3,2017-12-03,2,0,高频多品类用户
1011567,3,2017-12-03,3,0,高频多品类用户
1011574,1,2017-11-27,1,6,低频沉睡用户
1011581,7,2017-12-03,5,0,高频多品类用户
1011591,4,2017-12-03,4,0,高频多品类用户
1011624,1,2017-11-27,1,6,低频沉睡用户
1011631,2,2017-11-30,2,3,稳定复购用户
1011633,1,2017-12-01,1,2,低频沉睡用户
1011647,2,2017-12-03,2,0,稳定复购用户
1011648,1,2017-12-02,1,1,新购买用户
1011651,3,2017-12-02,3,1,高频多品类用户
1011652,12,2017-12-03,7,0,高频多品类用户
1011655,11,2017-12-03,9,0,高频多品类用户
1011656,1,2017-11-29,1,4,低频沉睡用户
1011669,1,2017-11-30,1,3,低频沉睡用户
1011676,1,2017-11-28,1,5,低频沉睡用户
1011681,1,2017-11-28,1,5,低频沉睡用户
1011685,1,2017-11-29,1,4,低频沉睡用户
1011697,2,2017-11-30,2,3,稳定复购用户
1011698,1,2017-11-28,1,5,低频沉睡用户
1011699,3,2017-12-01,2,2,高频多品类用户
1011703,1,2017-11-26,1,7,低频沉睡用户
1011704,4,2017-12-03,4,0,高频多品类用户
1011705,4,2017-11-28,2,5,高频多品类用户
1011709,7,2017-11-30,6,3,高频多品类用户
1011725,4,2017-12-03,3,0,高频多品类用户
1011729,4,2017-11-30,2,3,高频多品类用户
1011730,1,2017-12-02,1,1,新购买用户
1011745,4,2017-11-28,2,5,高频多品类用户
1011749,2,2017-12-02,2,1,稳定复购用户
1011752,2,2017-12-03,2,0,稳定复购用户
1011758,1,2017-11-28,1,5,低频沉睡用户
1011760,2,2017-12-02,2,1,稳定复购用户
1011773,1,2017-11-27,1,6,低频沉睡用户
1011789,2,2017-12-01,2,2,稳定复购用户
1011793,7,2017-12-03,7,0,高频多品类用户
1011799,5,2017-12-03,5,0,高频多品类用户
1011802,2,2017-12-03,2,0,稳定复购用户
1011816,2,2017-11-28,2,5,稳定复购用户
1011826,1,2017-11-26,1,7,低频沉睡用户
1011828,1,2017-12-01,1,2,低频沉睡用户
1011839,2,2017-11-28,2,5,稳定复购用户
1011841,1,2017-11-26,1,7,低频沉睡用户
1011867,3,2017-12-01,3,2,高频多品类用户
1011868,1,2017-12-03,1,0,新购买用户
1011872,11,2017-12-03,10,0,高频多品类用户
1011880,3,2017-12-02,3,1,高频多品类用户
1011886,2,2017-11-30,1,3,稳定复购用户
1011891,1,2017-11-29,1,4,低频沉睡用户
1011892,1,2017-12-01,1,2,低频沉睡用户
1011911,1,2017-11-25,1,8,低频沉睡用户
1011919,2,2017-12-03,2,0,稳定复购用户
1011921,1,2017-11-25,1,8,低频沉睡用户
1011923,1,2017-12-02,1,1,新购买用户
1011937,5,2017-12-03,5,0,高频多品类用户
1011943,6,2017-12-03,6,0,高频多品类用户
1011960,5,2017-12-03,4,0,高频多品类用户
1011961,3,2017-12-03,3,0,高频多品类用户
1011981,1,2017-12-02,1,1,新购买用户
1011986,5,2017-12-03,4,0,高频多品类用户
1011992,3,2017-12-02,3,1,高频多品类用户
1011996,6,2017-12-03,5,0,高频多品类用户
1012000,4,2017-12-02,3,1,高频多品类用户
1012002,9,2017-12-02,8,1,高频多品类用户
1012012,1,2017-11-28,1,5,低频沉睡用户
1012017,2,2017-12-03,2,0,稳定复购用户
1012022,6,2017-12-03,6,0,高频多品类用户
1012028,1,2017-11-29,1,4,低频沉睡用户
1012031,2,2017-11-26,2,7,稳定复购用户
1012033,1,2017-12-02,1,1,新购买用户
1012040,4,2017-12-02,4,1,高频多品类用户
1012048,3,2017-11-30,3,3,高频多品类用户
1012050,1,2017-11-30,1,3,低频沉睡用户
1012060,2,2017-12-03,2,0,稳定复购用户
1012062,2,2017-12-03,2,0,稳定复购用户
1012070,2,2017-12-03,2,0,稳定复购用户
1012075,5,2017-11-30,3,3,高频多品类用户
1012082,1,2017-11-29,1,4,低频沉睡用户
1012086,2,2017-12-01,2,2,稳定复购用户
1012093,4,2017-11-29,3,4,高频多品类用户
1012102,4,2017-11-30,4,3,高频多品类用户
1012104,2,2017-12-02,2,1,稳定复购用户
1012105,9,2017-11-30,8,3,高频多品类用户
1012110,4,2017-12-03,4,0,高频多品类用户
1012116,1,2017-11-28,1,5,低频沉睡用户
1012125,2,2017-12-03,1,0,稳定复购用户
1012133,1,2017-12-02,1,1,新购买用户
1012148,17,2017-12-03,17,0,高频多品类用户
1012155,1,2017-12-03,1,0,新购买用户
1012164,1,2017-12-03,1,0,新购买用户
1012191,3,2017-11-30,3,3,高频多品类用户
1012198,1,2017-12-01,1,2,低频沉睡用户
1012208,1,2017-12-02,1,1,新购买用户
1012222,1,2017-12-03,1,0,新购买用户
1012232,7,2017-12-03,4,0,高频多品类用户
1012237,1,2017-12-01,1,2,低频沉睡用户
1012252,2,2017-11-25,1,8,稳定复购用户
1012257,2,2017-11-26,2,7,稳定复购用户
1012275,8,2017-12-03,8,0,高频多品类用户
1012277,4,2017-11-30,4,3,高频多品类用户
1012284,3,2017-11-27,3,6,高频多品类用户
1012287,2,2017-12-01,2,2,稳定复购用户
1012290,4,2017-11-29,4,4,高频多品类用户
1012293,4,2017-11-29,4,4,高频多品类用户
1012296,2,2017-12-03,2,0,稳定复购用户
1012298,4,2017-12-03,3,0,高频多品类用户
1012299,1,2017-11-29,1,4,低频沉睡用户
1012313,1,2017-11-25,1,8,低频沉睡用户
1012333,4,2017-12-02,4,1,高频多品类用户
1012338,6,2017-11-30,6,3,高频多品类用户
1012344,2,2017-12-03,2,0,稳定复购用户
1012352,1,2017-11-25,1,8,低频沉睡用户
1012358,7,2017-12-03,7,0,高频多品类用户
1012373,6,2017-12-02,6,1,高频多品类用户
1012380,2,2017-12-02,2,1,稳定复购用户
1012395,7,2017-11-30,7,3,高频多品类用户
1012403,1,2017-12-02,1,1,新购买用户
1012411,4,2017-11-30,4,3,高频多品类用户
1012415,4,2017-12-03,4,0,高频多品类用户
1012420,3,2017-12-03,3,0,高频多品类用户
1012426,7,2017-12-02,6,1,高频多品类用户
1012445,1,2017-11-29,1,4,低频沉睡用户
1012459,3,2017-12-02,2,1,高频多品类用户
1012467,1,2017-11-25,1,8,低频沉睡用户
1012469,4,2017-12-03,4,0,高频多品类用户
1012472,1,2017-12-02,1,1,新购买用户
1012474,1,2017-12-01,1,2,低频沉睡用户
1012478,1,2017-11-29,1,4,低频沉睡用户
1012489,1,2017-11-26,1,7,低频沉睡用户
1012498,3,2017-12-03,3,0,高频多品类用户
1012501,4,2017-12-02,4,1,高频多品类用户
1012512,1,2017-11-29,1,4,低频沉睡用户
1012516,2,2017-11-30,2,3,稳定复购用户
1012524,2,2017-11-29,2,4,稳定复购用户
1012525,10,2017-12-02,6,1,高频多品类用户
1012528,1,2017-11-27,1,6,低频沉睡用户
1012534,4,2017-11-28,4,5,高频多品类用户
1012535,2,2017-12-02,2,1,稳定复购用户
1012536,2,2017-12-02,2,1,稳定复购用户
1012541,1,2017-12-03,1,0,新购买用户
1012550,2,2017-11-30,2,3,稳定复购用户
1012553,1,2017-12-01,1,2,低频沉睡用户
1012578,1,2017-11-28,1,5,低频沉睡用户
1012579,2,2017-11-30,2,3,稳定复购用户
1012597,1,2017-11-28,1,5,低频沉睡用户
1012611,2,2017-11-30,2,3,稳定复购用户
1012621,1,2017-12-02,1,1,新购买用户
1012626,1,2017-11-25,1,8,低频沉睡用户
1012638,3,2017-11-29,1,4,稳定复购用户
1012639,2,2017-11-28,2,5,稳定复购用户
1012645,5,2017-12-01,4,2,高频多品类用户
1012647,1,2017-11-29,1,4,低频沉睡用户
1012651,2,2017-12-02,2,1,稳定复购用户
1012661,6,2017-12-01,5,2,高频多品类用户
1012664,3,2017-12-03,2,0,高频多品类用户
1012665,1,2017-11-29,1,4,低频沉睡用户
1012667,3,2017-12-03,3,0,高频多品类用户
1012670,2,2017-12-03,2,0,稳定复购用户
1012673,1,2017-11-27,1,6,低频沉睡用户
1012677,2,2017-11-27,2,6,稳定复购用户
1012682,8,2017-12-03,6,0,高频多品类用户
1012693,3,2017-12-02,3,1,高频多品类用户
1012727,1,2017-11-26,1,7,低频沉睡用户
1012731,2,2017-12-01,2,2,稳定复购用户
1012736,3,2017-12-02,3,1,高频多品类用户
1012737,1,2017-11-27,1,6,低频沉睡用户
1012741,5,2017-11-29,4,4,高频多品类用户
1012743,1,2017-12-01,1,2,低频沉睡用户
1012745,4,2017-12-03,3,0,高频多品类用户
1012774,2,2017-11-27,2,6,稳定复购用户
1012784,2,2017-11-28,2,5,稳定复购用户
1012793,3,2017-12-02,2,1,高频多品类用户
1012795,3,2017-12-02,3,1,高频多品类用户
1012804,3,2017-12-03,3,0,高频多品类用户
1012806,6,2017-12-03,5,0,高频多品类用户
1012808,2,2017-12-03,2,0,稳定复购用户
1012819,2,2017-11-30,2,3,稳定复购用户
1012826,2,2017-11-30,2,3,稳定复购用户
1012830,2,2017-11-30,2,3,稳定复购用户
1012841,5,2017-11-29,5,4,高频多品类用户
1012849,1,2017-11-29,1,4,低频沉睡用户
1012851,6,2017-11-30,3,3,高频多品类用户
1012881,6,2017-12-01,6,2,高频多品类用户
1012883,1,2017-11-25,1,8,低频沉睡用户
1012894,1,2017-12-02,1,1,新购买用户
1012895,5,2017-12-03,5,0,高频多品类用户
1012896,1,2017-11-27,1,6,低频沉睡用户
1012904,2,2017-12-01,2,2,稳定复购用户
1012911,1,2017-11-30,1,3,低频沉睡用户
1012915,1,2017-11-28,1,5,低频沉睡用户
1012919,2,2017-12-01,2,2,稳定复购用户
1012925,3,2017-12-01,3,2,高频多品类用户
1012927,2,2017-12-01,2,2,稳定复购用户
1012945,3,2017-12-02,3,1,高频多品类用户
1012947,1,2017-12-01,1,2,低频沉睡用户
1012950,2,2017-11-30,2,3,稳定复购用户
1012967,2,2017-11-27,2,6,稳定复购用户
1012985,2,2017-11-30,2,3,稳定复购用户
1012989,2,2017-11-30,2,3,稳定复购用户
1013004,5,2017-11-30,4,3,高频多品类用户
1013013,16,2017-12-03,4,0,高频多品类用户
1013015,2,2017-12-03,2,0,稳定复购用户
1013021,1,2017-11-30,1,3,低频沉睡用户
1013023,3,2017-11-28,3,5,高频多品类用户
1013026,1,2017-12-01,1,2,低频沉睡用户
1013027,2,2017-12-01,2,2,稳定复购用户
1013030,2,2017-12-02,2,1,稳定复购用户
1013033,1,2017-11-25,1,8,低频沉睡用户
1013063,2,2017-12-03,2,0,稳定复购用户
1013086,5,2017-11-27,3,6,高频多品类用户
1013088,1,2017-11-30,1,3,低频沉睡用户
1013089,4,2017-12-01,4,2,高频多品类用户
1013097,1,2017-11-25,1,8,低频沉睡用户
1013118,4,2017-12-02,4,1,高频多品类用户
1013124,1,2017-12-02,1,1,新购买用户
1013131,2,2017-12-03,2,0,稳定复购用户
1013133,3,2017-11-25,2,8,高频多品类用户
1013136,2,2017-12-02,2,1,稳定复购用户
1013150,1,2017-11-25,1,8,低频沉睡用户
1013160,1,2017-11-26,1,7,低频沉睡用户
1013162,1,2017-11-30,1,3,低频沉睡用户
1013169,3,2017-12-02,3,1,高频多品类用户
1013171,1,2017-11-30,1,3,低频沉睡用户
1013180,1,2017-12-03,1,0,新购买用户
1013183,1,2017-12-01,1,2,低频沉睡用户
1013194,1,2017-11-29,1,4,低频沉睡用户
1013202,7,2017-12-03,7,0,高频多品类用户
1013209,7,2017-12-03,7,0,高频多品类用户
1013232,2,2017-11-29,2,4,稳定复购用户
1013238,2,2017-12-02,2,1,稳定复购用户
1013240,2,2017-12-02,2,1,稳定复购用户
1013254,1,2017-11-30,1,3,低频沉睡用户
1013265,3,2017-12-03,3,0,高频多品类用户
1013276,1,2017-12-02,1,1,新购买用户
1013277,1,2017-12-03,1,0,新购买用户
1013291,3,2017-12-02,3,1,高频多品类用户
1013305,2,2017-12-03,2,0,稳定复购用户
1013311,3,2017-11-28,3,5,高频多品类用户
1013313,1,2017-11-25,1,8,低频沉睡用户
1013317,4,2017-12-01,4,2,高频多品类用户
1013323,2,2017-12-02,2,1,稳定复购用户
1013336,3,2017-12-02,2,1,高频多品类用户
1013338,7,2017-12-03,7,0,高频多品类用户
1013343,4,2017-11-30,2,3,高频多品类用户
1013355,1,2017-11-25,1,8,低频沉睡用户
1013359,3,2017-12-03,3,0,高频多品类用户
1013362,1,2017-11-27,1,6,低频沉睡用户
1013364,4,2017-12-01,3,2,高频多品类用户
1013365,2,2017-12-03,2,0,稳定复购用户
1013366,1,2017-11-26,1,7,低频沉睡用户
1013370,1,2017-11-29,1,4,低频沉睡用户
1013376,2,2017-12-02,2,1,稳定复购用户
1013381,17,2017-12-03,9,0,高频多品类用户
1013396,2,2017-12-03,1,0,稳定复购用户
1013423,1,2017-11-28,1,5,低频沉睡用户
1013445,2,2017-11-30,2,3,稳定复购用户
1013456,1,2017-11-27,1,6,低频沉睡用户
1013492,2,2017-12-03,1,0,稳定复购用户
1013494,2,2017-12-03,2,0,稳定复购用户
1013497,3,2017-12-03,2,0,高频多品类用户
1013501,1,2017-12-01,1,2,低频沉睡用户
1013511,1,2017-11-25,1,8,低频沉睡用户
1013525,4,2017-12-01,4,2,高频多品类用户
1013526,2,2017-12-02,2,1,稳定复购用户
1013531,3,2017-11-29,3,4,高频多品类用户
1013559,1,2017-11-27,1,6,低频沉睡用户
1013563,2,2017-12-02,2,1,稳定复购用户
1013574,2,2017-11-29,2,4,稳定复购用户
1013579,2,2017-12-01,2,2,稳定复购用户
1013581,2,2017-11-30,2,3,稳定复购用户
1013582,2,2017-11-28,2,5,稳定复购用户
1013585,2,2017-11-26,2,7,稳定复购用户
1013586,7,2017-12-01,6,2,高频多品类用户
1013593,5,2017-12-03,5,0,高频多品类用户
1013600,2,2017-12-01,1,2,稳定复购用户
1013606,2,2017-12-03,1,0,稳定复购用户
1013611,1,2017-12-02,1,1,新购买用户
1013615,1,2017-11-26,1,7,低频沉睡用户
1013619,1,2017-12-02,1,1,新购买用户
1013635,1,2017-11-28,1,5,低频沉睡用户
1013649,1,2017-12-02,1,1,新购买用户
1013652,2,2017-12-02,1,1,稳定复购用户
1013655,2,2017-11-29,1,4,稳定复购用户
1013678,2,2017-12-02,2,1,稳定复购用户
1013687,2,2017-12-01,2,2,稳定复购用户
1013690,4,2017-11-30,4,3,高频多品类用户
1013691,3,2017-12-01,3,2,高频多品类用户
1013697,4,2017-12-02,3,1,高频多品类用户
1013702,2,2017-12-03,1,0,稳定复购用户
1013706,3,2017-11-29,3,4,高频多品类用户
1013709,5,2017-11-30,5,3,高频多品类用户
1013711,2,2017-11-27,2,6,稳定复购用户
1013712,1,2017-11-25,1,8,低频沉睡用户
1013728,6,2017-12-02,3,1,高频多品类用户
1013742,3,2017-11-29,2,4,高频多品类用户
1013747,8,2017-11-30,7,3,高频多品类用户
1013754,1,2017-11-25,1,8,低频沉睡用户
1013765,4,2017-12-02,3,1,高频多品类用户
1013773,1,2017-11-25,1,8,低频沉睡用户
1013774,1,2017-11-28,1,5,低频沉睡用户
1013775,2,2017-11-28,2,5,稳定复购用户
1013785,2,2017-11-29,2,4,稳定复购用户
1013787,3,2017-12-02,3,1,高频多品类用户
1013822,2,2017-12-03,2,0,稳定复购用户
1013829,2,2017-11-30,2,3,稳定复购用户
1013830,3,2017-11-30,2,3,高频多品类用户
1013835,1,2017-11-26,1,7,低频沉睡用户
1013844,1,2017-11-28,1,5,低频沉睡用户
1013847,5,2017-11-28,4,5,高频多品类用户
1013875,2,2017-12-03,2,0,稳定复购用户
1013877,1,2017-12-03,1,0,新购买用户
1013889,14,2017-12-03,12,0,高频多品类用户
1013893,3,2017-12-02,1,1,稳定复购用户
1013898,1,2017-11-29,1,4,低频沉睡用户
1013907,1,2017-11-28,1,5,低频沉睡用户
1013911,3,2017-11-26,3,7,高频多品类用户
1013920,1,2017-12-02,1,1,新购买用户
1013929,5,2017-11-28,3,5,高频多品类用户
1013933,6,2017-12-01,6,2,高频多品类用户
1013934,1,2017-11-28,1,5,低频沉睡用户
1013938,1,2017-11-30,1,3,低频沉睡用户
1013942,2,2017-11-30,2,3,稳定复购用户
1013943,8,2017-12-02,5,1,高频多品类用户
1013955,1,2017-11-28,1,5,低频沉睡用户
1013961,3,2017-12-02,3,1,高频多品类用户
1013967,2,2017-12-03,1,0,稳定复购用户
1013980,3,2017-11-26,3,7,高频多品类用户
1013991,1,2017-12-03,1,0,新购买用户
1014022,6,2017-12-02,6,1,高频多品类用户
1014025,1,2017-11-29,1,4,低频沉睡用户
1014032,2,2017-12-02,2,1,稳定复购用户
1014034,1,2017-12-01,1,2,低频沉睡用户
1014035,6,2017-12-01,6,2,高频多品类用户
1014043,1,2017-11-29,1,4,低频沉睡用户
1014045,3,2017-12-03,3,0,高频多品类用户
1014046,2,2017-12-01,1,2,稳定复购用户
1014048,5,2017-12-02,5,1,高频多品类用户
1014055,5,2017-12-03,4,0,高频多品类用户
1014059,3,2017-12-02,3,1,高频多品类用户
1014064,3,2017-11-28,3,5,高频多品类用户
1014069,1,2017-12-03,1,0,新购买用户
1014072,4,2017-12-03,4,0,高频多品类用户
1014088,1,2017-11-27,1,6,低频沉睡用户
1014096,1,2017-11-27,1,6,低频沉睡用户
1014108,3,2017-11-28,2,5,高频多品类用户
1014114,2,2017-12-01,2,2,稳定复购用户
1014150,2,2017-11-25,1,8,稳定复购用户
1014152,2,2017-12-02,2,1,稳定复购用户
1014153,1,2017-11-27,1,6,低频沉睡用户
1014154,6,2017-11-30,5,3,高频多品类用户
1014156,2,2017-12-02,2,1,稳定复购用户
1014166,4,2017-11-27,4,6,高频多品类用户
1014171,1,2017-11-30,1,3,低频沉睡用户
1014176,1,2017-11-25,1,8,低频沉睡用户
1014180,2,2017-11-26,2,7,稳定复购用户
1014192,2,2017-12-01,2,2,稳定复购用户
1014197,4,2017-12-01,4,2,高频多品类用户
1014199,1,2017-12-02,1,1,新购买用户
1014207,2,2017-11-26,2,7,稳定复购用户
1014215,1,2017-11-30,1,3,低频沉睡用户
1014237,4,2017-12-03,3,0,高频多品类用户
1014243,1,2017-12-03,1,0,新购买用户
1014245,3,2017-11-30,3,3,高频多品类用户
1014248,5,2017-12-03,5,0,高频多品类用户
1014265,6,2017-12-01,6,2,高频多品类用户
1014275,2,2017-12-02,2,1,稳定复购用户
1014279,2,2017-12-02,2,1,稳定复购用户
1014281,7,2017-12-03,5,0,高频多品类用户
1014286,3,2017-11-26,3,7,高频多品类用户
1014290,1,2017-12-02,1,1,新购买用户
1014291,3,2017-12-02,2,1,高频多品类用户
1014303,1,2017-12-02,1,1,新购买用户
1014309,4,2017-11-29,3,4,高频多品类用户
1014313,3,2017-11-30,3,3,高频多品类用户
1014321,5,2017-11-27,5,6,高频多品类用户
1014326,1,2017-11-28,1,5,低频沉睡用户
1014332,1,2017-11-30,1,3,低频沉睡用户
1014341,5,2017-12-03,5,0,高频多品类用户
1014344,2,2017-12-03,2,0,稳定复购用户
1014350,1,2017-12-01,1,2,低频沉睡用户
1014352,2,2017-11-30,2,3,稳定复购用户
1014357,2,2017-12-01,1,2,稳定复购用户
1014358,3,2017-12-02,3,1,高频多品类用户
1014362,1,2017-11-26,1,7,低频沉睡用户
1014366,1,2017-11-27,1,6,低频沉睡用户
1014391,1,2017-11-26,1,7,低频沉睡用户
1014418,13,2017-11-29,5,4,高频多品类用户
1014427,6,2017-12-01,5,2,高频多品类用户
1014431,3,2017-12-03,3,0,高频多品类用户
1014434,1,2017-11-29,1,4,低频沉睡用户
1014436,3,2017-12-03,3,0,高频多品类用户
1014446,6,2017-11-29,3,4,高频多品类用户
1014449,2,2017-11-30,2,3,稳定复购用户
1014458,2,2017-12-02,2,1,稳定复购用户
1014460,1,2017-12-01,1,2,低频沉睡用户
1014467,2,2017-11-27,2,6,稳定复购用户
1014472,1,2017-11-28,1,5,低频沉睡用户
1014475,4,2017-11-29,2,4,高频多品类用户
1014477,4,2017-11-30,3,3,高频多品类用户
1014508,1,2017-11-26,1,7,低频沉睡用户
1014517,1,2017-12-03,1,0,新购买用户
1014519,2,2017-11-28,2,5,稳定复购用户
1014544,7,2017-12-03,6,0,高频多品类用户
1014550,7,2017-12-03,5,0,高频多品类用户
1014557,6,2017-12-01,4,2,高频多品类用户
1014570,1,2017-11-30,1,3,低频沉睡用户
1014577,5,2017-12-02,4,1,高频多品类用户
1014597,2,2017-12-03,2,0,稳定复购用户
1014605,3,2017-11-28,3,5,高频多品类用户
1014609,1,2017-12-01,1,2,低频沉睡用户
1014610,25,2017-12-03,15,0,高频多品类用户
1014614,1,2017-12-03,1,0,新购买用户
1014617,1,2017-12-03,1,0,新购买用户
1014626,1,2017-12-02,1,1,新购买用户
1014629,2,2017-12-03,2,0,稳定复购用户
1014633,3,2017-11-28,3,5,高频多品类用户
1014637,3,2017-11-29,3,4,高频多品类用户
1014642,2,2017-11-29,2,4,稳定复购用户
1014647,2,2017-12-03,2,0,稳定复购用户
1014652,4,2017-12-03,4,0,高频多品类用户
1014667,1,2017-12-03,1,0,新购买用户
1014679,2,2017-11-30,2,3,稳定复购用户
1014688,1,2017-11-29,1,4,低频沉睡用户
1014694,6,2017-11-28,3,5,高频多品类用户
1014695,2,2017-12-03,2,0,稳定复购用户
1014696,2,2017-12-03,2,0,稳定复购用户
1014704,2,2017-11-28,2,5,稳定复购用户
1014708,2,2017-11-30,1,3,稳定复购用户
1014715,3,2017-11-25,3,8,高频多品类用户
1014716,7,2017-12-03,5,0,高频多品类用户
1014732,6,2017-11-30,6,3,高频多品类用户
1014736,3,2017-11-27,3,6,高频多品类用户
1014742,1,2017-11-28,1,5,低频沉睡用户
1014755,1,2017-11-30,1,3,低频沉睡用户
1014758,2,2017-11-30,2,3,稳定复购用户
1014778,2,2017-11-28,2,5,稳定复购用户
1014782,2,2017-11-30,2,3,稳定复购用户
1014786,1,2017-12-02,1,1,新购买用户
1014789,6,2017-12-02,6,1,高频多品类用户
1014805,1,2017-11-27,1,6,低频沉睡用户
1014817,3,2017-12-03,3,0,高频多品类用户
1014838,2,2017-12-03,2,0,稳定复购用户
1014840,4,2017-11-30,3,3,高频多品类用户
1014846,4,2017-12-03,3,0,高频多品类用户
1014858,2,2017-11-29,2,4,稳定复购用户
1014870,1,2017-11-30,1,3,低频沉睡用户
1014880,3,2017-12-03,3,0,高频多品类用户
1014896,2,2017-12-02,2,1,稳定复购用户
1014907,8,2017-12-03,7,0,高频多品类用户
1014909,2,2017-11-28,2,5,稳定复购用户
1014912,2,2017-12-02,1,1,稳定复购用户
1014917,6,2017-11-30,6,3,高频多品类用户
1014932,1,2017-12-01,1,2,低频沉睡用户
1014933,1,2017-12-01,1,2,低频沉睡用户
1014935,3,2017-12-03,2,0,高频多品类用户
1014939,3,2017-12-02,3,1,高频多品类用户
1014955,1,2017-12-03,1,0,新购买用户
1014959,4,2017-11-30,4,3,高频多品类用户
1014977,1,2017-11-29,1,4,低频沉睡用户
1014988,1,2017-11-29,1,4,低频沉睡用户
1014989,3,2017-11-30,3,3,高频多品类用户
1015007,2,2017-11-25,2,8,稳定复购用户
1015014,1,2017-11-27,1,6,低频沉睡用户
1015027,2,2017-11-30,2,3,稳定复购用户
1015031,2,2017-11-27,2,6,稳定复购用户
1015032,1,2017-12-03,1,0,新购买用户
1015045,2,2017-12-02,2,1,稳定复购用户
1015047,2,2017-12-03,2,0,稳定复购用户
1015055,5,2017-12-02,5,1,高频多品类用户
1015060,3,2017-12-02,3,1,高频多品类用户
1015065,5,2017-12-02,5,1,高频多品类用户
1015075,2,2017-12-01,1,2,稳定复购用户
1015076,1,2017-11-30,1,3,低频沉睡用户
1015077,4,2017-11-27,3,6,高频多品类用户
1015090,2,2017-12-02,2,1,稳定复购用户
1015099,8,2017-12-01,4,2,高频多品类用户
1015103,2,2017-11-30,2,3,稳定复购用户
1015112,3,2017-12-01,3,2,高频多品类用户
1015115,2,2017-11-30,2,3,稳定复购用户
1015117,3,2017-12-03,3,0,高频多品类用户
1015126,1,2017-11-26,1,7,低频沉睡用户
1015130,4,2017-12-02,2,1,高频多品类用户
1015143,1,2017-11-29,1,4,低频沉睡用户
1015171,1,2017-11-30,1,3,低频沉睡用户
1015181,1,2017-12-02,1,1,新购买用户
1015184,1,2017-12-03,1,0,新购买用户
1015186,3,2017-12-02,3,1,高频多品类用户
1015193,3,2017-12-02,3,1,高频多品类用户
1015219,11,2017-11-30,8,3,高频多品类用户
1015228,3,2017-11-25,3,8,高频多品类用户
1015229,4,2017-12-03,4,0,高频多品类用户
1015234,3,2017-12-03,3,0,高频多品类用户
1015237,3,2017-12-01,3,2,高频多品类用户
1015250,6,2017-12-02,4,1,高频多品类用户
1015253,3,2017-12-02,2,1,高频多品类用户
1015255,21,2017-12-03,8,0,高频多品类用户
1015272,2,2017-12-01,2,2,稳定复购用户
1015278,7,2017-12-02,4,1,高频多品类用户
1015279,5,2017-12-02,4,1,高频多品类用户
1015280,1,2017-12-02,1,1,新购买用户
1015283,2,2017-11-29,2,4,稳定复购用户
1015299,1,2017-12-02,1,1,新购买用户
1015305,5,2017-12-03,4,0,高频多品类用户
1015328,4,2017-11-29,4,4,高频多品类用户
1015330,8,2017-12-02,7,1,高频多品类用户
1015342,5,2017-12-02,5,1,高频多品类用户
1015344,1,2017-12-02,1,1,新购买用户
1015357,2,2017-12-03,2,0,稳定复购用户
1015360,3,2017-11-30,2,3,高频多品类用户
1015375,1,2017-11-30,1,3,低频沉睡用户
1015386,4,2017-12-02,2,1,高频多品类用户
1015394,2,2017-11-30,1,3,稳定复购用户
1015399,1,2017-11-26,1,7,低频沉睡用户
1015403,2,2017-12-02,2,1,稳定复购用户
1015408,2,2017-12-03,2,0,稳定复购用户
1015421,7,2017-12-02,7,1,高频多品类用户
1015430,2,2017-11-28,2,5,稳定复购用户
1015449,1,2017-12-01,1,2,低频沉睡用户
1015454,9,2017-12-03,9,0,高频多品类用户
1015458,2,2017-12-02,2,1,稳定复购用户
1015460,3,2017-12-02,3,1,高频多品类用户
1015469,3,2017-12-03,2,0,高频多品类用户
1015471,6,2017-11-29,5,4,高频多品类用户
1015472,2,2017-12-02,2,1,稳定复购用户
1015502,1,2017-12-01,1,2,低频沉睡用户
1015531,1,2017-11-27,1,6,低频沉睡用户
1015539,2,2017-11-30,2,3,稳定复购用户
1015545,10,2017-12-03,10,0,高频多品类用户
1015548,4,2017-11-29,3,4,高频多品类用户
1015551,3,2017-12-01,2,2,高频多品类用户
1015554,3,2017-12-02,2,1,高频多品类用户
1015568,2,2017-11-26,2,7,稳定复购用户
1015571,1,2017-11-27,1,6,低频沉睡用户
1015572,7,2017-12-03,6,0,高频多品类用户
1015573,3,2017-12-01,2,2,高频多品类用户
1015574,2,2017-12-01,2,2,稳定复购用户
1015578,4,2017-12-03,4,0,高频多品类用户
1015582,2,2017-12-03,2,0,稳定复购用户
1015588,1,2017-11-28,1,5,低频沉睡用户
1015591,8,2017-11-30,6,3,高频多品类用户
1015592,2,2017-12-03,2,0,稳定复购用户
1015600,2,2017-12-02,2,1,稳定复购用户
1015602,2,2017-12-02,2,1,稳定复购用户
1015621,2,2017-11-28,2,5,稳定复购用户
1015628,1,2017-11-28,1,5,低频沉睡用户
1015645,3,2017-11-27,2,6,高频多品类用户
1015656,3,2017-12-02,3,1,高频多品类用户
1015659,1,2017-11-25,1,8,低频沉睡用户
1015673,12,2017-12-03,8,0,高频多品类用户
1015678,9,2017-11-29,8,4,高频多品类用户
1015693,2,2017-11-26,2,7,稳定复购用户
1015695,1,2017-12-03,1,0,新购买用户
1015702,3,2017-11-30,3,3,高频多品类用户
1015706,3,2017-12-03,3,0,高频多品类用户
1015718,4,2017-11-28,4,5,高频多品类用户
1015719,2,2017-11-30,2,3,稳定复购用户
1015720,1,2017-11-26,1,7,低频沉睡用户
1015740,1,2017-12-03,1,0,新购买用户
1015742,3,2017-12-02,3,1,高频多品类用户
1015745,1,2017-11-25,1,8,低频沉睡用户
1015754,21,2017-12-03,14,0,高频多品类用户
1015756,9,2017-11-30,9,3,高频多品类用户
1015760,8,2017-12-03,6,0,高频多品类用户
1015763,3,2017-11-30,3,3,高频多品类用户
1015770,1,2017-11-29,1,4,低频沉睡用户
1015772,5,2017-12-01,5,2,高频多品类用户
1015779,1,2017-11-29,1,4,低频沉睡用户
1015780,1,2017-12-01,1,2,低频沉睡用户
1015784,1,2017-12-03,1,0,新购买用户
1015787,1,2017-12-03,1,0,新购买用户
1015794,5,2017-12-03,4,0,高频多品类用户
1015809,3,2017-11-29,3,4,高频多品类用户
1015811,2,2017-11-28,2,5,稳定复购用户
1015814,3,2017-11-27,2,6,高频多品类用户
1015831,3,2017-12-01,1,2,稳定复购用户
1015840,1,2017-11-29,1,4,低频沉睡用户
1015846,7,2017-12-03,5,0,高频多品类用户
1015852,3,2017-11-30,2,3,高频多品类用户
1015856,2,2017-12-03,2,0,稳定复购用户
1015870,2,2017-12-02,2,1,稳定复购用户
1015875,2,2017-12-01,2,2,稳定复购用户
1015886,7,2017-12-02,5,1,高频多品类用户
1015887,4,2017-11-30,4,3,高频多品类用户
1015888,3,2017-12-03,3,0,高频多品类用户
1015890,4,2017-12-02,4,1,高频多品类用户
1015903,3,2017-11-27,3,6,高频多品类用户
1015907,1,2017-12-03,1,0,新购买用户
1015910,2,2017-12-01,2,2,稳定复购用户
1015962,2,2017-12-03,2,0,稳定复购用户
1015966,3,2017-12-03,3,0,高频多品类用户
1015974,1,2017-11-30,1,3,低频沉睡用户
1015981,1,2017-11-28,1,5,低频沉睡用户
1015982,3,2017-12-02,3,1,高频多品类用户
1015986,1,2017-12-01,1,2,低频沉睡用户
1015988,8,2017-12-02,7,1,高频多品类用户
1016016,4,2017-12-03,4,0,高频多品类用户
1016018,1,2017-11-26,1,7,低频沉睡用户
1016020,3,2017-12-02,3,1,高频多品类用户
1016024,5,2017-12-03,4,0,高频多品类用户
1016026,1,2017-12-02,1,1,新购买用户
1016054,4,2017-12-03,4,0,高频多品类用户
1016068,1,2017-11-27,1,6,低频沉睡用户
1016078,2,2017-11-28,2,5,稳定复购用户
1016079,1,2017-11-29,1,4,低频沉睡用户
1016083,2,2017-11-29,2,4,稳定复购用户
1016093,2,2017-12-03,2,0,稳定复购用户
1016129,1,2017-12-03,1,0,新购买用户
1016137,3,2017-12-03,3,0,高频多品类用户
1016154,1,2017-11-25,1,8,低频沉睡用户
1016156,7,2017-12-03,7,0,高频多品类用户
1016185,3,2017-12-02,3,1,高频多品类用户
1016191,5,2017-11-30,3,3,高频多品类用户
1016193,4,2017-11-30,3,3,高频多品类用户
1016201,3,2017-11-27,3,6,高频多品类用户
1016203,3,2017-12-03,2,0,高频多品类用户
1016219,2,2017-11-26,1,7,稳定复购用户
1016228,1,2017-11-26,1,7,低频沉睡用户
1016234,4,2017-12-03,4,0,高频多品类用户
1016237,3,2017-12-02,3,1,高频多品类用户
1016247,3,2017-12-02,3,1,高频多品类用户
1016254,1,2017-12-01,1,2,低频沉睡用户
1016260,1,2017-11-26,1,7,低频沉睡用户
1016265,1,2017-12-03,1,0,新购买用户
1016277,3,2017-12-03,3,0,高频多品类用户
1016284,1,2017-11-30,1,3,低频沉睡用户
1016289,2,2017-11-30,2,3,稳定复购用户
1016293,4,2017-12-03,4,0,高频多品类用户
1016298,1,2017-12-02,1,1,新购买用户
1016299,3,2017-11-29,2,4,高频多品类用户
1016302,2,2017-12-02,2,1,稳定复购用户
1016304,7,2017-12-01,4,2,高频多品类用户
1016318,2,2017-11-26,2,7,稳定复购用户
1016326,7,2017-12-03,6,0,高频多品类用户
1016334,6,2017-11-30,4,3,高频多品类用户
1016342,2,2017-12-02,2,1,稳定复购用户
1016350,1,2017-12-02,1,1,新购买用户
1016357,7,2017-12-03,5,0,高频多品类用户
1016372,1,2017-12-02,1,1,新购买用户
1016384,2,2017-12-03,2,0,稳定复购用户
1016385,2,2017-12-01,2,2,稳定复购用户
1016393,2,2017-11-28,1,5,稳定复购用户
1016394,2,2017-11-30,2,3,稳定复购用户
1016415,3,2017-11-30,3,3,高频多品类用户
1016418,1,2017-12-03,1,0,新购买用户
1016421,1,2017-11-26,1,7,低频沉睡用户
1016424,3,2017-12-03,3,0,高频多品类用户
1016430,3,2017-12-02,2,1,高频多品类用户
1016451,1,2017-12-03,1,0,新购买用户
1016457,2,2017-12-03,2,0,稳定复购用户
1016465,4,2017-12-02,4,1,高频多品类用户
1016467,7,2017-11-30,6,3,高频多品类用户
1016472,2,2017-12-03,2,0,稳定复购用户
1016474,2,2017-11-26,2,7,稳定复购用户
1016479,2,2017-12-02,2,1,稳定复购用户
1016481,2,2017-11-27,2,6,稳定复购用户
1016498,6,2017-12-03,5,0,高频多品类用户
1016501,1,2017-12-03,1,0,新购买用户
1016502,2,2017-11-29,1,4,稳定复购用户
1016503,1,2017-12-01,1,2,低频沉睡用户
1016512,2,2017-12-02,2,1,稳定复购用户
1016542,2,2017-11-28,2,5,稳定复购用户
1016554,3,2017-11-29,3,4,高频多品类用户
1016559,2,2017-12-01,2,2,稳定复购用户
1016560,1,2017-12-01,1,2,低频沉睡用户
1016562,2,2017-11-30,2,3,稳定复购用户
1016568,1,2017-11-29,1,4,低频沉睡用户
1016572,1,2017-11-26,1,7,低频沉睡用户
1016576,2,2017-12-02,2,1,稳定复购用户
1016579,1,2017-12-02,1,1,新购买用户
1016582,6,2017-12-03,5,0,高频多品类用户
1016605,2,2017-11-26,2,7,稳定复购用户
1016606,1,2017-11-29,1,4,低频沉睡用户
1016622,7,2017-12-03,6,0,高频多品类用户
1016639,6,2017-12-03,6,0,高频多品类用户
1016645,1,2017-11-28,1,5,低频沉睡用户
1016651,3,2017-12-03,3,0,高频多品类用户
1016653,1,2017-12-03,1,0,新购买用户
1016659,2,2017-11-28,2,5,稳定复购用户
1016670,2,2017-12-01,2,2,稳定复购用户
1016682,6,2017-12-02,5,1,高频多品类用户
1016689,2,2017-11-25,1,8,稳定复购用户
1016696,2,2017-12-02,2,1,稳定复购用户
1016700,3,2017-12-01,2,2,高频多品类用户
1016710,3,2017-11-25,3,8,高频多品类用户
1016711,3,2017-12-02,3,1,高频多品类用户
1016716,4,2017-12-03,3,0,高频多品类用户
1016717,1,2017-11-27,1,6,低频沉睡用户
1016721,1,2017-12-02,1,1,新购买用户
1016731,1,2017-11-27,1,6,低频沉睡用户
1016732,2,2017-12-03,2,0,稳定复购用户
1016733,1,2017-11-27,1,6,低频沉睡用户
1016741,4,2017-12-02,4,1,高频多品类用户
1016743,1,2017-11-30,1,3,低频沉睡用户
1016747,6,2017-12-03,6,0,高频多品类用户
1016759,2,2017-11-29,2,4,稳定复购用户
1016774,5,2017-12-03,5,0,高频多品类用户
1016783,2,2017-11-27,2,6,稳定复购用户
1016784,2,2017-11-30,2,3,稳定复购用户
1016792,6,2017-12-03,5,0,高频多品类用户
1016799,2,2017-12-01,2,2,稳定复购用户
1016803,3,2017-11-29,3,4,高频多品类用户
1016808,2,2017-11-29,2,4,稳定复购用户
1016810,2,2017-11-28,1,5,稳定复购用户
1016832,2,2017-12-02,1,1,稳定复购用户
1016838,6,2017-12-02,6,1,高频多品类用户
1016855,1,2017-11-28,1,5,低频沉睡用户
1016872,1,2017-12-03,1,0,新购买用户
1016878,1,2017-11-27,1,6,低频沉睡用户
1016893,1,2017-11-30,1,3,低频沉睡用户
1016912,23,2017-11-29,12,4,高频多品类用户
1016916,1,2017-11-26,1,7,低频沉睡用户
1016919,1,2017-12-01,1,2,低频沉睡用户
1016924,2,2017-12-03,2,0,稳定复购用户
1016928,2,2017-12-03,2,0,稳定复购用户
1016929,1,2017-11-29,1,4,低频沉睡用户
1016939,3,2017-12-01,2,2,高频多品类用户
1016950,2,2017-12-03,2,0,稳定复购用户
1016965,2,2017-11-30,2,3,稳定复购用户
1016970,1,2017-12-01,1,2,低频沉睡用户
1016977,8,2017-12-03,6,0,高频多品类用户
1016990,2,2017-11-25,1,8,稳定复购用户
1016997,1,2017-11-28,1,5,低频沉睡用户
1016998,4,2017-12-02,3,1,高频多品类用户
1017001,3,2017-12-03,3,0,高频多品类用户
1017005,3,2017-11-29,3,4,高频多品类用户
1017022,1,2017-11-28,1,5,低频沉睡用户
1017023,3,2017-12-03,3,0,高频多品类用户
1017027,10,2017-11-29,8,4,高频多品类用户
1017030,8,2017-12-01,8,2,高频多品类用户
1017032,3,2017-11-30,3,3,高频多品类用户
1017034,2,2017-12-03,2,0,稳定复购用户
1017035,3,2017-12-01,3,2,高频多品类用户
1017036,4,2017-12-02,4,1,高频多品类用户
1017046,1,2017-11-26,1,7,低频沉睡用户
1017055,6,2017-12-03,6,0,高频多品类用户
1017058,6,2017-12-02,6,1,高频多品类用户
1017075,1,2017-11-29,1,4,低频沉睡用户
1017085,3,2017-12-01,3,2,高频多品类用户
1017100,1,2017-12-03,1,0,新购买用户
1017105,10,2017-12-01,8,2,高频多品类用户
1017107,1,2017-12-03,1,0,新购买用户
1017110,3,2017-11-30,3,3,高频多品类用户
1017116,1,2017-12-03,1,0,新购买用户
1017117,6,2017-12-02,5,1,高频多品类用户
1017130,2,2017-11-26,2,7,稳定复购用户
1017135,2,2017-11-30,2,3,稳定复购用户
1017141,3,2017-12-03,3,0,高频多品类用户
1017143,3,2017-11-28,2,5,高频多品类用户
1017170,3,2017-12-02,3,1,高频多品类用户
1017209,3,2017-11-27,3,6,高频多品类用户
1017234,2,2017-11-30,2,3,稳定复购用户
1017244,1,2017-11-28,1,5,低频沉睡用户
1017269,3,2017-12-02,3,1,高频多品类用户
1017277,2,2017-11-30,2,3,稳定复购用户
1017284,3,2017-11-30,3,3,高频多品类用户
1017304,2,2017-11-27,2,6,稳定复购用户
1017315,1,2017-11-27,1,6,低频沉睡用户
1017318,3,2017-12-03,3,0,高频多品类用户
1017334,6,2017-12-03,5,0,高频多品类用户
1017353,2,2017-12-03,2,0,稳定复购用户
1017355,2,2017-12-03,2,0,稳定复购用户
1017362,1,2017-11-28,1,5,低频沉睡用户
1017364,2,2017-12-02,2,1,稳定复购用户
1017368,1,2017-12-02,1,1,新购买用户
1017378,3,2017-12-02,3,1,高频多品类用户
1017379,4,2017-12-02,4,1,高频多品类用户
1017392,4,2017-12-02,3,1,高频多品类用户
1017407,5,2017-12-02,5,1,高频多品类用户
1017417,1,2017-12-02,1,1,新购买用户
1017427,1,2017-12-02,1,1,新购买用户
1017432,3,2017-11-28,2,5,高频多品类用户
1017453,1,2017-12-03,1,0,新购买用户
1017456,4,2017-12-02,4,1,高频多品类用户
1017463,1,2017-11-27,1,6,低频沉睡用户
1017469,1,2017-12-02,1,1,新购买用户
1017484,1,2017-12-03,1,0,新购买用户
1017506,1,2017-11-28,1,5,低频沉睡用户
1017508,1,2017-11-29,1,4,低频沉睡用户
1017509,4,2017-12-03,4,0,高频多品类用户
1017511,1,2017-12-01,1,2,低频沉睡用户
1017515,3,2017-12-03,1,0,稳定复购用户
1017522,1,2017-11-29,1,4,低频沉睡用户
1017525,1,2017-12-03,1,0,新购买用户
1017526,2,2017-12-02,2,1,稳定复购用户
1017527,5,2017-12-03,4,0,高频多品类用户
1017543,7,2017-12-03,7,0,高频多品类用户
1017546,3,2017-11-27,2,6,高频多品类用户
1017557,2,2017-12-03,2,0,稳定复购用户
1017562,1,2017-12-02,1,1,新购买用户
1017567,6,2017-12-03,5,0,高频多品类用户
1017574,1,2017-11-29,1,4,低频沉睡用户
1017575,2,2017-11-30,2,3,稳定复购用户
1017579,3,2017-11-29,3,4,高频多品类用户
1017580,3,2017-12-03,2,0,高频多品类用户
1017582,2,2017-11-30,2,3,稳定复购用户
1017585,2,2017-11-29,2,4,稳定复购用户
1017598,3,2017-12-03,3,0,高频多品类用户
1017610,1,2017-11-29,1,4,低频沉睡用户
1017612,2,2017-11-30,2,3,稳定复购用户
1017613,2,2017-11-30,2,3,稳定复购用户
1017615,2,2017-11-30,2,3,稳定复购用户
1017619,3,2017-11-30,3,3,高频多品类用户
1017621,3,2017-11-28,2,5,高频多品类用户
1017625,4,2017-11-30,4,3,高频多品类用户
1017627,6,2017-12-03,5,0,高频多品类用户
1017633,3,2017-12-01,3,2,高频多品类用户
1017649,5,2017-12-03,3,0,高频多品类用户
1017666,4,2017-12-03,4,0,高频多品类用户
1017670,4,2017-12-02,3,1,高频多品类用户
1017674,1,2017-11-28,1,5,低频沉睡用户
1017678,3,2017-11-29,3,4,高频多品类用户
1017679,2,2017-12-03,2,0,稳定复购用户
1017696,2,2017-11-26,2,7,稳定复购用户
1017719,6,2017-11-30,5,3,高频多品类用户
1017723,1,2017-11-25,1,8,低频沉睡用户
1017725,1,2017-12-03,1,0,新购买用户
1017730,2,2017-12-01,2,2,稳定复购用户
1017734,3,2017-11-28,3,5,高频多品类用户
1017762,4,2017-11-27,4,6,高频多品类用户
1017770,5,2017-11-28,5,5,高频多品类用户
1017772,1,2017-11-29,1,4,低频沉睡用户
1017773,2,2017-12-02,2,1,稳定复购用户
1017780,2,2017-11-26,2,7,稳定复购用户
1017785,10,2017-12-03,10,0,高频多品类用户
1017806,1,2017-11-28,1,5,低频沉睡用户
1017814,1,2017-12-03,1,0,新购买用户
1017822,8,2017-12-01,7,2,高频多品类用户
1017839,2,2017-11-29,2,4,稳定复购用户
1017850,3,2017-12-02,3,1,高频多品类用户
1017860,5,2017-12-03,5,0,高频多品类用户
1017869,4,2017-12-03,4,0,高频多品类用户
1017877,1,2017-11-28,1,5,低频沉睡用户
1017890,1,2017-11-26,1,7,低频沉睡用户
1017894,1,2017-12-03,1,0,新购买用户
1017902,14,2017-12-03,11,0,高频多品类用户
1017904,1,2017-11-29,1,4,低频沉睡用户
1017905,8,2017-12-03,7,0,高频多品类用户
1017910,1,2017-11-26,1,7,低频沉睡用户
1017915,4,2017-11-30,3,3,高频多品类用户
1017918,1,2017-11-29,1,4,低频沉睡用户
1017927,2,2017-12-02,2,1,稳定复购用户
1017937,4,2017-12-03,3,0,高频多品类用户
1017938,5,2017-12-02,5,1,高频多品类用户
1017958,2,2017-12-03,2,0,稳定复购用户
1017960,3,2017-12-03,3,0,高频多品类用户
1017965,1,2017-11-27,1,6,低频沉睡用户
1017972,4,2017-11-29,4,4,高频多品类用户
1017997,2,2017-11-30,2,3,稳定复购用户
1018011,1,2017-11-26,1,7,低频沉睡用户
